-- phpMyAdmin SQL Dump
-- version 5.1.1
-- https://www.phpmyadmin.net/
--
-- Host: 127.0.0.1:3306
-- Generation Time: 02 مارس 2024 الساعة 17:51
-- إصدار الخادم: 10.11.7-MariaDB-cll-lve
-- PHP Version: 7.2.34

SET SQL_MODE = "NO_AUTO_VALUE_ON_ZERO";
START TRANSACTION;
SET time_zone = "+00:00";


/*!40101 SET @OLD_CHARACTER_SET_CLIENT=@@CHARACTER_SET_CLIENT */;
/*!40101 SET @OLD_CHARACTER_SET_RESULTS=@@CHARACTER_SET_RESULTS */;
/*!40101 SET @OLD_COLLATION_CONNECTION=@@COLLATION_CONNECTION */;
/*!40101 SET NAMES utf8mb4 */;

--
-- Database: `u302914729_evix`
--

-- --------------------------------------------------------

--
-- بنية الجدول `accounting_guides`
--

CREATE TABLE `accounting_guides` (
  `id` int(11) NOT NULL,
  `AccountID` varchar(255) NOT NULL,
  `AccountName` varchar(255) NOT NULL,
  `type` varchar(255) NOT NULL,
  `Account_Source` varchar(255) NOT NULL,
  `maxAccount` int(12) NOT NULL,
  `minAccount` int(12) NOT NULL,
  `AccountNameEn` varchar(255) NOT NULL,
  `Account_status` int(12) NOT NULL,
  `SourceID` varchar(255) NOT NULL,
  `typeProcsss` int(12) NOT NULL,
  `orgID` int(11) NOT NULL
) ENGINE=InnoDB DEFAULT CHARSET=utf8mb4 COLLATE=utf8mb4_general_ci;

--
-- إرجاع أو استيراد بيانات الجدول `accounting_guides`
--

INSERT INTO `accounting_guides` (`id`, `AccountID`, `AccountName`, `type`, `Account_Source`, `maxAccount`, `minAccount`, `AccountNameEn`, `Account_status`, `SourceID`, `typeProcsss`, `orgID`) VALUES
(1, '1', 'الاصول', 'الميزانية العمومية', '0', 0, 0, 'الاصول', 0, '0', 0, 1),
(2, '2', 'الخصوم', 'الميزانية العمومية', '0', 0, 0, 'الخصوم', 0, '0', 1, 1),
(3, '3', '  حقوق الملكية', 'الميزانية العمومية', '0', 0, 0, '  حقوق الملكية', 0, '0', 1, 1),
(4, '4', 'الايرادات', 'الميزانية العمومية', '0', 0, 0, 'الايرادات', 0, '0', 1, 1),
(5, '5', 'المصروفات', 'الميزانية العمومية', '0', 0, 0, 'المصروفات', 0, '0', 0, 1),
(6, '11', ' الاصول الثابتة', 'الاصول', '0', 0, 0, ' الاصول الثابتة', 0, '1', 0, 1),
(7, '12', ' الاصول المتداولة', 'الاصول', '0', 0, 0, ' الاصول المتداولة', 0, '1', 0, 1),
(8, '111', 'الاجهزة والمعدات', 'الاصول الثابتة', '0', 0, 0, 'الاجهزة والمعدات', 0, '11', 0, 1),
(9, '112', 'وسائل النقل', 'الاصول الثابتة', '0', 0, 0, 'وسائل النقل', 0, '11', 0, 1),
(10, '121', 'الصندوق', 'الاصول المتداولة', '0', 0, 0, 'الصندوق', 0, '12', 0, 1),
(11, '122', 'البنك', 'الاصول المتداولة', '0', 0, 0, 'البنك', 0, '12', 0, 1),
(12, '123', 'عهد الموظفين', 'الاصول المتداولة', '0', 0, 0, 'عهد الموظفين', 0, '12', 0, 1),
(13, '124', 'العملاء', 'الاصول المتداولة', '0', 0, 0, 'العملاء', 0, '12', 0, 1),
(14, '125', 'المخزن', 'الاصول المتداولة', '0', 0, 0, 'المخزن', 0, '12', 0, 1),
(15, '126', 'مصروفات مدفوعة مقدما', 'الاصول المتداولة', '0', 0, 0, 'مصروفات مدفوعة مقدما', 0, '12', 0, 1),
(16, '122001', 'بنك افتراضي', ' البنك', '0', 0, 0, 'بنك افتراضي', 1, '122', 0, 1),
(17, '121001', 'صندوق افتراضي', ' الصندوق', '0', 0, 0, 'صندوق افتراضي', 1, '121', 0, 1),
(18, '125001', 'المستودع الرئيسي ', ' المخزن', '0', 0, 0, 'المستودع الرئيسي ', 1, '125', 0, 1),
(19, '21', 'خصوم متداولة', 'خصوم', '0', 0, 0, 'خصوم متداولة', 0, '2', 1, 1),
(20, '22', 'خصوم صويلة الاجل', 'خصوم', '0', 0, 0, 'خصوم صويلة الاجل', 0, '2', 1, 1),
(21, '221', 'الموردين ', 'خصوم متداولة', '0', 0, 0, 'الموردين ', 0, '21', 1, 1),
(22, '222', 'اواق الدفع ', 'خصوم متداولة', '0', 0, 0, 'اواق الدفع ', 0, '21', 1, 1),
(23, '223', ' قروض قصيرة لاجل ', 'خصوم متداولة', '0', 0, 0, ' قروض قصيرة لاجل ', 0, '21', 1, 1),
(24, '31', 'راس المال', 'راس المال وحقوق الملكية', '0', 0, 0, 'راس المال', 0, '3', 1, 1),
(25, '32', 'ارباح السنة الجارية', 'راس المال وحقوق الملكية', '0', 0, 0, 'ارباح السنة الجارية', 0, '3', 1, 1),
(26, '34', ' حساب مال الشريك', 'راس المال وحقوق الملكية', '0', 0, 0, ' حساب مال الشريك', 0, '3', 1, 1),
(27, '41', ' ايرادات مبيعات', 'الايرادات', '0', 0, 0, ' ايرادات مبيعات', 0, '4', 1, 1),
(28, '42', 'ايرادات اخرى', 'الايرادات', '0', 0, 0, 'ايرادات اخرى', 0, '4', 1, 1),
(29, '43', ' اربح وخسائر', 'الايرادات', '0', 0, 0, ' اربح وخسائر', 0, '4', 1, 1),
(30, '411', 'مبيعات', 'مبيعات الايرادات', '0', 0, 0, 'مبيعات', 0, '41', 1, 1),
(31, '412', 'مرتجع مبيعات', 'مبيعات الايرادات', '0', 0, 0, 'مرتجع مبيعات', 0, '41', 1, 1),
(32, '421', ' ايرادات ايجار', 'ايرادات اخرى', '0', 0, 0, ' ايرادات ايجار', 0, '42', 1, 1),
(33, '422', ' ايرادات استثمار', 'ايرادات اخرى', '0', 0, 0, ' ايرادات استثمار', 0, '42', 1, 1),
(34, '51', 'تكلفة مبيعات ', 'مصروفات', '0', 0, 0, 'تكلفة مبيعات ', 0, '5', 0, 1),
(35, '52', 'مصروفات اداره', 'مصروفات', '0', 0, 0, 'مصروفات اداره', 0, '5', 0, 1),
(36, '53', 'مصروفات اهلاك', 'مصروفات', '0', 0, 0, 'مصروفات اهلاك', 0, '5', 0, 1),
(37, '54', 'مصروفات اخرى', 'مصروفات', '0', 0, 0, 'مصروفات اخرى', 0, '5', 0, 1),
(38, '511', ' مشتريات ', 'تكلفة مبيعات ', '0', 0, 0, ' مشتريات ', 0, '51', 0, 1),
(39, '512', 'مرتجع مشتريات ', 'تكلفة مبيعات ', '0', 0, 0, 'مرتجع مشتريات ', 0, '51', 0, 1),
(40, '1', 'الاصول', 'الميزانية العمومية', '0', 0, 0, 'الاصول', 0, '0', 0, 2),
(41, '2', 'الخصوم', 'الميزانية العمومية', '0', 0, 0, 'الخصوم', 0, '0', 1, 2),
(42, '3', '  حقوق الملكية', 'الميزانية العمومية', '0', 0, 0, '  حقوق الملكية', 0, '0', 1, 2),
(43, '4', 'الايرادات', 'الميزانية العمومية', '0', 0, 0, 'الايرادات', 0, '0', 1, 2),
(44, '5', 'المصروفات', 'الميزانية العمومية', '0', 0, 0, 'المصروفات', 0, '0', 0, 2),
(45, '11', ' الاصول الثابتة', 'الاصول', '0', 0, 0, ' الاصول الثابتة', 0, '1', 0, 2),
(46, '12', ' الاصول المتداولة', 'الاصول', '0', 0, 0, ' الاصول المتداولة', 0, '1', 0, 2),
(47, '111', 'الاجهزة والمعدات', 'الاصول الثابتة', '0', 0, 0, 'الاجهزة والمعدات', 0, '11', 0, 2),
(48, '112', 'وسائل النقل', 'الاصول الثابتة', '0', 0, 0, 'وسائل النقل', 0, '11', 0, 2),
(49, '121', 'الصندوق', 'الاصول المتداولة', '0', 0, 0, 'الصندوق', 0, '12', 0, 2),
(50, '122', 'البنك', 'الاصول المتداولة', '0', 0, 0, 'البنك', 0, '12', 0, 2),
(51, '123', 'عهد الموظفين', 'الاصول المتداولة', '0', 0, 0, 'عهد الموظفين', 0, '12', 0, 2),
(52, '124', 'العملاء', 'الاصول المتداولة', '0', 0, 0, 'العملاء', 0, '12', 0, 2),
(53, '125', 'المخزن', 'الاصول المتداولة', '0', 0, 0, 'المخزن', 0, '12', 0, 2),
(54, '126', 'مصروفات مدفوعة مقدما', 'الاصول المتداولة', '0', 0, 0, 'مصروفات مدفوعة مقدما', 0, '12', 0, 2),
(55, '122001', 'بنك افتراضي', ' البنك', '0', 0, 0, 'بنك افتراضي', 1, '122', 0, 2),
(56, '121001', 'صندوق افتراضي', ' الصندوق', '0', 0, 0, 'صندوق افتراضي', 1, '121', 0, 2),
(57, '125001', 'المستودع الرئيسي ', ' المخزن', '0', 0, 0, 'المستودع الرئيسي ', 1, '125', 0, 2),
(58, '21', 'خصوم متداولة', 'خصوم', '0', 0, 0, 'خصوم متداولة', 0, '2', 1, 2),
(59, '22', 'خصوم صويلة الاجل', 'خصوم', '0', 0, 0, 'خصوم صويلة الاجل', 0, '2', 1, 2),
(60, '221', 'الموردين ', 'خصوم متداولة', '0', 0, 0, 'الموردين ', 0, '21', 1, 2),
(61, '222', 'اواق الدفع ', 'خصوم متداولة', '0', 0, 0, 'اواق الدفع ', 0, '21', 1, 2),
(62, '223', ' قروض قصيرة لاجل ', 'خصوم متداولة', '0', 0, 0, ' قروض قصيرة لاجل ', 0, '21', 1, 2),
(63, '31', 'راس المال', 'راس المال وحقوق الملكية', '0', 0, 0, 'راس المال', 0, '3', 1, 2),
(64, '32', 'ارباح السنة الجارية', 'راس المال وحقوق الملكية', '0', 0, 0, 'ارباح السنة الجارية', 0, '3', 1, 2),
(65, '34', ' حساب مال الشريك', 'راس المال وحقوق الملكية', '0', 0, 0, ' حساب مال الشريك', 0, '3', 1, 2),
(66, '41', ' ايرادات مبيعات', 'الايرادات', '0', 0, 0, ' ايرادات مبيعات', 0, '4', 1, 2),
(67, '42', 'ايرادات اخرى', 'الايرادات', '0', 0, 0, 'ايرادات اخرى', 0, '4', 1, 2),
(68, '43', ' اربح وخسائر', 'الايرادات', '0', 0, 0, ' اربح وخسائر', 0, '4', 1, 2),
(69, '411', 'مبيعات', 'مبيعات الايرادات', '0', 0, 0, 'مبيعات', 0, '41', 1, 2),
(70, '412', 'مرتجع مبيعات', 'مبيعات الايرادات', '0', 0, 0, 'مرتجع مبيعات', 0, '41', 1, 2),
(71, '421', ' ايرادات ايجار', 'ايرادات اخرى', '0', 0, 0, ' ايرادات ايجار', 0, '42', 1, 2),
(72, '422', ' ايرادات استثمار', 'ايرادات اخرى', '0', 0, 0, ' ايرادات استثمار', 0, '42', 1, 2),
(73, '51', 'تكلفة مبيعات ', 'مصروفات', '0', 0, 0, 'تكلفة مبيعات ', 0, '5', 0, 2),
(74, '52', 'مصروفات اداره', 'مصروفات', '0', 0, 0, 'مصروفات اداره', 0, '5', 0, 2),
(75, '53', 'مصروفات اهلاك', 'مصروفات', '0', 0, 0, 'مصروفات اهلاك', 0, '5', 0, 2),
(76, '54', 'مصروفات اخرى', 'مصروفات', '0', 0, 0, 'مصروفات اخرى', 0, '5', 0, 2),
(77, '511', ' مشتريات ', 'تكلفة مبيعات ', '0', 0, 0, ' مشتريات ', 0, '51', 0, 2),
(78, '512', 'مرتجع مشتريات ', 'تكلفة مبيعات ', '0', 0, 0, 'مرتجع مشتريات ', 0, '51', 0, 2),
(79, '1', 'الاصول', 'الميزانية العمومية', '0', 0, 0, 'الاصول', 0, '0', 0, 3),
(80, '2', 'الخصوم', 'الميزانية العمومية', '0', 0, 0, 'الخصوم', 0, '0', 1, 3),
(81, '3', '  حقوق الملكية', 'الميزانية العمومية', '0', 0, 0, '  حقوق الملكية', 0, '0', 1, 3),
(82, '4', 'الايرادات', 'الميزانية العمومية', '0', 0, 0, 'الايرادات', 0, '0', 1, 3),
(83, '5', 'المصروفات', 'الميزانية العمومية', '0', 0, 0, 'المصروفات', 0, '0', 0, 3),
(84, '11', ' الاصول الثابتة', 'الاصول', '0', 0, 0, ' الاصول الثابتة', 0, '1', 0, 3),
(85, '12', ' الاصول المتداولة', 'الاصول', '0', 0, 0, ' الاصول المتداولة', 0, '1', 0, 3),
(86, '111', 'الاجهزة والمعدات', 'الاصول الثابتة', '0', 0, 0, 'الاجهزة والمعدات', 0, '11', 0, 3),
(87, '112', 'وسائل النقل', 'الاصول الثابتة', '0', 0, 0, 'وسائل النقل', 0, '11', 0, 3),
(88, '121', 'الصندوق', 'الاصول المتداولة', '0', 0, 0, 'الصندوق', 0, '12', 0, 3),
(89, '122', 'البنك', 'الاصول المتداولة', '0', 0, 0, 'البنك', 0, '12', 0, 3),
(90, '123', 'عهد الموظفين', 'الاصول المتداولة', '0', 0, 0, 'عهد الموظفين', 0, '12', 0, 3),
(91, '124', 'العملاء', 'الاصول المتداولة', '0', 0, 0, 'العملاء', 0, '12', 0, 3),
(92, '125', 'المخزن', 'الاصول المتداولة', '0', 0, 0, 'المخزن', 0, '12', 0, 3),
(93, '126', 'مصروفات مدفوعة مقدما', 'الاصول المتداولة', '0', 0, 0, 'مصروفات مدفوعة مقدما', 0, '12', 0, 3),
(94, '122001', 'بنك افتراضي', ' البنك', '0', 0, 0, 'بنك افتراضي', 1, '122', 0, 3),
(95, '121001', 'صندوق افتراضي', ' الصندوق', '0', 0, 0, 'صندوق افتراضي', 1, '121', 0, 3),
(96, '125001', 'المستودع الرئيسي ', ' المخزن', '0', 0, 0, 'المستودع الرئيسي ', 1, '125', 0, 3),
(97, '21', 'خصوم متداولة', 'خصوم', '0', 0, 0, 'خصوم متداولة', 0, '2', 1, 3),
(98, '22', 'خصوم صويلة الاجل', 'خصوم', '0', 0, 0, 'خصوم صويلة الاجل', 0, '2', 1, 3),
(99, '221', 'الموردين ', 'خصوم متداولة', '0', 0, 0, 'الموردين ', 0, '21', 1, 3),
(100, '222', 'اواق الدفع ', 'خصوم متداولة', '0', 0, 0, 'اواق الدفع ', 0, '21', 1, 3),
(101, '223', ' قروض قصيرة لاجل ', 'خصوم متداولة', '0', 0, 0, ' قروض قصيرة لاجل ', 0, '21', 1, 3),
(102, '31', 'راس المال', 'راس المال وحقوق الملكية', '0', 0, 0, 'راس المال', 0, '3', 1, 3),
(103, '32', 'ارباح السنة الجارية', 'راس المال وحقوق الملكية', '0', 0, 0, 'ارباح السنة الجارية', 0, '3', 1, 3),
(104, '34', ' حساب مال الشريك', 'راس المال وحقوق الملكية', '0', 0, 0, ' حساب مال الشريك', 0, '3', 1, 3),
(105, '41', ' ايرادات مبيعات', 'الايرادات', '0', 0, 0, ' ايرادات مبيعات', 0, '4', 1, 3),
(106, '42', 'ايرادات اخرى', 'الايرادات', '0', 0, 0, 'ايرادات اخرى', 0, '4', 1, 3),
(107, '43', ' اربح وخسائر', 'الايرادات', '0', 0, 0, ' اربح وخسائر', 0, '4', 1, 3),
(108, '411', 'مبيعات', 'مبيعات الايرادات', '0', 0, 0, 'مبيعات', 0, '41', 1, 3),
(109, '412', 'مرتجع مبيعات', 'مبيعات الايرادات', '0', 0, 0, 'مرتجع مبيعات', 0, '41', 1, 3),
(110, '421', ' ايرادات ايجار', 'ايرادات اخرى', '0', 0, 0, ' ايرادات ايجار', 0, '42', 1, 3),
(111, '422', ' ايرادات استثمار', 'ايرادات اخرى', '0', 0, 0, ' ايرادات استثمار', 0, '42', 1, 3),
(112, '51', 'تكلفة مبيعات ', 'مصروفات', '0', 0, 0, 'تكلفة مبيعات ', 0, '5', 0, 3),
(113, '52', 'مصروفات اداره', 'مصروفات', '0', 0, 0, 'مصروفات اداره', 0, '5', 0, 3),
(114, '53', 'مصروفات اهلاك', 'مصروفات', '0', 0, 0, 'مصروفات اهلاك', 0, '5', 0, 3),
(115, '54', 'مصروفات اخرى', 'مصروفات', '0', 0, 0, 'مصروفات اخرى', 0, '5', 0, 3),
(116, '511', ' مشتريات ', 'تكلفة مبيعات ', '0', 0, 0, ' مشتريات ', 0, '51', 0, 3),
(117, '512', 'مرتجع مشتريات ', 'تكلفة مبيعات ', '0', 0, 0, 'مرتجع مشتريات ', 0, '51', 0, 3),
(118, '221001', 'نورا', 'الموردين ', '1', 0, 0, 'نورا', 1, '221', 1, 2),
(119, '124001', 'نورا عميلة', 'العملاء', '1', 0, 0, 'نورا عميلة', 1, '124', 0, 2),
(120, '1', 'الاصول', 'الميزانية العمومية', '0', 0, 0, 'الاصول', 0, '0', 0, 4),
(121, '2', 'الخصوم', 'الميزانية العمومية', '0', 0, 0, 'الخصوم', 0, '0', 1, 4),
(122, '3', '  حقوق الملكية', 'الميزانية العمومية', '0', 0, 0, '  حقوق الملكية', 0, '0', 1, 4),
(123, '4', 'الايرادات', 'الميزانية العمومية', '0', 0, 0, 'الايرادات', 0, '0', 1, 4),
(124, '5', 'المصروفات', 'الميزانية العمومية', '0', 0, 0, 'المصروفات', 0, '0', 0, 4),
(125, '11', ' الاصول الثابتة', 'الاصول', '0', 0, 0, ' الاصول الثابتة', 0, '1', 0, 4),
(126, '12', ' الاصول المتداولة', 'الاصول', '0', 0, 0, ' الاصول المتداولة', 0, '1', 0, 4),
(127, '111', 'الاجهزة والمعدات', 'الاصول الثابتة', '0', 0, 0, 'الاجهزة والمعدات', 0, '11', 0, 4),
(128, '112', 'وسائل النقل', 'الاصول الثابتة', '0', 0, 0, 'وسائل النقل', 0, '11', 0, 4),
(129, '121', 'الصندوق', 'الاصول المتداولة', '0', 0, 0, 'الصندوق', 0, '12', 0, 4),
(130, '122', 'البنك', 'الاصول المتداولة', '0', 0, 0, 'البنك', 0, '12', 0, 4),
(131, '123', 'عهد الموظفين', 'الاصول المتداولة', '0', 0, 0, 'عهد الموظفين', 0, '12', 0, 4),
(132, '124', 'العملاء', 'الاصول المتداولة', '0', 0, 0, 'العملاء', 0, '12', 0, 4),
(133, '125', 'المخزن', 'الاصول المتداولة', '0', 0, 0, 'المخزن', 0, '12', 0, 4),
(134, '126', 'مصروفات مدفوعة مقدما', 'الاصول المتداولة', '0', 0, 0, 'مصروفات مدفوعة مقدما', 0, '12', 0, 4),
(135, '122001', 'بنك افتراضي', ' البنك', '0', 0, 0, 'بنك افتراضي', 1, '122', 0, 4),
(136, '121001', 'صندوق افتراضي', ' الصندوق', '0', 0, 0, 'صندوق افتراضي', 1, '121', 0, 4),
(137, '125001', 'المستودع الرئيسي ', ' المخزن', '0', 0, 0, 'المستودع الرئيسي ', 1, '125', 0, 4),
(138, '21', 'خصوم متداولة', 'خصوم', '0', 0, 0, 'خصوم متداولة', 0, '2', 1, 4),
(139, '22', 'خصوم صويلة الاجل', 'خصوم', '0', 0, 0, 'خصوم صويلة الاجل', 0, '2', 1, 4),
(140, '221', 'الموردين ', 'خصوم متداولة', '0', 0, 0, 'الموردين ', 0, '21', 1, 4),
(141, '222', 'اواق الدفع ', 'خصوم متداولة', '0', 0, 0, 'اواق الدفع ', 0, '21', 1, 4),
(142, '223', ' قروض قصيرة لاجل ', 'خصوم متداولة', '0', 0, 0, ' قروض قصيرة لاجل ', 0, '21', 1, 4),
(143, '31', 'راس المال', 'راس المال وحقوق الملكية', '0', 0, 0, 'راس المال', 0, '3', 1, 4),
(144, '32', 'ارباح السنة الجارية', 'راس المال وحقوق الملكية', '0', 0, 0, 'ارباح السنة الجارية', 0, '3', 1, 4),
(145, '34', ' حساب مال الشريك', 'راس المال وحقوق الملكية', '0', 0, 0, ' حساب مال الشريك', 0, '3', 1, 4),
(146, '41', ' ايرادات مبيعات', 'الايرادات', '0', 0, 0, ' ايرادات مبيعات', 0, '4', 1, 4),
(147, '42', 'ايرادات اخرى', 'الايرادات', '0', 0, 0, 'ايرادات اخرى', 0, '4', 1, 4),
(148, '43', ' اربح وخسائر', 'الايرادات', '0', 0, 0, ' اربح وخسائر', 0, '4', 1, 4),
(149, '411', 'مبيعات', 'مبيعات الايرادات', '0', 0, 0, 'مبيعات', 0, '41', 1, 4),
(150, '412', 'مرتجع مبيعات', 'مبيعات الايرادات', '0', 0, 0, 'مرتجع مبيعات', 0, '41', 1, 4),
(151, '421', ' ايرادات ايجار', 'ايرادات اخرى', '0', 0, 0, ' ايرادات ايجار', 0, '42', 1, 4),
(152, '422', ' ايرادات استثمار', 'ايرادات اخرى', '0', 0, 0, ' ايرادات استثمار', 0, '42', 1, 4),
(153, '51', 'تكلفة مبيعات ', 'مصروفات', '0', 0, 0, 'تكلفة مبيعات ', 0, '5', 0, 4),
(154, '52', 'مصروفات اداره', 'مصروفات', '0', 0, 0, 'مصروفات اداره', 0, '5', 0, 4),
(155, '53', 'مصروفات اهلاك', 'مصروفات', '0', 0, 0, 'مصروفات اهلاك', 0, '5', 0, 4),
(156, '54', 'مصروفات اخرى', 'مصروفات', '0', 0, 0, 'مصروفات اخرى', 0, '5', 0, 4),
(157, '511', ' مشتريات ', 'تكلفة مبيعات ', '0', 0, 0, ' مشتريات ', 0, '51', 0, 4),
(158, '512', 'مرتجع مشتريات ', 'تكلفة مبيعات ', '0', 0, 0, 'مرتجع مشتريات ', 0, '51', 0, 4),
(159, '125002', 'مستودع فرع السويدي', 'المخزن', '0', 0, 0, 'مستودع فرع السويدي', 1, '125', 0, 2),
(160, '125003', 'المستودع الرئيسي 2', 'المخزن', '0', 0, 0, 'المستودع الرئيسي 2', 1, '125', 0, 2),
(161, '125004', 'مستودع فرع السويدي 2', 'المخزن', '0', 0, 0, 'مستودع فرع السويدي 2', 1, '125', 0, 2),
(162, '125002', 'مستودع الطائف', 'المخزن', '0', 0, 0, 'مستودع الطائف', 1, '125', 0, 1),
(163, '125003', 'مستودع الدمام', 'المخزن', '0', 0, 0, 'مستودع الدمام', 1, '125', 0, 1),
(164, '221002', 'مورد1', 'الموردين ', '1', 0, 0, 'مورد1', 1, '221', 1, 2),
(165, '221003', 'مورد1', 'الموردين ', '1', 0, 0, 'مورد1', 1, '221', 1, 2),
(166, '221004', 'مورد2', 'الموردين ', '1', 0, 0, 'مورد2', 1, '221', 1, 2),
(167, '124001', 'ff', 'العملاء', '1', 0, 0, 'العملاء', 1, '124', 0, 1),
(168, '124002', 'عميل افتراضي ', 'العملاء', '1', 0, 0, 'العملاء', 1, '124', 0, 2),
(169, '122002', 'بنك الاهلي', 'البنك', '0', 0, 0, 'bank', 1, '122', 0, 2),
(170, '121002', 'صندوق 2', 'الصندوق', '0', 0, 0, 'صندوق 2', 1, '121', 0, 2),
(171, '52001', 'كهرباء', 'مصروفات اداره', '0', 0, 0, 'كهرباء', 1, '52', 0, 2),
(172, '52002', 'ايجار', 'مصروفات اداره', '0', 0, 0, 'ايجار', 1, '52', 0, 2),
(173, '53001', 'اهلاك مباني', 'مصروفات اهلاك', '0', 0, 0, 'اهلاك مباني', 1, '53', 0, 2),
(174, '121003', 'س', 'الصندوق', '0', 0, 0, 'س', 1, '121', 0, 2),
(175, '1', 'الاصول', 'الميزانية العمومية', '0', 0, 0, 'Assets', 0, '0', 0, 5),
(176, '2', 'الخصوم', 'الميزانية العمومية', '0', 0, 0, 'Liabilities', 0, '0', 1, 5),
(177, '3', '  حقوق الملكية', 'الميزانية العمومية', '0', 0, 0, 'Property Rights', 0, '0', 1, 5),
(178, '4', 'الايرادات', 'الميزانية العمومية', '0', 0, 0, 'Revenues', 0, '0', 1, 5),
(179, '5', 'المصروفات', 'الميزانية العمومية', '0', 0, 0, 'Expenses', 0, '0', 0, 5),
(180, '11', ' الاصول الثابتة', 'الاصول', '0', 0, 0, 'Fixed Assets', 0, '1', 0, 5),
(181, '12', ' الاصول المتداولة', 'الاصول', '0', 0, 0, 'Current Assets', 0, '1', 0, 5),
(182, '111', 'الاجهزة والمعدات', 'الاصول الثابتة', '0', 0, 0, 'Equipment ', 0, '11', 0, 5),
(183, '112', 'وسائل النقل', 'الاصول الثابتة', '0', 0, 0, 'Vehicles', 0, '11', 0, 5),
(184, '121', 'الصندوق', 'الاصول المتداولة', '0', 0, 0, 'Treasury', 0, '12', 0, 5),
(185, '122', 'البنك', 'الاصول المتداولة', '0', 0, 0, 'Bank', 0, '12', 0, 5),
(186, '123', 'عهد الموظفين', 'الاصول المتداولة', '0', 0, 0, 'Petty Cash ', 0, '12', 0, 5),
(187, '124', 'العملاء', 'الاصول المتداولة', '0', 0, 0, 'Customers', 0, '12', 0, 5),
(188, '125', 'المخزن', 'الاصول المتداولة', '0', 0, 0, 'Inventory', 0, '12', 0, 5),
(189, '126', 'مصروفات مدفوعة مقدما', 'الاصول المتداولة', '0', 0, 0, 'Expenses paid in advance', 0, '12', 0, 5),
(190, '122001', 'بنك افتراضي', ' البنك', '0', 0, 0, 'Virtual Bank', 1, '122', 0, 5),
(191, '121001', 'صندوق افتراضي', ' الصندوق', '0', 0, 0, 'Virtual Treasury', 1, '121', 0, 5),
(192, '125001', 'المستودع الرئيسي ', ' المخزن', '0', 0, 0, 'Main Repository', 1, '125', 0, 5),
(193, '21', 'خصوم متداولة', 'خصوم', '0', 0, 0, 'Current Liabilities ', 0, '2', 1, 5),
(194, '22', 'خصوم صويلة الاجل', 'خصوم', '0', 0, 0, 'Long-term Liabilities', 0, '2', 1, 5),
(195, '221', 'الموردين ', 'خصوم متداولة', '0', 0, 0, 'Suppliers', 0, '21', 1, 5),
(196, '222', 'اواق الدفع ', 'خصوم متداولة', '0', 0, 0, 'Notes Payable ', 0, '21', 1, 5),
(197, '223', ' قروض قصيرة لاجل ', 'خصوم متداولة', '0', 0, 0, 'Short-term Liabilities', 0, '21', 1, 5),
(198, '31', 'راس المال', 'راس المال وحقوق الملكية', '0', 0, 0, 'Profits For The Current Year', 0, '3', 1, 5),
(199, '32', 'ارباح السنة الجارية', 'راس المال وحقوق الملكية', '0', 0, 0, 'Stage Profits And Losses', 0, '3', 1, 5),
(200, '34', ' حساب مال الشريك', 'راس المال وحقوق الملكية', '0', 0, 0, 'Partner\'s Money Account', 0, '3', 1, 5),
(201, '41', ' ايرادات مبيعات', 'الايرادات', '0', 0, 0, 'Sales Revenue', 0, '4', 1, 5),
(202, '42', 'ايرادات اخرى', 'الايرادات', '0', 0, 0, 'Other Income', 0, '4', 1, 5),
(203, '43', ' اربح وخسائر', 'الايرادات', '0', 0, 0, 'Profit And Loss', 0, '4', 1, 5),
(204, '411', 'مبيعات', 'مبيعات الايرادات', '0', 0, 0, 'Sales', 0, '41', 1, 5),
(205, '412', 'مرتجع مبيعات', 'مبيعات الايرادات', '0', 0, 0, 'Sales Returns', 0, '41', 1, 5),
(206, '421', ' ايرادات ايجار', 'ايرادات اخرى', '0', 0, 0, 'Rental Income', 0, '42', 1, 5),
(207, '422', ' ايرادات استثمار', 'ايرادات اخرى', '0', 0, 0, 'Investment Income', 0, '42', 1, 5),
(208, '51', 'تكلفة مبيعات ', 'مصروفات', '0', 0, 0, 'Cost of Sales', 0, '5', 0, 5),
(209, '52', 'مصروفات اداره', 'مصروفات', '0', 0, 0, 'Management Expenses', 0, '5', 0, 5),
(210, '53', 'مصروفات اهلاك', 'مصروفات', '0', 0, 0, 'Depreciation Expenses', 0, '5', 0, 5),
(211, '54', 'مصروفات اخرى', 'مصروفات', '0', 0, 0, 'Other Expenses', 0, '5', 0, 5),
(212, '511', ' مشتريات ', 'تكلفة مبيعات ', '0', 0, 0, 'Purchases', 0, '51', 0, 5),
(213, '512', 'مرتجع مشتريات ', 'تكلفة مبيعات ', '0', 0, 0, 'Purchase Returns', 0, '51', 0, 5),
(214, '1', 'الاصول', 'الميزانية العمومية', '0', 0, 0, 'Assets', 0, '0', 0, 6),
(215, '2', 'الخصوم', 'الميزانية العمومية', '0', 0, 0, 'Liabilities', 0, '0', 1, 6),
(216, '3', '  حقوق الملكية', 'الميزانية العمومية', '0', 0, 0, 'Property Rights', 0, '0', 1, 6),
(217, '4', 'الايرادات', 'الميزانية العمومية', '0', 0, 0, 'Revenues', 0, '0', 1, 6),
(218, '5', 'المصروفات', 'الميزانية العمومية', '0', 0, 0, 'Expenses', 0, '0', 0, 6),
(219, '11', ' الاصول الثابتة', 'الاصول', '0', 0, 0, 'Fixed Assets', 0, '1', 0, 6),
(220, '12', ' الاصول المتداولة', 'الاصول', '0', 0, 0, 'Current Assets', 0, '1', 0, 6),
(221, '111', 'الاجهزة والمعدات', 'الاصول الثابتة', '0', 0, 0, 'Equipment ', 0, '11', 0, 6),
(222, '112', 'وسائل النقل', 'الاصول الثابتة', '0', 0, 0, 'Vehicles', 0, '11', 0, 6),
(223, '121', 'الصندوق', 'الاصول المتداولة', '0', 0, 0, 'Treasury', 0, '12', 0, 6),
(224, '122', 'البنك', 'الاصول المتداولة', '0', 0, 0, 'Bank', 0, '12', 0, 6),
(225, '123', 'عهد الموظفين', 'الاصول المتداولة', '0', 0, 0, 'Petty Cash ', 0, '12', 0, 6),
(226, '124', 'العملاء', 'الاصول المتداولة', '0', 0, 0, 'Customers', 0, '12', 0, 6),
(227, '125', 'المخزن', 'الاصول المتداولة', '0', 0, 0, 'Inventory', 0, '12', 0, 6),
(228, '126', 'مصروفات مدفوعة مقدما', 'الاصول المتداولة', '0', 0, 0, 'Expenses paid in advance', 0, '12', 0, 6),
(229, '122001', 'بنك افتراضي', ' البنك', '0', 0, 0, 'Virtual Bank', 1, '122', 0, 6),
(230, '121001', 'صندوق افتراضي', ' الصندوق', '0', 0, 0, 'Virtual Treasury', 1, '121', 0, 6),
(231, '125001', 'المستودع الرئيسي ', ' المخزن', '0', 0, 0, 'Main Repository', 1, '125', 0, 6),
(232, '21', 'خصوم متداولة', 'خصوم', '0', 0, 0, 'Current Liabilities ', 0, '2', 1, 6),
(233, '22', 'خصوم صويلة الاجل', 'خصوم', '0', 0, 0, 'Long-term Liabilities', 0, '2', 1, 6),
(234, '221', 'الموردين ', 'خصوم متداولة', '0', 0, 0, 'Suppliers', 0, '21', 1, 6),
(235, '222', 'اواق الدفع ', 'خصوم متداولة', '0', 0, 0, 'Notes Payable ', 0, '21', 1, 6),
(236, '223', ' قروض قصيرة لاجل ', 'خصوم متداولة', '0', 0, 0, 'Short-term Liabilities', 0, '21', 1, 6),
(237, '31', 'راس المال', 'راس المال وحقوق الملكية', '0', 0, 0, 'Profits For The Current Year', 0, '3', 1, 6),
(238, '32', 'ارباح السنة الجارية', 'راس المال وحقوق الملكية', '0', 0, 0, 'Stage Profits And Losses', 0, '3', 1, 6),
(239, '34', ' حساب مال الشريك', 'راس المال وحقوق الملكية', '0', 0, 0, 'Partner\'s Money Account', 0, '3', 1, 6),
(240, '41', ' ايرادات مبيعات', 'الايرادات', '0', 0, 0, 'Sales Revenue', 0, '4', 1, 6),
(241, '42', 'ايرادات اخرى', 'الايرادات', '0', 0, 0, 'Other Income', 0, '4', 1, 6),
(242, '43', ' اربح وخسائر', 'الايرادات', '0', 0, 0, 'Profit And Loss', 0, '4', 1, 6),
(243, '411', 'مبيعات', 'مبيعات الايرادات', '0', 0, 0, 'Sales', 0, '41', 1, 6),
(244, '412', 'مرتجع مبيعات', 'مبيعات الايرادات', '0', 0, 0, 'Sales Returns', 0, '41', 1, 6),
(245, '421', ' ايرادات ايجار', 'ايرادات اخرى', '0', 0, 0, 'Rental Income', 0, '42', 1, 6),
(246, '422', ' ايرادات استثمار', 'ايرادات اخرى', '0', 0, 0, 'Investment Income', 0, '42', 1, 6),
(247, '51', 'تكلفة مبيعات ', 'مصروفات', '0', 0, 0, 'Cost of Sales', 0, '5', 0, 6),
(248, '52', 'مصروفات اداره', 'مصروفات', '0', 0, 0, 'Management Expenses', 0, '5', 0, 6),
(249, '53', 'مصروفات اهلاك', 'مصروفات', '0', 0, 0, 'Depreciation Expenses', 0, '5', 0, 6),
(250, '54', 'مصروفات اخرى', 'مصروفات', '0', 0, 0, 'Other Expenses', 0, '5', 0, 6),
(251, '511', ' مشتريات ', 'تكلفة مبيعات ', '0', 0, 0, 'Purchases', 0, '51', 0, 6),
(252, '512', 'مرتجع مشتريات ', 'تكلفة مبيعات ', '0', 0, 0, 'Purchase Returns', 0, '51', 0, 6),
(253, '1', 'الاصول', 'الميزانية العمومية', '0', 0, 0, 'Assets', 0, '0', 0, 7),
(254, '2', 'الخصوم', 'الميزانية العمومية', '0', 0, 0, 'Liabilities', 0, '0', 1, 7),
(255, '3', '  حقوق الملكية', 'الميزانية العمومية', '0', 0, 0, 'Property Rights', 0, '0', 1, 7),
(256, '4', 'الايرادات', 'الميزانية العمومية', '0', 0, 0, 'Revenues', 0, '0', 1, 7),
(257, '5', 'المصروفات', 'الميزانية العمومية', '0', 0, 0, 'Expenses', 0, '0', 0, 7),
(258, '11', ' الاصول الثابتة', 'الاصول', '0', 0, 0, 'Fixed Assets', 0, '1', 0, 7),
(259, '12', ' الاصول المتداولة', 'الاصول', '0', 0, 0, 'Current Assets', 0, '1', 0, 7),
(260, '111', 'الاجهزة والمعدات', 'الاصول الثابتة', '0', 0, 0, 'Equipment ', 0, '11', 0, 7),
(261, '112', 'وسائل النقل', 'الاصول الثابتة', '0', 0, 0, 'Vehicles', 0, '11', 0, 7),
(262, '121', 'الصندوق', 'الاصول المتداولة', '0', 0, 0, 'Treasury', 0, '12', 0, 7),
(263, '122', 'البنك', 'الاصول المتداولة', '0', 0, 0, 'Bank', 0, '12', 0, 7),
(264, '123', 'عهد الموظفين', 'الاصول المتداولة', '0', 0, 0, 'Petty Cash ', 0, '12', 0, 7),
(265, '124', 'العملاء', 'الاصول المتداولة', '0', 0, 0, 'Customers', 0, '12', 0, 7),
(266, '125', 'المخزن', 'الاصول المتداولة', '0', 0, 0, 'Inventory', 0, '12', 0, 7),
(267, '126', 'مصروفات مدفوعة مقدما', 'الاصول المتداولة', '0', 0, 0, 'Expenses paid in advance', 0, '12', 0, 7),
(268, '122001', 'بنك افتراضي', ' البنك', '0', 0, 0, 'Virtual Bank', 1, '122', 0, 7),
(269, '121001', 'صندوق افتراضي', ' الصندوق', '0', 0, 0, 'Virtual Treasury', 1, '121', 0, 7),
(270, '125001', 'المستودع الرئيسي ', ' المخزن', '0', 0, 0, 'Main Repository', 1, '125', 0, 7),
(271, '21', 'خصوم متداولة', 'خصوم', '0', 0, 0, 'Current Liabilities ', 0, '2', 1, 7),
(272, '22', 'خصوم صويلة الاجل', 'خصوم', '0', 0, 0, 'Long-term Liabilities', 0, '2', 1, 7),
(273, '221', 'الموردين ', 'خصوم متداولة', '0', 0, 0, 'Suppliers', 0, '21', 1, 7),
(274, '222', 'اواق الدفع ', 'خصوم متداولة', '0', 0, 0, 'Notes Payable ', 0, '21', 1, 7),
(275, '223', ' قروض قصيرة لاجل ', 'خصوم متداولة', '0', 0, 0, 'Short-term Liabilities', 0, '21', 1, 7),
(276, '31', 'راس المال', 'راس المال وحقوق الملكية', '0', 0, 0, 'Profits For The Current Year', 0, '3', 1, 7),
(277, '32', 'ارباح السنة الجارية', 'راس المال وحقوق الملكية', '0', 0, 0, 'Stage Profits And Losses', 0, '3', 1, 7),
(278, '34', ' حساب مال الشريك', 'راس المال وحقوق الملكية', '0', 0, 0, 'Partner\'s Money Account', 0, '3', 1, 7),
(279, '41', ' ايرادات مبيعات', 'الايرادات', '0', 0, 0, 'Sales Revenue', 0, '4', 1, 7),
(280, '42', 'ايرادات اخرى', 'الايرادات', '0', 0, 0, 'Other Income', 0, '4', 1, 7),
(281, '43', ' اربح وخسائر', 'الايرادات', '0', 0, 0, 'Profit And Loss', 0, '4', 1, 7),
(282, '411', 'مبيعات', 'مبيعات الايرادات', '0', 0, 0, 'Sales', 0, '41', 1, 7),
(283, '412', 'مرتجع مبيعات', 'مبيعات الايرادات', '0', 0, 0, 'Sales Returns', 0, '41', 1, 7),
(284, '421', ' ايرادات ايجار', 'ايرادات اخرى', '0', 0, 0, 'Rental Income', 0, '42', 1, 7),
(285, '422', ' ايرادات استثمار', 'ايرادات اخرى', '0', 0, 0, 'Investment Income', 0, '42', 1, 7),
(286, '51', 'تكلفة مبيعات ', 'مصروفات', '0', 0, 0, 'Cost of Sales', 0, '5', 0, 7),
(287, '52', 'مصروفات اداره', 'مصروفات', '0', 0, 0, 'Management Expenses', 0, '5', 0, 7),
(288, '53', 'مصروفات اهلاك', 'مصروفات', '0', 0, 0, 'Depreciation Expenses', 0, '5', 0, 7),
(289, '54', 'مصروفات اخرى', 'مصروفات', '0', 0, 0, 'Other Expenses', 0, '5', 0, 7),
(290, '511', ' مشتريات ', 'تكلفة مبيعات ', '0', 0, 0, 'Purchases', 0, '51', 0, 7),
(291, '512', 'مرتجع مشتريات ', 'تكلفة مبيعات ', '0', 0, 0, 'Purchase Returns', 0, '51', 0, 7),
(292, '1', 'الاصول', 'الميزانية العمومية', '0', 0, 0, 'Assets', 0, '0', 0, 8),
(293, '2', 'الخصوم', 'الميزانية العمومية', '0', 0, 0, 'Liabilities', 0, '0', 1, 8),
(294, '3', '  حقوق الملكية', 'الميزانية العمومية', '0', 0, 0, 'Property Rights', 0, '0', 1, 8),
(295, '4', 'الايرادات', 'الميزانية العمومية', '0', 0, 0, 'Revenues', 0, '0', 1, 8),
(296, '5', 'المصروفات', 'الميزانية العمومية', '0', 0, 0, 'Expenses', 0, '0', 0, 8),
(297, '11', ' الاصول الثابتة', 'الاصول', '0', 0, 0, 'Fixed Assets', 0, '1', 0, 8),
(298, '12', ' الاصول المتداولة', 'الاصول', '0', 0, 0, 'Current Assets', 0, '1', 0, 8),
(299, '111', 'الاجهزة والمعدات', 'الاصول الثابتة', '0', 0, 0, 'Equipment ', 0, '11', 0, 8),
(300, '112', 'وسائل النقل', 'الاصول الثابتة', '0', 0, 0, 'Vehicles', 0, '11', 0, 8),
(301, '121', 'الصندوق', 'الاصول المتداولة', '0', 0, 0, 'Treasury', 0, '12', 0, 8),
(302, '122', 'البنك', 'الاصول المتداولة', '0', 0, 0, 'Bank', 0, '12', 0, 8),
(303, '123', 'عهد الموظفين', 'الاصول المتداولة', '0', 0, 0, 'Petty Cash ', 0, '12', 0, 8),
(304, '124', 'العملاء', 'الاصول المتداولة', '0', 0, 0, 'Customers', 0, '12', 0, 8),
(305, '125', 'المخزن', 'الاصول المتداولة', '0', 0, 0, 'Inventory', 0, '12', 0, 8),
(306, '126', 'مصروفات مدفوعة مقدما', 'الاصول المتداولة', '0', 0, 0, 'Expenses paid in advance', 0, '12', 0, 8),
(307, '122001', 'بنك افتراضي', ' البنك', '0', 0, 0, 'Virtual Bank', 1, '122', 0, 8),
(308, '121001', 'صندوق افتراضي', ' الصندوق', '0', 0, 0, 'Virtual Treasury', 1, '121', 0, 8),
(309, '125001', 'المستودع الرئيسي ', ' المخزن', '0', 0, 0, 'Main Repository', 1, '125', 0, 8),
(310, '21', 'خصوم متداولة', 'خصوم', '0', 0, 0, 'Current Liabilities ', 0, '2', 1, 8),
(311, '22', 'خصوم صويلة الاجل', 'خصوم', '0', 0, 0, 'Long-term Liabilities', 0, '2', 1, 8),
(312, '221', 'الموردين ', 'خصوم متداولة', '0', 0, 0, 'Suppliers', 0, '21', 1, 8),
(313, '222', 'اواق الدفع ', 'خصوم متداولة', '0', 0, 0, 'Notes Payable ', 0, '21', 1, 8),
(314, '223', ' قروض قصيرة لاجل ', 'خصوم متداولة', '0', 0, 0, 'Short-term Liabilities', 0, '21', 1, 8),
(315, '31', 'راس المال', 'راس المال وحقوق الملكية', '0', 0, 0, 'Profits For The Current Year', 0, '3', 1, 8),
(316, '32', 'ارباح السنة الجارية', 'راس المال وحقوق الملكية', '0', 0, 0, 'Stage Profits And Losses', 0, '3', 1, 8),
(317, '34', ' حساب مال الشريك', 'راس المال وحقوق الملكية', '0', 0, 0, 'Partner\'s Money Account', 0, '3', 1, 8),
(318, '41', ' ايرادات مبيعات', 'الايرادات', '0', 0, 0, 'Sales Revenue', 0, '4', 1, 8),
(319, '42', 'ايرادات اخرى', 'الايرادات', '0', 0, 0, 'Other Income', 0, '4', 1, 8),
(320, '43', ' اربح وخسائر', 'الايرادات', '0', 0, 0, 'Profit And Loss', 0, '4', 1, 8),
(321, '411', 'مبيعات', 'مبيعات الايرادات', '0', 0, 0, 'Sales', 0, '41', 1, 8),
(322, '412', 'مرتجع مبيعات', 'مبيعات الايرادات', '0', 0, 0, 'Sales Returns', 0, '41', 1, 8),
(323, '421', ' ايرادات ايجار', 'ايرادات اخرى', '0', 0, 0, 'Rental Income', 0, '42', 1, 8),
(324, '422', ' ايرادات استثمار', 'ايرادات اخرى', '0', 0, 0, 'Investment Income', 0, '42', 1, 8),
(325, '51', 'تكلفة مبيعات ', 'مصروفات', '0', 0, 0, 'Cost of Sales', 0, '5', 0, 8),
(326, '52', 'مصروفات اداره', 'مصروفات', '0', 0, 0, 'Management Expenses', 0, '5', 0, 8),
(327, '53', 'مصروفات اهلاك', 'مصروفات', '0', 0, 0, 'Depreciation Expenses', 0, '5', 0, 8),
(328, '54', 'مصروفات اخرى', 'مصروفات', '0', 0, 0, 'Other Expenses', 0, '5', 0, 8),
(329, '511', ' مشتريات ', 'تكلفة مبيعات ', '0', 0, 0, 'Purchases', 0, '51', 0, 8),
(330, '512', 'مرتجع مشتريات ', 'تكلفة مبيعات ', '0', 0, 0, 'Purchase Returns', 0, '51', 0, 8),
(331, '1', 'الاصول', 'الميزانية العمومية', '0', 0, 0, 'Assets', 0, '0', 0, 9),
(332, '2', 'الخصوم', 'الميزانية العمومية', '0', 0, 0, 'Liabilities', 0, '0', 1, 9),
(333, '3', '  حقوق الملكية', 'الميزانية العمومية', '0', 0, 0, 'Property Rights', 0, '0', 1, 9),
(334, '4', 'الايرادات', 'الميزانية العمومية', '0', 0, 0, 'Revenues', 0, '0', 1, 9),
(335, '5', 'المصروفات', 'الميزانية العمومية', '0', 0, 0, 'Expenses', 0, '0', 0, 9),
(336, '11', ' الاصول الثابتة', 'الاصول', '0', 0, 0, 'Fixed Assets', 0, '1', 0, 9),
(337, '12', ' الاصول المتداولة', 'الاصول', '0', 0, 0, 'Current Assets', 0, '1', 0, 9),
(338, '111', 'الاجهزة والمعدات', 'الاصول الثابتة', '0', 0, 0, 'Equipment ', 0, '11', 0, 9),
(339, '112', 'وسائل النقل', 'الاصول الثابتة', '0', 0, 0, 'Vehicles', 0, '11', 0, 9),
(340, '121', 'الصندوق', 'الاصول المتداولة', '0', 0, 0, 'Treasury', 0, '12', 0, 9),
(341, '122', 'البنك', 'الاصول المتداولة', '0', 0, 0, 'Bank', 0, '12', 0, 9),
(342, '123', 'عهد الموظفين', 'الاصول المتداولة', '0', 0, 0, 'Petty Cash ', 0, '12', 0, 9),
(343, '124', 'العملاء', 'الاصول المتداولة', '0', 0, 0, 'Customers', 0, '12', 0, 9),
(344, '125', 'المخزن', 'الاصول المتداولة', '0', 0, 0, 'Inventory', 0, '12', 0, 9),
(345, '126', 'مصروفات مدفوعة مقدما', 'الاصول المتداولة', '0', 0, 0, 'Expenses paid in advance', 0, '12', 0, 9),
(346, '122001', 'بنك افتراضي', ' البنك', '0', 0, 0, 'Virtual Bank', 1, '122', 0, 9),
(347, '121001', 'صندوق افتراضي', ' الصندوق', '0', 0, 0, 'Virtual Treasury', 1, '121', 0, 9),
(348, '125001', 'المستودع الرئيسي ', ' المخزن', '0', 0, 0, 'Main Repository', 1, '125', 0, 9),
(349, '21', 'خصوم متداولة', 'خصوم', '0', 0, 0, 'Current Liabilities ', 0, '2', 1, 9),
(350, '22', 'خصوم صويلة الاجل', 'خصوم', '0', 0, 0, 'Long-term Liabilities', 0, '2', 1, 9),
(351, '221', 'الموردين ', 'خصوم متداولة', '0', 0, 0, 'Suppliers', 0, '21', 1, 9),
(352, '222', 'اواق الدفع ', 'خصوم متداولة', '0', 0, 0, 'Notes Payable ', 0, '21', 1, 9),
(353, '223', ' قروض قصيرة لاجل ', 'خصوم متداولة', '0', 0, 0, 'Short-term Liabilities', 0, '21', 1, 9),
(354, '31', 'راس المال', 'راس المال وحقوق الملكية', '0', 0, 0, 'Profits For The Current Year', 0, '3', 1, 9),
(355, '32', 'ارباح السنة الجارية', 'راس المال وحقوق الملكية', '0', 0, 0, 'Stage Profits And Losses', 0, '3', 1, 9),
(356, '34', ' حساب مال الشريك', 'راس المال وحقوق الملكية', '0', 0, 0, 'Partner\'s Money Account', 0, '3', 1, 9),
(357, '41', ' ايرادات مبيعات', 'الايرادات', '0', 0, 0, 'Sales Revenue', 0, '4', 1, 9),
(358, '42', 'ايرادات اخرى', 'الايرادات', '0', 0, 0, 'Other Income', 0, '4', 1, 9),
(359, '43', ' اربح وخسائر', 'الايرادات', '0', 0, 0, 'Profit And Loss', 0, '4', 1, 9),
(360, '411', 'مبيعات', 'مبيعات الايرادات', '0', 0, 0, 'Sales', 0, '41', 1, 9),
(361, '412', 'مرتجع مبيعات', 'مبيعات الايرادات', '0', 0, 0, 'Sales Returns', 0, '41', 1, 9),
(362, '421', ' ايرادات ايجار', 'ايرادات اخرى', '0', 0, 0, 'Rental Income', 0, '42', 1, 9),
(363, '422', ' ايرادات استثمار', 'ايرادات اخرى', '0', 0, 0, 'Investment Income', 0, '42', 1, 9),
(364, '51', 'تكلفة مبيعات ', 'مصروفات', '0', 0, 0, 'Cost of Sales', 0, '5', 0, 9),
(365, '52', 'مصروفات اداره', 'مصروفات', '0', 0, 0, 'Management Expenses', 0, '5', 0, 9),
(366, '53', 'مصروفات اهلاك', 'مصروفات', '0', 0, 0, 'Depreciation Expenses', 0, '5', 0, 9),
(367, '54', 'مصروفات اخرى', 'مصروفات', '0', 0, 0, 'Other Expenses', 0, '5', 0, 9),
(368, '511', ' مشتريات ', 'تكلفة مبيعات ', '0', 0, 0, 'Purchases', 0, '51', 0, 9),
(369, '512', 'مرتجع مشتريات ', 'تكلفة مبيعات ', '0', 0, 0, 'Purchase Returns', 0, '51', 0, 9);

-- --------------------------------------------------------

--
-- بنية الجدول `allowances`
--

CREATE TABLE `allowances` (
  `id` bigint(20) UNSIGNED NOT NULL,
  `orgID` int(11) NOT NULL,
  `nameAr` varchar(255) NOT NULL,
  `nameEn` varchar(255) NOT NULL,
  `type` varchar(30) NOT NULL,
  `Status` int(11) NOT NULL DEFAULT 1,
  `created_at` timestamp NULL DEFAULT NULL,
  `updated_at` timestamp NULL DEFAULT NULL
) ENGINE=InnoDB DEFAULT CHARSET=utf8mb4 COLLATE=utf8mb4_unicode_ci;

-- --------------------------------------------------------

--
-- بنية الجدول `arrangements`
--

CREATE TABLE `arrangements` (
  `id` int(12) NOT NULL,
  `orgID` int(12) DEFAULT NULL,
  `branch` int(12) NOT NULL,
  `userID` int(12) NOT NULL,
  `type` int(12) NOT NULL,
  `comment` varchar(255) DEFAULT NULL,
  `status` int(12) NOT NULL,
  `items` int(12) NOT NULL,
  `dateCon` date DEFAULT NULL,
  `reasonid` varchar(255) DEFAULT NULL,
  `reasonname` text DEFAULT NULL
) ENGINE=InnoDB DEFAULT CHARSET=utf8mb4 COLLATE=utf8mb4_general_ci;

--
-- إرجاع أو استيراد بيانات الجدول `arrangements`
--

INSERT INTO `arrangements` (`id`, `orgID`, `branch`, `userID`, `type`, `comment`, `status`, `items`, `dateCon`, `reasonid`, `reasonname`) VALUES
(1, 2, 2, 2, 1, NULL, 1, 1, '2024-02-15', '0', 'تلف بسبب سوء التخزين'),
(2, 2, 2, 2, 1, NULL, 1, 1, '2024-02-15', '0', 'تلف بسبب سوء التخزين');

-- --------------------------------------------------------

--
-- بنية الجدول `arrangement_details`
--

CREATE TABLE `arrangement_details` (
  `id` int(12) NOT NULL,
  `productID` int(12) NOT NULL,
  `quantity` float(12,2) NOT NULL,
  `nameprodect` varchar(255) DEFAULT NULL,
  `priceprodect` varchar(255) DEFAULT NULL,
  `idConvert` int(12) NOT NULL,
  `AccountID` varchar(255) DEFAULT NULL,
  `dateTan` date DEFAULT NULL,
  `orgID` int(12) NOT NULL,
  `reasonid` varchar(255) DEFAULT NULL,
  `reasonname` varchar(255) DEFAULT NULL,
  `process` int(12) DEFAULT NULL,
  `countActive` int(12) DEFAULT NULL,
  `uniteid` int(12) DEFAULT NULL,
  `nameunitr` varchar(255) DEFAULT NULL,
  `indexunit` int(12) DEFAULT NULL,
  `costprodect` varchar(255) DEFAULT NULL
) ENGINE=InnoDB DEFAULT CHARSET=utf8mb4 COLLATE=utf8mb4_general_ci;

--
-- إرجاع أو استيراد بيانات الجدول `arrangement_details`
--

INSERT INTO `arrangement_details` (`id`, `productID`, `quantity`, `nameprodect`, `priceprodect`, `idConvert`, `AccountID`, `dateTan`, `orgID`, `reasonid`, `reasonname`, `process`, `countActive`, `uniteid`, `nameunitr`, `indexunit`, `costprodect`) VALUES
(1, 15, 800.00, 'دقيق', 'dd', 1, '125001', '2024-02-15', 2, '0', 'تلف بسبب سوء التخزين', 1, 700, 20, '0.006', 1, 'جرام'),
(2, 15, 500.00, 'دقيق', 'dd', 2, '125001', '2024-02-15', 2, '0', 'تلف بسبب سوء التخزين', 0, 800, 20, '0.006', 1, 'جرام');

-- --------------------------------------------------------

--
-- بنية الجدول `attendance`
--

CREATE TABLE `attendance` (
  `id` bigint(20) UNSIGNED NOT NULL,
  `orgID` int(11) NOT NULL,
  `userID` int(11) NOT NULL,
  `checkTime` varchar(30) NOT NULL,
  `distance` varchar(255) NOT NULL,
  `lat` varchar(255) NOT NULL,
  `lon` varchar(255) NOT NULL,
  `Status` int(11) NOT NULL,
  `created_at` timestamp NULL DEFAULT NULL,
  `updated_at` timestamp NULL DEFAULT NULL,
  `empID` int(11) NOT NULL DEFAULT 0
) ENGINE=InnoDB DEFAULT CHARSET=utf8mb4 COLLATE=utf8mb4_unicode_ci;

-- --------------------------------------------------------

--
-- بنية الجدول `banks`
--

CREATE TABLE `banks` (
  `id` int(11) NOT NULL,
  `nameBank` varchar(255) NOT NULL,
  `AccountID` varchar(255) NOT NULL,
  `Country` varchar(255) DEFAULT NULL,
  `currency` varchar(255) DEFAULT NULL,
  `NameAccountBank` varchar(255) DEFAULT NULL,
  `IBN` varchar(255) DEFAULT NULL,
  `NumAcounnt` varchar(255) DEFAULT NULL,
  `amount` float DEFAULT NULL,
  `status` int(12) DEFAULT NULL,
  `desc` text DEFAULT NULL,
  `permissions` tinyint(1) NOT NULL,
  `orgID` int(11) NOT NULL,
  `branchID` int(12) NOT NULL
) ENGINE=InnoDB DEFAULT CHARSET=utf8mb4 COLLATE=utf8mb4_general_ci;

--
-- إرجاع أو استيراد بيانات الجدول `banks`
--

INSERT INTO `banks` (`id`, `nameBank`, `AccountID`, `Country`, `currency`, `NameAccountBank`, `IBN`, `NumAcounnt`, `amount`, `status`, `desc`, `permissions`, `orgID`, `branchID`) VALUES
(1, 'بنك افتراضي', '122001', 'SA', 'ريال سعودي', 'بنك افتراضي', NULL, NULL, NULL, 1, NULL, 1, 1, 1),
(2, 'بنك افتراضي', '122001', 'SA', 'ريال سعودي', 'بنك افتراضي', NULL, NULL, NULL, 1, NULL, 1, 2, 2),
(3, 'بنك افتراضي', '122001', 'SA', 'ريال سعودي', 'بنك افتراضي', NULL, NULL, NULL, 1, NULL, 1, 3, 3),
(4, 'بنك افتراضي', '122001', 'SA', 'ريال سعودي', 'بنك افتراضي', NULL, NULL, NULL, 1, NULL, 1, 4, 4),
(5, 'بنك الاهلي', '122002', 'SA', 'ريال سعودي', NULL, NULL, NULL, 0, 1, NULL, 1, 2, 2),
(6, 'بنك افتراضي', '122001', 'SA', 'ريال سعودي', 'بنك افتراضي', NULL, NULL, NULL, 1, NULL, 1, 5, 6),
(7, 'بنك افتراضي', '122001', 'SA', 'ريال سعودي', 'بنك افتراضي', NULL, NULL, NULL, 1, NULL, 1, 6, 7),
(8, 'بنك افتراضي', '122001', 'SA', 'ريال سعودي', 'بنك افتراضي', NULL, NULL, NULL, 1, NULL, 1, 7, 8),
(9, 'بنك افتراضي', '122001', 'SA', 'ريال سعودي', 'بنك افتراضي', NULL, NULL, NULL, 1, NULL, 1, 8, 9),
(10, 'بنك افتراضي', '122001', 'SA', 'ريال سعودي', 'بنك افتراضي', NULL, NULL, NULL, 1, NULL, 1, 9, 10);

-- --------------------------------------------------------

--
-- بنية الجدول `banners`
--

CREATE TABLE `banners` (
  `id` bigint(20) UNSIGNED NOT NULL,
  `orgID` int(11) NOT NULL,
  `branchID` int(11) NOT NULL,
  `userID` int(11) NOT NULL,
  `nameAr` varchar(250) NOT NULL,
  `nameEn` varchar(250) DEFAULT NULL,
  `img` varchar(255) NOT NULL,
  `productID` int(11) DEFAULT NULL,
  `status` int(11) NOT NULL DEFAULT 1,
  `created_at` timestamp NULL DEFAULT NULL,
  `updated_at` timestamp NULL DEFAULT NULL
) ENGINE=InnoDB DEFAULT CHARSET=utf8mb4 COLLATE=utf8mb4_unicode_ci;

--
-- إرجاع أو استيراد بيانات الجدول `banners`
--

INSERT INTO `banners` (`id`, `orgID`, `branchID`, `userID`, `nameAr`, `nameEn`, `img`, `productID`, `status`, `created_at`, `updated_at`) VALUES
(1, 1, 1, 1, 'سهيل', 'سهيل', 'kenburns1_1708416157.jpg', 12, 1, '2024-02-20 08:02:37', '2024-02-20 08:02:37'),
(2, 2, 2, 2, 'الباستا', NULL, 'default.jpg', 3, 1, '2024-02-24 11:48:38', '2024-02-24 11:48:38'),
(3, 5, 6, 8, 'ماء', 'Green', 'download_1709196726.jpeg', 25, 1, '2024-02-29 08:52:06', '2024-02-29 08:52:06');

-- --------------------------------------------------------

--
-- بنية الجدول `branches`
--

CREATE TABLE `branches` (
  `id` bigint(20) UNSIGNED NOT NULL,
  `orgID` int(11) NOT NULL,
  `userID` int(11) NOT NULL,
  `nameAr` varchar(255) NOT NULL,
  `nameEn` varchar(255) DEFAULT NULL,
  `phone` varchar(30) DEFAULT NULL,
  `area` varchar(255) DEFAULT NULL,
  `city` varchar(255) DEFAULT NULL,
  `district` varchar(255) DEFAULT NULL,
  `addressAr` varchar(255) DEFAULT NULL,
  `addressEn` varchar(255) DEFAULT NULL,
  `long` varchar(255) DEFAULT NULL,
  `lat` varchar(255) DEFAULT NULL,
  `distance` double DEFAULT 0,
  `status` int(11) NOT NULL DEFAULT 1,
  `created_at` timestamp NULL DEFAULT NULL,
  `updated_at` timestamp NULL DEFAULT NULL
) ENGINE=InnoDB DEFAULT CHARSET=utf8mb4 COLLATE=utf8mb4_unicode_ci;

--
-- إرجاع أو استيراد بيانات الجدول `branches`
--

INSERT INTO `branches` (`id`, `orgID`, `userID`, `nameAr`, `nameEn`, `phone`, `area`, `city`, `district`, `addressAr`, `addressEn`, `long`, `lat`, `distance`, `status`, `created_at`, `updated_at`) VALUES
(1, 1, 1, 'الفرع الرئيسي', 'Main Branch', NULL, NULL, NULL, NULL, NULL, NULL, NULL, NULL, 0, 1, '2024-02-11 14:28:58', '2024-02-11 14:28:58'),
(2, 2, 1, 'الفرع الرئيسي', 'Main Branch', NULL, NULL, NULL, NULL, NULL, NULL, NULL, NULL, 0, 1, '2024-02-11 14:51:06', '2024-02-11 14:51:06'),
(3, 3, 1, 'الفرع الرئيسي', 'Main Branch', NULL, NULL, NULL, NULL, NULL, NULL, NULL, NULL, 0, 1, '2024-02-11 14:52:33', '2024-02-11 14:52:33'),
(4, 4, 1, 'الفرع الرئيسي', 'Main Branch', NULL, NULL, NULL, NULL, NULL, NULL, NULL, NULL, 0, 1, '2024-02-15 10:08:43', '2024-02-15 10:08:43'),
(5, 2, 2, 'فرع السويدي', NULL, '0501122334', NULL, 'الرياض', NULL, NULL, NULL, NULL, NULL, 0, 1, '2024-02-15 12:29:57', '2024-02-15 12:29:57'),
(6, 5, 1, 'الفرع الرئيسي', 'Main Branch', NULL, NULL, NULL, NULL, NULL, NULL, NULL, NULL, 0, 1, '2024-02-28 14:47:21', '2024-02-28 14:47:21'),
(7, 6, 1, 'الفرع الرئيسي', 'Main Branch', NULL, NULL, NULL, NULL, NULL, NULL, NULL, NULL, 0, 1, '2024-02-28 15:18:10', '2024-02-28 15:18:10'),
(8, 7, 1, 'الفرع الرئيسي', 'Main Branch', NULL, NULL, NULL, NULL, NULL, NULL, NULL, NULL, 0, 1, '2024-03-02 12:13:54', '2024-03-02 12:13:54'),
(9, 8, 1, 'الفرع الرئيسي', 'Main Branch', NULL, NULL, NULL, NULL, NULL, NULL, NULL, NULL, 0, 1, '2024-03-02 12:44:08', '2024-03-02 12:44:08'),
(10, 9, 1, 'الفرع الرئيسي', 'Main Branch', NULL, NULL, NULL, NULL, NULL, NULL, NULL, NULL, 0, 1, '2024-03-02 17:44:39', '2024-03-02 17:44:39');

-- --------------------------------------------------------

--
-- بنية الجدول `contracts`
--

CREATE TABLE `contracts` (
  `id` bigint(20) UNSIGNED NOT NULL,
  `orgID` int(11) NOT NULL,
  `empID` int(11) NOT NULL,
  `contractNo` varchar(255) NOT NULL,
  `stDate` date NOT NULL,
  `enDate` date NOT NULL,
  `contractStatus` int(255) DEFAULT 1,
  `file` varchar(255) NOT NULL,
  `Status` int(11) NOT NULL DEFAULT 1,
  `created_at` timestamp NULL DEFAULT NULL,
  `updated_at` timestamp NULL DEFAULT NULL
) ENGINE=InnoDB DEFAULT CHARSET=utf8mb4 COLLATE=utf8mb4_unicode_ci;

-- --------------------------------------------------------

--
-- بنية الجدول `costcenteers`
--

CREATE TABLE `costcenteers` (
  `id` int(11) NOT NULL,
  `CostName` varchar(255) NOT NULL,
  `CostNameEN` varchar(255) NOT NULL,
  `CostCodeID` varchar(255) NOT NULL,
  `dataCost` date NOT NULL,
  `MainCost` int(12) NOT NULL,
  `orgID` int(11) NOT NULL,
  `branchID` int(12) DEFAULT NULL,
  `SourceID` int(12) DEFAULT NULL,
  `namefather` varchar(255) DEFAULT NULL
) ENGINE=InnoDB DEFAULT CHARSET=utf8mb4 COLLATE=utf8mb4_general_ci;

--
-- إرجاع أو استيراد بيانات الجدول `costcenteers`
--

INSERT INTO `costcenteers` (`id`, `CostName`, `CostNameEN`, `CostCodeID`, `dataCost`, `MainCost`, `orgID`, `branchID`, `SourceID`, `namefather`) VALUES
(1, ' التكلفة الرئيسية', ' التكلفة الرئيسية', '1', '2024-02-11', 0, 1, 1, 0, ' التكلفة الرئيسية'),
(2, ' التكلفة الرئيسية', ' التكلفة الرئيسية', '1', '2024-02-11', 0, 2, 2, 0, ' التكلفة الرئيسية'),
(3, ' التكلفة الرئيسية', ' التكلفة الرئيسية', '1', '2024-02-11', 0, 3, 3, 0, ' التكلفة الرئيسية'),
(4, ' التكلفة الرئيسية', ' التكلفة الرئيسية', '1', '2024-02-15', 0, 4, 4, 0, ' التكلفة الرئيسية'),
(5, ' التكلفة الرئيسية', ' التكلفة الرئيسية', '1', '2024-02-28', 0, 5, 6, 0, ' التكلفة الرئيسية'),
(6, ' التكلفة الرئيسية', ' التكلفة الرئيسية', '1', '2024-02-28', 0, 6, 7, 0, ' التكلفة الرئيسية'),
(7, ' التكلفة الرئيسية', ' التكلفة الرئيسية', '1', '2024-03-02', 0, 7, 8, 0, ' التكلفة الرئيسية'),
(8, ' التكلفة الرئيسية', ' التكلفة الرئيسية', '1', '2024-03-02', 0, 8, 9, 0, ' التكلفة الرئيسية'),
(9, ' التكلفة الرئيسية', ' التكلفة الرئيسية', '1', '2024-03-02', 0, 9, 10, 0, ' التكلفة الرئيسية');

-- --------------------------------------------------------

--
-- بنية الجدول `cost_stores`
--

CREATE TABLE `cost_stores` (
  `id` int(12) NOT NULL,
  `orgID` int(12) NOT NULL,
  `branchID` int(12) NOT NULL,
  `productID` varchar(255) DEFAULT NULL,
  `count` int(12) DEFAULT NULL,
  `costprodect` varchar(255) DEFAULT NULL,
  `saller` int(12) DEFAULT NULL,
  `countSaller` int(12) DEFAULT NULL
) ENGINE=InnoDB DEFAULT CHARSET=utf8mb4 COLLATE=utf8mb4_general_ci;

-- --------------------------------------------------------

--
-- بنية الجدول `credorderdetails`
--

CREATE TABLE `credorderdetails` (
  `id` bigint(20) UNSIGNED NOT NULL,
  `orgID` int(11) NOT NULL,
  `branchID` int(11) NOT NULL,
  `productID` int(11) NOT NULL,
  `userID` int(11) NOT NULL,
  `orderID` int(11) NOT NULL,
  `price` double(8,2) NOT NULL,
  `quantity` double(8,2) NOT NULL,
  `discount` double(8,2) NOT NULL,
  `created_at` timestamp NULL DEFAULT NULL,
  `updated_at` timestamp NULL DEFAULT NULL,
  `desc` text DEFAULT NULL
) ENGINE=InnoDB DEFAULT CHARSET=utf8mb4 COLLATE=utf8mb4_unicode_ci;

--
-- إرجاع أو استيراد بيانات الجدول `credorderdetails`
--

INSERT INTO `credorderdetails` (`id`, `orgID`, `branchID`, `productID`, `userID`, `orderID`, `price`, `quantity`, `discount`, `created_at`, `updated_at`, `desc`) VALUES
(1, 2, 2, 10, 2, 1, 45.00, 1.00, 0.00, '2024-02-19 13:41:26', '2024-02-19 13:41:26', NULL),
(2, 2, 2, 10, 2, 2, 45.00, 1.00, 0.00, '2024-02-19 13:41:49', '2024-02-19 13:41:49', NULL);

-- --------------------------------------------------------

--
-- بنية الجدول `credorders`
--

CREATE TABLE `credorders` (
  `id` bigint(20) UNSIGNED NOT NULL,
  `orgID` int(11) NOT NULL,
  `branchID` int(11) NOT NULL,
  `customerID` int(11) DEFAULT NULL,
  `userID` int(11) NOT NULL,
  `totalwvat` double(8,2) NOT NULL,
  `totalvat` double(8,2) NOT NULL,
  `discount` double(8,2) NOT NULL,
  `type` int(11) NOT NULL,
  `serial` varchar(255) DEFAULT NULL,
  `status` int(11) NOT NULL DEFAULT 1,
  `created_at` timestamp NULL DEFAULT NULL,
  `updated_at` timestamp NULL DEFAULT NULL,
  `AccountID` varchar(255) DEFAULT NULL,
  `nameAccount` varchar(255) DEFAULT NULL,
  `salaseAccount` varchar(255) DEFAULT NULL,
  `CostCenter` int(12) DEFAULT NULL
) ENGINE=InnoDB DEFAULT CHARSET=utf8mb4 COLLATE=utf8mb4_unicode_ci;

--
-- إرجاع أو استيراد بيانات الجدول `credorders`
--

INSERT INTO `credorders` (`id`, `orgID`, `branchID`, `customerID`, `userID`, `totalwvat`, `totalvat`, `discount`, `type`, `serial`, `status`, `created_at`, `updated_at`, `AccountID`, `nameAccount`, `salaseAccount`, `CostCenter`) VALUES
(1, 2, 2, 3, 2, 45.00, 5.87, 0.00, 121, '000006', 1, '2024-02-19 13:41:26', '2024-02-19 13:41:26', '121001', 'صندوق افتراضي', '412', 0),
(2, 2, 2, 3, 2, 45.00, 5.87, 0.00, 121, '000006', 1, '2024-02-19 13:41:49', '2024-02-19 13:41:49', '121001', 'صندوق افتراضي', '412', 0);

-- --------------------------------------------------------

--
-- بنية الجدول `custodies`
--

CREATE TABLE `custodies` (
  `id` bigint(20) UNSIGNED NOT NULL,
  `orgID` int(11) NOT NULL,
  `empID` int(11) NOT NULL,
  `typeID` int(11) NOT NULL,
  `itemAr` varchar(255) NOT NULL,
  `quantity` double NOT NULL,
  `details` varchar(255) DEFAULT 'none',
  `file` varchar(255) NOT NULL,
  `Status` int(11) NOT NULL DEFAULT 1,
  `created_at` timestamp NULL DEFAULT NULL,
  `updated_at` timestamp NULL DEFAULT NULL
) ENGINE=InnoDB DEFAULT CHARSET=utf8mb4 COLLATE=utf8mb4_unicode_ci;

-- --------------------------------------------------------

--
-- بنية الجدول `customerpayments`
--

CREATE TABLE `customerpayments` (
  `id` bigint(20) UNSIGNED NOT NULL,
  `orgID` int(11) NOT NULL,
  `branchID` int(11) NOT NULL,
  `userID` int(11) NOT NULL,
  `customerID` int(11) NOT NULL,
  `orderID` int(11) DEFAULT NULL,
  `invoiceID` int(11) DEFAULT NULL,
  `debit` double(8,2) DEFAULT NULL,
  `cred` double(8,2) DEFAULT NULL,
  `comment` varchar(255) DEFAULT NULL,
  `status` int(11) NOT NULL DEFAULT 1,
  `created_at` timestamp NULL DEFAULT NULL,
  `updated_at` timestamp NULL DEFAULT NULL
) ENGINE=InnoDB DEFAULT CHARSET=utf8mb4 COLLATE=utf8mb4_unicode_ci;

-- --------------------------------------------------------

--
-- بنية الجدول `customers`
--

CREATE TABLE `customers` (
  `id` bigint(20) UNSIGNED NOT NULL,
  `orgID` int(11) NOT NULL,
  `branchID` int(11) NOT NULL,
  `userID` int(11) NOT NULL,
  `name` varchar(255) NOT NULL,
  `area` varchar(255) DEFAULT NULL,
  `city` varchar(255) DEFAULT NULL,
  `district` varchar(255) DEFAULT NULL,
  `addressAr` varchar(255) DEFAULT NULL,
  `addressEn` varchar(255) DEFAULT NULL,
  `vatNo` varchar(255) DEFAULT NULL,
  `phone` varchar(255) DEFAULT NULL,
  `email` varchar(255) DEFAULT NULL,
  `status` int(11) NOT NULL DEFAULT 1,
  `created_at` timestamp NULL DEFAULT NULL,
  `updated_at` timestamp NULL DEFAULT NULL,
  `AccountID` varchar(255) NOT NULL
) ENGINE=InnoDB DEFAULT CHARSET=utf8mb4 COLLATE=utf8mb4_unicode_ci;

--
-- إرجاع أو استيراد بيانات الجدول `customers`
--

INSERT INTO `customers` (`id`, `orgID`, `branchID`, `userID`, `name`, `area`, `city`, `district`, `addressAr`, `addressEn`, `vatNo`, `phone`, `email`, `status`, `created_at`, `updated_at`, `AccountID`) VALUES
(1, 2, 2, 2, 'نورا عميلة', NULL, NULL, NULL, NULL, NULL, NULL, '0513531315', NULL, 1, '2024-02-13 14:23:08', '2024-02-13 14:23:08', '124001'),
(2, 1, 1, 1, 'ff', NULL, NULL, NULL, NULL, NULL, '4444', '444', NULL, 1, '2024-02-18 14:32:58', '2024-02-18 14:32:58', '124001'),
(3, 2, 2, 2, 'عميل افتراضي ', NULL, NULL, NULL, NULL, NULL, NULL, NULL, NULL, 1, '2024-02-19 12:25:08', '2024-02-19 12:25:08', '124002'),
(4, 1, 1, 1, 'dhiaa mohammed', NULL, NULL, NULL, NULL, NULL, NULL, '0560896483', NULL, 1, '2024-02-29 11:23:35', '2024-02-29 11:23:35', ''),
(5, 1, 1, 1, 'dhiaa mohammed', NULL, NULL, NULL, NULL, NULL, NULL, '0560892483', NULL, 1, '2024-02-29 11:50:58', '2024-02-29 11:50:58', ''),
(6, 5, 1, 1, 'dksksdkdsksd', NULL, NULL, NULL, NULL, NULL, NULL, '555555555555', NULL, 1, '2024-02-29 12:04:58', '2024-02-29 12:04:58', ''),
(7, 1, 1, 1, 'dhiaa', NULL, NULL, NULL, NULL, NULL, NULL, '0560896563', NULL, 1, '2024-02-29 12:19:45', '2024-02-29 12:19:45', ''),
(8, 1, 1, 1, 'dhiaa mohammed', NULL, NULL, NULL, NULL, NULL, NULL, '0560896483', NULL, 1, '2024-02-29 12:25:22', '2024-02-29 12:25:22', ''),
(9, 1, 1, 1, 'ddddd', NULL, NULL, NULL, NULL, NULL, NULL, '55555555555555', NULL, 1, '2024-02-29 13:31:59', '2024-02-29 13:31:59', ''),
(10, 1, 1, 1, 'ddddd', NULL, NULL, NULL, NULL, NULL, NULL, '55555555555555', NULL, 1, '2024-02-29 13:32:00', '2024-02-29 13:32:00', ''),
(11, 1, 1, 1, 'ddddd', NULL, NULL, NULL, NULL, NULL, NULL, '55555555555555', NULL, 1, '2024-02-29 13:32:01', '2024-02-29 13:32:01', ''),
(12, 5, 1, 1, 'dhiaa mohammed', NULL, NULL, NULL, NULL, NULL, NULL, '0560896483', NULL, 1, '2024-02-29 13:32:25', '2024-02-29 13:32:25', '');

-- --------------------------------------------------------

--
-- بنية الجدول `debitorderdetails`
--

CREATE TABLE `debitorderdetails` (
  `id` bigint(20) UNSIGNED NOT NULL,
  `orgID` int(11) NOT NULL,
  `branchID` int(11) NOT NULL,
  `productID` int(11) NOT NULL,
  `userID` int(11) NOT NULL,
  `orderID` int(11) NOT NULL,
  `price` double(8,2) NOT NULL,
  `quantity` double(8,2) NOT NULL,
  `discount` double(8,2) NOT NULL,
  `created_at` timestamp NULL DEFAULT NULL,
  `updated_at` timestamp NULL DEFAULT NULL,
  `desc` text DEFAULT NULL,
  `unitProdecid` varchar(255) DEFAULT NULL
) ENGINE=InnoDB DEFAULT CHARSET=utf8mb4 COLLATE=utf8mb4_unicode_ci;

--
-- إرجاع أو استيراد بيانات الجدول `debitorderdetails`
--

INSERT INTO `debitorderdetails` (`id`, `orgID`, `branchID`, `productID`, `userID`, `orderID`, `price`, `quantity`, `discount`, `created_at`, `updated_at`, `desc`, `unitProdecid`) VALUES
(1, 2, 2, 15, 2, 1, 6.00, 3.00, 0.00, '2024-02-17 13:47:13', '2024-02-17 13:47:13', 'تم ارجاع 2 بسبب الكمية زايده', NULL),
(2, 2, 2, 16, 2, 2, 10.00, 1.00, 0.00, '2024-02-17 13:56:04', '2024-02-17 13:56:04', 'تم ارجاع 1 بسب المنتج مختلف', NULL);

-- --------------------------------------------------------

--
-- بنية الجدول `debitorders`
--

CREATE TABLE `debitorders` (
  `id` bigint(20) UNSIGNED NOT NULL,
  `orgID` int(11) NOT NULL,
  `branchID` int(11) NOT NULL,
  `customerID` int(11) DEFAULT NULL,
  `userID` int(11) NOT NULL,
  `totalwvat` double(8,2) NOT NULL,
  `totalvat` double(8,2) NOT NULL,
  `discount` double(8,2) NOT NULL,
  `type` int(11) NOT NULL,
  `serial` varchar(255) DEFAULT NULL,
  `status` int(11) NOT NULL DEFAULT 1,
  `created_at` timestamp NULL DEFAULT NULL,
  `updated_at` timestamp NULL DEFAULT NULL,
  `AccountID` varchar(255) DEFAULT NULL,
  `nameAccount` varchar(255) DEFAULT NULL,
  `CostCenter` int(12) DEFAULT NULL,
  `purchreAccount` varchar(255) DEFAULT NULL
) ENGINE=InnoDB DEFAULT CHARSET=utf8mb4 COLLATE=utf8mb4_unicode_ci;

--
-- إرجاع أو استيراد بيانات الجدول `debitorders`
--

INSERT INTO `debitorders` (`id`, `orgID`, `branchID`, `customerID`, `userID`, `totalwvat`, `totalvat`, `discount`, `type`, `serial`, `status`, `created_at`, `updated_at`, `AccountID`, `nameAccount`, `CostCenter`, `purchreAccount`) VALUES
(1, 2, 2, 3, 2, 18.00, 2.35, 0.00, 122, '000001', 1, '2024-02-17 13:47:13', '2024-02-17 13:47:13', '122001', 'بنك افتراضي', 0, '512'),
(2, 2, 2, 1, 2, 10.00, 1.30, 0.00, 121, '000002', 1, '2024-02-17 13:56:04', '2024-02-17 13:56:04', '121001', 'صندوق افتراضي', 0, '512');

-- --------------------------------------------------------

--
-- بنية الجدول `departments`
--

CREATE TABLE `departments` (
  `id` bigint(20) UNSIGNED NOT NULL,
  `orgID` int(11) NOT NULL,
  `nameAr` varchar(255) NOT NULL,
  `nameEn` varchar(255) NOT NULL,
  `Status` int(11) NOT NULL DEFAULT 1,
  `created_at` timestamp NULL DEFAULT NULL,
  `updated_at` timestamp NULL DEFAULT NULL
) ENGINE=InnoDB DEFAULT CHARSET=utf8mb4 COLLATE=utf8mb4_unicode_ci;

-- --------------------------------------------------------

--
-- بنية الجدول `depot_stores`
--

CREATE TABLE `depot_stores` (
  `id` int(11) NOT NULL,
  `name` varchar(255) NOT NULL,
  `AccountID` varchar(255) DEFAULT NULL,
  `status` int(12) NOT NULL,
  `main` int(12) DEFAULT NULL,
  `orgID` int(12) NOT NULL,
  `branchID` int(12) NOT NULL,
  `GuidesID` int(12) DEFAULT NULL,
  `date` date DEFAULT NULL
) ENGINE=InnoDB DEFAULT CHARSET=utf8mb4 COLLATE=utf8mb4_general_ci;

--
-- إرجاع أو استيراد بيانات الجدول `depot_stores`
--

INSERT INTO `depot_stores` (`id`, `name`, `AccountID`, `status`, `main`, `orgID`, `branchID`, `GuidesID`, `date`) VALUES
(1, 'المستودع الرئيسي ', '125001', 1, 125, 1, 1, 18, '2024-02-11'),
(2, 'المستودع الرئيسي ', '125001', 1, 125, 2, 2, 57, '2024-02-11'),
(3, 'المستودع الرئيسي ', '125001', 1, 125, 3, 3, 96, '2024-02-11'),
(4, 'المستودع الرئيسي ', '125001', 1, 125, 4, 4, 137, '2024-02-15'),
(5, 'مستودع فرع السويدي', '125002', 1, NULL, 2, 5, 159, '2024-02-15'),
(6, 'المستودع الرئيسي 2', '125003', 1, NULL, 2, 2, 160, '2024-02-15'),
(7, 'مستودع فرع السويدي 2', '125004', 1, NULL, 2, 5, 161, '2024-02-15'),
(8, 'مستودع الطائف', '125002', 1, NULL, 1, 1, 162, '2024-02-15'),
(9, 'مستودع الدمام', '125003', 1, NULL, 1, 1, 163, '2024-02-15'),
(10, 'المستودع الرئيسي ', '125001', 1, 125, 5, 6, 192, '2024-02-28'),
(11, 'المستودع الرئيسي ', '125001', 1, 125, 6, 7, 231, '2024-02-28'),
(12, 'المستودع الرئيسي ', '125001', 1, 125, 7, 8, 270, '2024-03-02'),
(13, 'المستودع الرئيسي ', '125001', 1, 125, 8, 9, 309, '2024-03-02'),
(14, 'المستودع الرئيسي ', '125001', 1, 125, 9, 10, 348, '2024-03-02');

-- --------------------------------------------------------

--
-- بنية الجدول `doctypes`
--

CREATE TABLE `doctypes` (
  `id` bigint(20) UNSIGNED NOT NULL,
  `orgID` int(11) NOT NULL,
  `nameAr` varchar(255) NOT NULL,
  `nameEn` varchar(255) NOT NULL,
  `Status` int(11) NOT NULL DEFAULT 1,
  `created_at` timestamp NULL DEFAULT NULL,
  `updated_at` timestamp NULL DEFAULT NULL
) ENGINE=InnoDB DEFAULT CHARSET=utf8mb4 COLLATE=utf8mb4_unicode_ci;

-- --------------------------------------------------------

--
-- بنية الجدول `documents`
--

CREATE TABLE `documents` (
  `id` bigint(20) UNSIGNED NOT NULL,
  `orgID` int(11) NOT NULL,
  `empID` int(11) NOT NULL,
  `typeID` int(255) NOT NULL,
  `doc` varchar(255) NOT NULL,
  `category` varchar(255) DEFAULT 'none',
  `Status` int(11) NOT NULL DEFAULT 1,
  `created_at` timestamp NULL DEFAULT NULL,
  `updated_at` timestamp NULL DEFAULT NULL
) ENGINE=InnoDB DEFAULT CHARSET=utf8mb4 COLLATE=utf8mb4_unicode_ci;

-- --------------------------------------------------------

--
-- بنية الجدول `drivethrus`
--

CREATE TABLE `drivethrus` (
  `id` bigint(20) UNSIGNED NOT NULL,
  `orgID` int(11) NOT NULL,
  `branchID` int(11) NOT NULL,
  `userID` int(11) NOT NULL,
  `qrNo` varchar(255) NOT NULL,
  `status` int(11) NOT NULL DEFAULT 1,
  `created_at` timestamp NULL DEFAULT NULL,
  `updated_at` timestamp NULL DEFAULT NULL
) ENGINE=InnoDB DEFAULT CHARSET=utf8mb4 COLLATE=utf8mb4_unicode_ci;

--
-- إرجاع أو استيراد بيانات الجدول `drivethrus`
--

INSERT INTO `drivethrus` (`id`, `orgID`, `branchID`, `userID`, `qrNo`, `status`, `created_at`, `updated_at`) VALUES
(1, 1, 1, 1, 'للل', 1, '2024-02-12 11:46:55', '2024-02-12 11:46:55'),
(2, 2, 2, 2, 'الكاشير', 1, '2024-02-14 23:08:42', '2024-02-14 23:09:07'),
(3, 2, 2, 2, 'استلام الطلبات', 1, '2024-02-14 23:09:32', '2024-02-14 23:09:32');

-- --------------------------------------------------------

--
-- بنية الجدول `durations`
--

CREATE TABLE `durations` (
  `id` bigint(20) UNSIGNED NOT NULL,
  `orgID` int(11) NOT NULL,
  `branchID` int(11) NOT NULL,
  `userID` int(11) NOT NULL,
  `durationNo` varchar(255) NOT NULL,
  `openBalance` float NOT NULL DEFAULT 0,
  `endAt` datetime DEFAULT NULL,
  `endBy` int(11) DEFAULT NULL,
  `status` int(11) NOT NULL DEFAULT 1,
  `created_at` timestamp NULL DEFAULT NULL,
  `updated_at` timestamp NULL DEFAULT NULL,
  `Saller` float NOT NULL DEFAULT 0,
  `open` int(12) DEFAULT NULL
) ENGINE=InnoDB DEFAULT CHARSET=utf8mb4 COLLATE=utf8mb4_unicode_ci;

--
-- إرجاع أو استيراد بيانات الجدول `durations`
--

INSERT INTO `durations` (`id`, `orgID`, `branchID`, `userID`, `durationNo`, `openBalance`, `endAt`, `endBy`, `status`, `created_at`, `updated_at`, `Saller`, `open`) VALUES
(1, 1, 1, 1, '1', 5000, '2024-02-14 13:13:53', 1, 0, '2024-02-14 13:11:33', '2024-02-14 13:13:53', 0, NULL),
(2, 2, 2, 2, '1', 100, '2024-02-19 12:21:11', 2, 0, '2024-02-19 12:17:04', '2024-02-19 12:21:11', 0, NULL),
(3, 2, 2, 2, '2', 100, '2024-02-19 12:52:22', 2, 0, '2024-02-19 12:22:28', '2024-02-19 12:52:22', 45, NULL),
(4, 2, 2, 2, '3', 100, NULL, NULL, 1, '2024-02-19 12:57:53', '2024-02-19 12:57:53', 0, NULL),
(5, 1, 1, 1, '2', 444, '2024-02-19 13:02:37', 1, 0, '2024-02-19 13:02:33', '2024-02-19 13:02:37', 0, NULL),
(6, 1, 1, 1, '3', 0, '2024-02-19 13:04:38', 1, 0, '2024-02-19 13:04:06', '2024-02-19 13:04:38', 0, NULL),
(7, 1, 1, 1, '4', 0, '2024-02-19 13:15:39', 1, 0, '2024-02-19 13:15:33', '2024-02-19 13:15:39', 0, NULL),
(8, 2, 2, 2, '4', 100, NULL, NULL, 1, '2024-02-19 13:47:27', '2024-02-19 13:47:27', 0, NULL),
(9, 2, 2, 2, '5', 0, NULL, NULL, 1, '2024-02-19 13:51:53', '2024-02-19 13:51:53', 0, NULL),
(10, 2, 2, 2, '6', 0, NULL, NULL, 1, '2024-02-19 13:53:36', '2024-02-19 13:53:36', 0, NULL),
(11, 2, 2, 5, '7', 150, NULL, NULL, 1, '2024-02-19 15:30:04', '2024-02-19 15:30:04', 0, NULL),
(12, 2, 2, 2, '8', 100, NULL, NULL, 1, '2024-02-20 11:52:11', '2024-02-20 11:52:11', 0, NULL),
(13, 2, 2, 2, '9', 100, NULL, NULL, 1, '2024-02-20 11:59:56', '2024-02-20 11:59:56', 0, NULL),
(14, 2, 2, 2, '10', 100, NULL, NULL, 1, '2024-02-20 12:00:45', '2024-02-20 12:00:45', 0, NULL),
(15, 2, 2, 5, '11', 15, NULL, NULL, 1, '2024-02-21 12:33:06', '2024-02-21 12:33:06', 0, NULL),
(16, 2, 2, 5, '12', 0, NULL, NULL, 1, '2024-02-21 12:36:01', '2024-02-21 12:36:01', 0, NULL),
(17, 2, 2, 5, '13', 0, NULL, NULL, 1, '2024-02-25 13:33:55', '2024-02-25 13:33:55', 0, NULL),
(18, 2, 2, 2, '14', 100, NULL, NULL, 1, '2024-02-26 14:03:10', '2024-02-26 14:03:10', 0, NULL),
(19, 2, 2, 5, '15', 50, NULL, NULL, 1, '2024-02-26 16:20:13', '2024-02-26 16:20:13', 0, NULL),
(20, 2, 2, 5, '16', 5, NULL, NULL, 1, '2024-02-26 16:27:59', '2024-02-26 16:27:59', 0, NULL),
(21, 5, 6, 8, '1', 77, NULL, NULL, 1, '2024-02-28 14:57:21', '2024-02-28 14:57:21', 0, 0);

-- --------------------------------------------------------

--
-- بنية الجدول `empallowances`
--

CREATE TABLE `empallowances` (
  `id` bigint(20) UNSIGNED NOT NULL,
  `empID` int(11) NOT NULL,
  `allowID` varchar(255) NOT NULL,
  `orgID` int(11) DEFAULT 0,
  `value` double NOT NULL DEFAULT 0,
  `type` varchar(20) DEFAULT 'none',
  `Status` int(11) NOT NULL DEFAULT 1,
  `salID` int(11) DEFAULT NULL,
  `created_at` timestamp NULL DEFAULT NULL,
  `updated_at` timestamp NULL DEFAULT NULL
) ENGINE=InnoDB DEFAULT CHARSET=utf8mb4 COLLATE=utf8mb4_unicode_ci;

-- --------------------------------------------------------

--
-- بنية الجدول `employees`
--

CREATE TABLE `employees` (
  `id` bigint(20) UNSIGNED NOT NULL,
  `orgID` int(11) NOT NULL,
  `branchID` int(11) NOT NULL,
  `userID` int(11) NOT NULL,
  `depID` int(11) NOT NULL,
  `subDepID` int(11) DEFAULT NULL,
  `jobID` int(11) NOT NULL,
  `salaryID` int(11) NOT NULL DEFAULT 0,
  `shiftID` int(11) DEFAULT 0,
  `nameAr` varchar(255) NOT NULL,
  `nameEn` varchar(255) DEFAULT 'none',
  `nationality` varchar(255) NOT NULL,
  `area` varchar(255) DEFAULT NULL,
  `city` varchar(255) DEFAULT NULL,
  `addressAr` varchar(255) DEFAULT 'none',
  `addressEn` varchar(255) DEFAULT 'none',
  `phone` varchar(255) DEFAULT NULL,
  `email` varchar(255) DEFAULT 'none',
  `jobClass` varchar(255) DEFAULT 'none',
  `idNo` varchar(255) DEFAULT NULL,
  `marriedStatus` int(255) DEFAULT 0,
  `sonCount` int(255) DEFAULT 0,
  `salary` double NOT NULL DEFAULT 0,
  `idEndDate` date NOT NULL,
  `hireDate` date NOT NULL,
  `Status` int(11) NOT NULL DEFAULT 1,
  `created_at` timestamp NULL DEFAULT NULL,
  `updated_at` timestamp NULL DEFAULT NULL
) ENGINE=InnoDB DEFAULT CHARSET=utf8mb4 COLLATE=utf8mb4_unicode_ci;

-- --------------------------------------------------------

--
-- بنية الجدول `extras`
--

CREATE TABLE `extras` (
  `id` bigint(20) UNSIGNED NOT NULL,
  `orgID` int(11) NOT NULL,
  `userID` int(11) NOT NULL,
  `productID` int(11) NOT NULL,
  `nameAr` varchar(255) NOT NULL,
  `nameEn` varchar(255) DEFAULT NULL,
  `price` double(8,2) NOT NULL,
  `status` int(11) NOT NULL DEFAULT 1,
  `created_at` timestamp NULL DEFAULT NULL,
  `updated_at` timestamp NULL DEFAULT NULL,
  `idUnit` int(12) DEFAULT NULL,
  `nameUnit` int(12) DEFAULT NULL,
  `items` int(12) DEFAULT NULL
) ENGINE=InnoDB DEFAULT CHARSET=utf8mb4 COLLATE=utf8mb4_unicode_ci;

--
-- إرجاع أو استيراد بيانات الجدول `extras`
--

INSERT INTO `extras` (`id`, `orgID`, `userID`, `productID`, `nameAr`, `nameEn`, `price`, `status`, `created_at`, `updated_at`, `idUnit`, `nameUnit`, `items`) VALUES
(1, 2, 5, 1, 'خضروات مقطعه', 'خضروات مقطعه', 5.00, 1, '2024-02-26 16:27:42', '2024-02-26 16:27:42', 0, 0, 21);

-- --------------------------------------------------------

--
-- بنية الجدول `extrasdetials`
--

CREATE TABLE `extrasdetials` (
  `id` bigint(20) UNSIGNED NOT NULL,
  `orgID` int(11) NOT NULL,
  `userID` int(11) NOT NULL,
  `productID` int(11) NOT NULL,
  `nameAr` varchar(255) NOT NULL,
  `price` double(8,2) NOT NULL,
  `created_at` timestamp NULL DEFAULT NULL,
  `updated_at` timestamp NULL DEFAULT NULL,
  `IDorder` int(12) DEFAULT NULL,
  `quantity` int(12) DEFAULT NULL
) ENGINE=InnoDB DEFAULT CHARSET=utf8mb4 COLLATE=utf8mb4_unicode_ci;

-- --------------------------------------------------------

--
-- بنية الجدول `failed_jobs`
--

CREATE TABLE `failed_jobs` (
  `id` bigint(20) UNSIGNED NOT NULL,
  `uuid` varchar(255) NOT NULL,
  `connection` text NOT NULL,
  `queue` text NOT NULL,
  `payload` longtext NOT NULL,
  `exception` longtext NOT NULL,
  `failed_at` timestamp NOT NULL DEFAULT current_timestamp()
) ENGINE=InnoDB DEFAULT CHARSET=utf8mb4 COLLATE=utf8mb4_unicode_ci;

-- --------------------------------------------------------

--
-- بنية الجدول `incom_transfers`
--

CREATE TABLE `incom_transfers` (
  `id` int(12) NOT NULL,
  `orgID` int(12) DEFAULT NULL,
  `branchOne` int(12) NOT NULL,
  `branchTow` int(12) NOT NULL,
  `userID` int(12) NOT NULL,
  `type` int(12) NOT NULL,
  `comment` varchar(255) DEFAULT NULL,
  `status` int(12) NOT NULL,
  `items` int(12) NOT NULL,
  `dateCon` date DEFAULT NULL,
  `totalcost` varchar(255) DEFAULT NULL,
  `totalguenty` varchar(255) DEFAULT NULL,
  `costvol` varchar(255) DEFAULT NULL
) ENGINE=InnoDB DEFAULT CHARSET=utf8mb4 COLLATE=utf8mb4_general_ci;

--
-- إرجاع أو استيراد بيانات الجدول `incom_transfers`
--

INSERT INTO `incom_transfers` (`id`, `orgID`, `branchOne`, `branchTow`, `userID`, `type`, `comment`, `status`, `items`, `dateCon`, `totalcost`, `totalguenty`, `costvol`) VALUES
(1, 2, 2, 5, 2, 1, 'ناقص 200 جرام', 2, 1, '2024-02-15', '12.0000', '0.8', '15.00'),
(2, 2, 7, 2, 2, 1, 'الكمية كاملة', 2, 1, '2024-02-17', '2.0000', '1', '2.00'),
(3, 2, 7, 6, 2, 1, 'تم استلام المنتج كامل', 2, 1, '2024-02-17', '10.0000', '1', '10.00'),
(4, 1, 1, 8, 1, 1, 'kk', 4, 1, '2024-02-17', '121.0000', '11', '11.00'),
(5, 1, 1, 9, 1, 1, 'll', 4, 1, '2024-02-17', '11.0000', '1', '11.00'),
(6, 2, 6, 7, 2, 1, NULL, 4, 1, '2024-02-17', '0.0000', '1', '0.00'),
(7, 1, 8, 1, 1, 1, 'مم', 4, 1, '2024-02-18', '121.0000', '11', '11.00'),
(8, 2, 2, 6, 5, 1, NULL, 2, 1, '2024-02-18', '10.0000', '1', '10.00'),
(9, 2, 7, 5, 2, 1, NULL, 4, 1, '2024-02-26', '10.0000', '1', '10.00'),
(10, 2, 2, 5, 2, 1, NULL, 4, 1, '2024-02-26', '0.0000', '0', NULL),
(11, 2, 2, 5, 5, 1, 'تم', 4, 1, '2024-02-27', '30.0000', '2', '15.00'),
(12, 2, 2, 5, 6, 1, NULL, 4, 1, '2024-02-27', '70.0000', '5', '14.00'),
(13, 2, 5, 2, 2, 1, NULL, 4, 1, '2024-02-27', '14.0000', '1', '14.00'),
(14, 2, 5, 2, 2, 1, 'استلمت واحد', 2, 1, '2024-02-27', '14.0000', '1', '14.00'),
(15, 2, 5, 2, 2, 1, 'استلمت الثاني', 4, 1, '2024-02-27', '14.0000', '1', '14.00'),
(16, 2, 2, 5, 6, 1, 'استلمت واحد', 2, 1, '2024-02-27', '14.0000', '1', '14.00'),
(17, 2, 2, 5, 2, 1, NULL, 4, 1, '2024-02-27', '28.0000', '2', '14.00');

-- --------------------------------------------------------

--
-- بنية الجدول `incom_transfers_detials`
--

CREATE TABLE `incom_transfers_detials` (
  `id` int(12) NOT NULL,
  `productID` int(12) NOT NULL,
  `quantity` float(12,2) NOT NULL,
  `nameprodect` varchar(255) DEFAULT NULL,
  `priceprodect` varchar(255) DEFAULT NULL,
  `idConvert` int(12) NOT NULL,
  `uniteid` int(12) NOT NULL,
  `nameunitr` varchar(12) NOT NULL,
  `indexunit` int(12) NOT NULL,
  `status` int(12) DEFAULT NULL,
  `costprodect` float DEFAULT 0,
  `index` int(12) DEFAULT NULL
) ENGINE=InnoDB DEFAULT CHARSET=utf8mb4 COLLATE=utf8mb4_general_ci;

--
-- إرجاع أو استيراد بيانات الجدول `incom_transfers_detials`
--

INSERT INTO `incom_transfers_detials` (`id`, `productID`, `quantity`, `nameprodect`, `priceprodect`, `idConvert`, `uniteid`, `nameunitr`, `indexunit`, `status`, `costprodect`, `index`) VALUES
(1, 2, 1.00, NULL, 'dd', 1, 2, 'كيلو', 0, 1, 15, 1),
(2, 17, 1.00, NULL, 'dd', 2, 48, 'لتر', 0, 1, 2, 1),
(3, 16, 1.00, NULL, 'dd', 3, 46, 'لتر', 0, 1, 10, 1),
(4, 13, 11.00, NULL, 'dd', 4, 16, 'كيلو', 0, 1, 11, 1),
(5, 13, 1.00, NULL, 'dd', 5, 16, 'كيلو', 0, 1, 11, 1),
(6, 16, 1.00, NULL, 'dd', 6, 63, 'لتر', 0, 1, 0, 1),
(7, 13, 11.00, NULL, 'dd', 7, 56, 'كيلو', 0, 1, 11, 1),
(8, 5, 1.00, NULL, 'dd', 8, 6, 'حبة', 0, 1, 10, 1),
(9, 5, 1.00, NULL, 'dd', 9, 41, 'حبة', 0, 1, 10, 1),
(10, 2, 0.00, NULL, 'dd', 10, 2, 'كيلو', 0, 1, 15, 1),
(11, 16, 2.00, NULL, 'dd', 11, 21, 'لتر', 0, 1, 15, 1),
(12, 18, 5.00, NULL, 'dd', 12, 25, 'كيلو', 0, 1, 14, 1),
(13, 18, 1.00, NULL, 'dd', 13, 29, 'كيلو', 0, 1, 14, 1),
(14, 18, 1.00, NULL, 'dd', 14, 29, 'كيلو', 0, 1, 14, 1),
(15, 18, 1.00, NULL, 'dd', 15, 29, 'كيلو', 0, 1, 14, 1),
(16, 18, 1.00, NULL, 'dd', 16, 25, 'كيلو', 0, 1, 14, 1),
(17, 18, 2.00, NULL, 'dd', 17, 25, 'كيلو', 0, 1, 14, 1);

-- --------------------------------------------------------

--
-- بنية الجدول `invoices`
--

CREATE TABLE `invoices` (
  `id` bigint(20) UNSIGNED NOT NULL,
  `orgID` int(11) NOT NULL,
  `branchID` int(11) NOT NULL,
  `userID` int(11) NOT NULL,
  `type` int(11) NOT NULL,
  `total` double(8,2) NOT NULL,
  `paymentType` int(11) NOT NULL DEFAULT 1,
  `customerID` int(11) DEFAULT NULL,
  `supplierID` int(11) DEFAULT NULL,
  `invoicesID` varchar(255) DEFAULT NULL,
  `comment` varchar(255) DEFAULT NULL,
  `img` varchar(255) NOT NULL,
  `status` int(11) NOT NULL DEFAULT 1,
  `created_at` timestamp NULL DEFAULT NULL,
  `updated_at` timestamp NULL DEFAULT NULL,
  `AccountID` varchar(255) DEFAULT NULL,
  `nameAccount` varchar(255) DEFAULT NULL,
  `date` date NOT NULL,
  `CostCenter` int(12) DEFAULT NULL,
  `Accountinv` varchar(255) DEFAULT NULL
) ENGINE=InnoDB DEFAULT CHARSET=utf8mb4 COLLATE=utf8mb4_unicode_ci;

--
-- إرجاع أو استيراد بيانات الجدول `invoices`
--

INSERT INTO `invoices` (`id`, `orgID`, `branchID`, `userID`, `type`, `total`, `paymentType`, `customerID`, `supplierID`, `invoicesID`, `comment`, `img`, `status`, `created_at`, `updated_at`, `AccountID`, `nameAccount`, `date`, `CostCenter`, `Accountinv`) VALUES
(1, 2, 2, 2, 1, 1000.00, 122, 1, NULL, '', '', 'default.jpg', 1, '2024-02-24 10:58:30', '2024-02-24 11:11:45', '122002', 'بنك الاهلي', '2024-02-24', NULL, '124001'),
(2, 2, 2, 2, 2, 500.00, 122, NULL, 3, '', NULL, 'default.jpg', 1, '2024-02-24 11:25:00', '2024-02-24 11:25:00', '122001', 'بنك افتراضي', '2024-02-24', NULL, '221003'),
(3, 2, 2, 2, 1, 300.00, 121, 3, NULL, '', NULL, 'default.jpg', 1, '2024-02-24 11:25:56', '2024-02-24 11:25:56', '121001', 'صندوق افتراضي', '2024-02-24', NULL, '124002'),
(4, 2, 2, 5, 2, 50.00, 121, NULL, 1, '', NULL, 'default.jpg', 1, '2024-02-25 13:44:28', '2024-02-25 13:44:28', '121003', 'س', '2024-02-25', NULL, '221001'),
(5, 2, 2, 5, 2, 150.00, 121, NULL, 3, '', NULL, 'default.jpg', 1, '2024-02-25 13:44:47', '2024-02-25 13:44:47', '121001', 'صندوق افتراضي', '2024-02-25', NULL, '221003');

-- --------------------------------------------------------

--
-- بنية الجدول `invs`
--

CREATE TABLE `invs` (
  `id` int(11) NOT NULL,
  `orgID` int(12) NOT NULL,
  `Inv` varchar(255) DEFAULT NULL
) ENGINE=InnoDB DEFAULT CHARSET=utf8mb4 COLLATE=utf8mb4_general_ci;

--
-- إرجاع أو استيراد بيانات الجدول `invs`
--

INSERT INTO `invs` (`id`, `orgID`, `Inv`) VALUES
(1, 1, '1'),
(2, 2, '14'),
(3, 3, '00000'),
(4, 4, '00000'),
(5, 5, '00000'),
(6, 6, '00000'),
(7, 7, '00000'),
(8, 8, '00000'),
(9, 9, '00000');

-- --------------------------------------------------------

--
-- بنية الجدول `jobs`
--

CREATE TABLE `jobs` (
  `id` bigint(20) UNSIGNED NOT NULL,
  `orgID` int(11) NOT NULL,
  `nameAr` varchar(255) NOT NULL,
  `nameEn` varchar(255) NOT NULL,
  `Status` int(11) NOT NULL DEFAULT 1,
  `created_at` timestamp NULL DEFAULT NULL,
  `updated_at` timestamp NULL DEFAULT NULL
) ENGINE=InnoDB DEFAULT CHARSET=utf8mb4 COLLATE=utf8mb4_unicode_ci;

-- --------------------------------------------------------

--
-- بنية الجدول `journals`
--

CREATE TABLE `journals` (
  `id` int(11) NOT NULL,
  `Debit` varchar(255) NOT NULL,
  `Credit` varchar(255) NOT NULL,
  `dec` text NOT NULL,
  `Total` varchar(255) NOT NULL,
  `Ref` varchar(255) NOT NULL,
  `Type` int(12) NOT NULL,
  `userID` int(12) NOT NULL,
  `date` date NOT NULL,
  `kind` int(12) NOT NULL,
  `Items` int(12) NOT NULL,
  `orgID` int(11) NOT NULL
) ENGINE=InnoDB DEFAULT CHARSET=utf8mb4 COLLATE=utf8mb4_general_ci;

-- --------------------------------------------------------

--
-- بنية الجدول `journal_subs`
--

CREATE TABLE `journal_subs` (
  `id` int(11) NOT NULL,
  `nameAccount` varchar(255) NOT NULL,
  `CodeAccount` varchar(255) NOT NULL,
  `Debit` varchar(255) NOT NULL,
  `Credit` varchar(255) NOT NULL,
  `dec` text NOT NULL DEFAULT 'no found',
  `CostCenter` int(255) NOT NULL,
  `journalID` int(12) NOT NULL,
  `orgID` int(12) DEFAULT NULL,
  `branchID` int(12) DEFAULT NULL,
  `userID` int(12) DEFAULT NULL,
  `AccountID` int(12) DEFAULT NULL,
  `date` date DEFAULT NULL
) ENGINE=InnoDB DEFAULT CHARSET=utf8mb4 COLLATE=utf8mb4_general_ci;

-- --------------------------------------------------------

--
-- بنية الجدول `kitchens`
--

CREATE TABLE `kitchens` (
  `id` bigint(20) UNSIGNED NOT NULL,
  `orgID` int(11) NOT NULL,
  `branchID` int(11) NOT NULL,
  `userID` int(11) NOT NULL,
  `nameAr` varchar(255) NOT NULL,
  `nameEn` varchar(255) DEFAULT NULL,
  `status` int(11) NOT NULL DEFAULT 1,
  `created_at` timestamp NULL DEFAULT NULL,
  `updated_at` timestamp NULL DEFAULT NULL
) ENGINE=InnoDB DEFAULT CHARSET=utf8mb4 COLLATE=utf8mb4_unicode_ci;

--
-- إرجاع أو استيراد بيانات الجدول `kitchens`
--

INSERT INTO `kitchens` (`id`, `orgID`, `branchID`, `userID`, `nameAr`, `nameEn`, `status`, `created_at`, `updated_at`) VALUES
(1, 2, 2, 2, 'الباستا', 'pasta', 1, '2024-02-11 15:40:31', '2024-02-13 12:40:06'),
(2, 2, 2, 2, 'بيتزا', 'pizza', 1, '2024-02-11 15:41:09', '2024-02-13 12:40:38'),
(3, 2, 2, 2, 'الكاشير', 'casher', 1, '2024-02-11 15:44:36', '2024-02-13 12:41:15'),
(4, 2, 2, 2, 'المقليات', 'frieds', 1, '2024-02-11 15:46:20', '2024-02-13 12:43:24'),
(5, 2, 2, 2, 'الباستا', 'pasta', 5, '2024-02-11 23:34:58', '2024-02-13 12:39:54'),
(6, 2, 2, 2, 'الباستا', 'pasta', 5, '2024-02-11 23:35:29', '2024-02-13 12:39:48'),
(7, 2, 2, 2, 'الباستا', 'pasta', 5, '2024-02-12 14:32:20', '2024-02-13 12:39:40'),
(8, 1, 1, 1, 'المشروبات', 'Drinks', 1, '2024-02-13 08:30:23', '2024-02-13 08:30:23'),
(9, 1, 1, 1, 'البيتزا', 'Pizzza', 1, '2024-02-13 08:30:43', '2024-02-13 10:01:45'),
(10, 1, 1, 1, 'المشويات', 'Parpic', 5, '2024-02-13 08:34:57', '2024-02-13 11:06:56');

-- --------------------------------------------------------

--
-- بنية الجدول `manufacturdetials`
--

CREATE TABLE `manufacturdetials` (
  `id` int(11) NOT NULL,
  `orgID` int(12) NOT NULL,
  `ProdectId` int(12) NOT NULL,
  `Quantity` float(12,2) DEFAULT NULL,
  `VolumeID` varchar(12) DEFAULT NULL,
  `QuantityTotal` varchar(12) DEFAULT NULL,
  `unit` varchar(255) DEFAULT NULL,
  `coststore` varchar(255) DEFAULT NULL,
  `storeid` int(12) DEFAULT NULL
) ENGINE=InnoDB DEFAULT CHARSET=utf8mb4 COLLATE=utf8mb4_general_ci;

--
-- إرجاع أو استيراد بيانات الجدول `manufacturdetials`
--

INSERT INTO `manufacturdetials` (`id`, `orgID`, `ProdectId`, `Quantity`, `VolumeID`, `QuantityTotal`, `unit`, `coststore`, `storeid`) VALUES
(7, 2, 5, 1.00, '1', '30', '5', '10', NULL),
(8, 2, 16, 100.00, '1', '0.03', '4', '0.01', NULL),
(9, 2, 17, 3000.00, '1', '0.006', '4', '0.002', NULL),
(10, 2, 15, 200.00, '2', '0.024', '2', '0.006', NULL),
(11, 2, 17, 500.00, '2', '0.008', '4', '0.002', NULL),
(12, 2, 18, 3.00, '2', '0.056', '2', '0.014', NULL),
(13, 2, 16, 400.00, '2', '0.04', '4', '0.01', NULL),
(14, 2, 15, 1.00, '3', '0.006', '2', '0.00666667', NULL),
(15, 2, 17, 1.00, '3', '0.002', '4', '0.501667', NULL),
(16, 2, 18, 1.00, '3', '0.014', '2', '0.014', NULL),
(17, 2, 16, 1.00, '3', '0.01', '4', '0.06', NULL);

-- --------------------------------------------------------

--
-- بنية الجدول `manufacturs`
--

CREATE TABLE `manufacturs` (
  `id` int(12) NOT NULL,
  `orgID` int(12) NOT NULL,
  `branchID` int(12) NOT NULL,
  `productID` int(12) NOT NULL,
  `Quantity` varchar(255) NOT NULL,
  `totalcost` varchar(12) DEFAULT NULL,
  `desc` text DEFAULT NULL,
  `date` date NOT NULL,
  `VolumeID` int(12) DEFAULT NULL,
  `kind` varchar(12) DEFAULT NULL,
  `nameprodect` varchar(255) DEFAULT NULL,
  `unit` int(12) DEFAULT NULL,
  `storeid` int(12) DEFAULT NULL
) ENGINE=InnoDB DEFAULT CHARSET=utf8mb4 COLLATE=utf8mb4_general_ci;

--
-- إرجاع أو استيراد بيانات الجدول `manufacturs`
--

INSERT INTO `manufacturs` (`id`, `orgID`, `branchID`, `productID`, `Quantity`, `totalcost`, `desc`, `date`, `VolumeID`, `kind`, `nameprodect`, `unit`, `storeid`) VALUES
(1, 2, 2, 11, '3', '30.0360', NULL, '2024-02-15', NULL, '2', 'معكرونة مسلو', 1, NULL),
(2, 2, 2, 9, '4', '0.1280', NULL, '2024-02-17', 11, '1', 'عجين', 1, NULL),
(3, 2, 2, 9, '4', '0.0320', NULL, '2024-02-26', 11, '1', 'عجين', 1, NULL);

-- --------------------------------------------------------

--
-- بنية الجدول `migrations`
--

CREATE TABLE `migrations` (
  `id` int(10) UNSIGNED NOT NULL,
  `migration` varchar(255) NOT NULL,
  `batch` int(11) NOT NULL
) ENGINE=InnoDB DEFAULT CHARSET=utf8mb4 COLLATE=utf8mb4_unicode_ci;

-- --------------------------------------------------------

--
-- بنية الجدول `movements`
--

CREATE TABLE `movements` (
  `id` bigint(20) UNSIGNED NOT NULL,
  `name` varchar(255) NOT NULL,
  `branchID` int(11) NOT NULL,
  `type` int(11) NOT NULL,
  `total_mov` double(8,2) NOT NULL,
  `available_balance` int(11) NOT NULL,
  `create_by` int(11) NOT NULL,
  `created_at` timestamp NULL DEFAULT NULL,
  `updated_at` timestamp NULL DEFAULT NULL
) ENGINE=InnoDB DEFAULT CHARSET=utf8mb4 COLLATE=utf8mb4_unicode_ci;

-- --------------------------------------------------------

--
-- بنية الجدول `offerprice`
--

CREATE TABLE `offerprice` (
  `id` bigint(20) UNSIGNED NOT NULL,
  `orgID` int(11) NOT NULL,
  `branchID` int(11) NOT NULL,
  `customerID` int(11) DEFAULT NULL,
  `userID` int(11) NOT NULL,
  `totalwvat` double(8,2) NOT NULL,
  `totalvat` double(8,2) NOT NULL,
  `discount` float NOT NULL DEFAULT 0,
  `cash` double DEFAULT NULL,
  `card` double DEFAULT NULL,
  `type` int(11) NOT NULL,
  `orderType` int(11) NOT NULL DEFAULT 1,
  `status` int(11) NOT NULL DEFAULT 1,
  `serial` varchar(20) NOT NULL,
  `durationID` int(11) DEFAULT NULL,
  `ordBy` int(11) DEFAULT NULL,
  `tblNo` int(11) DEFAULT NULL,
  `dailyBillNo` int(11) DEFAULT NULL,
  `ispaied` int(11) DEFAULT NULL,
  `created_at` timestamp NULL DEFAULT NULL,
  `updated_at` timestamp NULL DEFAULT NULL,
  `NameAcount` varchar(255) DEFAULT NULL,
  `AccountID` int(255) DEFAULT NULL,
  `salaseAccount` varchar(255) DEFAULT NULL,
  `kind` int(11) NOT NULL,
  `CostCenter` int(12) DEFAULT NULL,
  `Duration` int(12) DEFAULT NULL,
  `FlageCustumer` int(12) DEFAULT NULL
) ENGINE=InnoDB DEFAULT CHARSET=utf8mb4 COLLATE=utf8mb4_unicode_ci;

-- --------------------------------------------------------

--
-- بنية الجدول `offerpricedetails`
--

CREATE TABLE `offerpricedetails` (
  `id` bigint(20) UNSIGNED NOT NULL,
  `orgID` int(11) NOT NULL,
  `branchID` int(11) NOT NULL,
  `productID` int(11) NOT NULL,
  `productName` varchar(250) DEFAULT NULL,
  `userID` int(11) NOT NULL,
  `orderID` int(11) NOT NULL,
  `kitchenID` int(11) DEFAULT NULL,
  `status` int(11) NOT NULL DEFAULT 1,
  `price` double(8,2) NOT NULL,
  `total` decimal(10,0) NOT NULL,
  `totalcost` decimal(10,0) NOT NULL,
  `quantity` double(8,2) NOT NULL,
  `discount` float DEFAULT NULL,
  `created_at` timestamp NULL DEFAULT NULL,
  `updated_at` timestamp NULL DEFAULT NULL,
  `Profit` varchar(255) DEFAULT NULL
) ENGINE=InnoDB DEFAULT CHARSET=utf8mb4 COLLATE=utf8mb4_unicode_ci;

-- --------------------------------------------------------

--
-- بنية الجدول `opening_balances`
--

CREATE TABLE `opening_balances` (
  `id` int(11) NOT NULL,
  `nameAccount` varchar(255) NOT NULL,
  `CodeAccount` varchar(255) NOT NULL,
  `Debit` varchar(255) NOT NULL,
  `Credit` varchar(255) NOT NULL,
  `date` date NOT NULL,
  `desc` text NOT NULL,
  `UserID` int(12) NOT NULL,
  `AccountID` int(12) NOT NULL,
  `orgID` int(11) NOT NULL
) ENGINE=InnoDB DEFAULT CHARSET=utf8mb4 COLLATE=utf8mb4_general_ci;

-- --------------------------------------------------------

--
-- بنية الجدول `orderdetails`
--

CREATE TABLE `orderdetails` (
  `id` bigint(20) UNSIGNED NOT NULL,
  `orgID` int(11) NOT NULL,
  `branchID` int(11) NOT NULL,
  `productID` int(11) NOT NULL,
  `productName` varchar(250) DEFAULT NULL,
  `userID` int(11) NOT NULL,
  `orderID` int(11) NOT NULL,
  `kitchenID` int(11) DEFAULT NULL,
  `status` int(11) NOT NULL DEFAULT 1,
  `price` double(8,2) NOT NULL,
  `total` decimal(10,0) NOT NULL,
  `totalcost` decimal(10,0) NOT NULL,
  `quantity` double(8,2) NOT NULL,
  `discount` float NOT NULL DEFAULT 0,
  `created_at` timestamp NULL DEFAULT NULL,
  `updated_at` timestamp NULL DEFAULT NULL,
  `nadel` varchar(255) DEFAULT NULL,
  `Extracount` int(12) NOT NULL DEFAULT 0,
  `Extratotal` float NOT NULL DEFAULT 0,
  `kind` int(12) DEFAULT NULL
) ENGINE=InnoDB DEFAULT CHARSET=utf8mb4 COLLATE=utf8mb4_unicode_ci;

--
-- إرجاع أو استيراد بيانات الجدول `orderdetails`
--

INSERT INTO `orderdetails` (`id`, `orgID`, `branchID`, `productID`, `productName`, `userID`, `orderID`, `kitchenID`, `status`, `price`, `total`, `totalcost`, `quantity`, `discount`, `created_at`, `updated_at`, `nadel`, `Extracount`, `Extratotal`, `kind`) VALUES
(1, 2, 2, 10, 'بيتزا بيبروني', 2, 1, 2, 1, 45.00, '45', '0', 1.00, 0, '2024-02-19 12:25:08', '2024-02-19 12:25:08', NULL, 0, 0, 2),
(2, 2, 2, 10, 'بيتزا بيبروني', 2, 2, 2, 1, 45.00, '45', '0', 1.00, 0, '2024-02-19 12:58:22', '2024-02-19 12:58:22', NULL, 0, 0, 2),
(3, 2, 2, 20, 'باستا خضار', 2, 3, 1, 1, 15.00, '60', '0', 4.00, 0, '2024-02-19 13:01:58', '2024-02-19 13:01:58', NULL, 0, 0, 2),
(4, 2, 2, 1, 'باستا الدجاج', 2, 4, 1, 1, 29.00, '29', '0', 1.00, 0, '2024-02-19 13:53:46', '2024-02-19 13:53:46', NULL, 0, 0, 1),
(5, 2, 2, 1, 'باستا الدجاج', 5, 5, 1, 1, 29.00, '29', '0', 1.00, 0, '2024-02-19 15:30:20', '2024-02-19 15:30:20', NULL, 0, 0, 2),
(6, 2, 2, 20, 'باستا خضار', 5, 5, 1, 1, 15.00, '15', '0', 1.00, 0, '2024-02-19 15:30:20', '2024-02-19 15:30:20', NULL, 0, 0, 2),
(7, 2, 2, 3, 'سباغيتي', 2, 6, 1, 1, 30.00, '30', '0', 1.00, 0, '2024-02-20 12:02:52', '2024-02-20 12:02:52', NULL, 0, 0, 2),
(8, 2, 2, 22, 'سفن اب', 2, 6, 3, 1, 5.00, '5', '0', 1.00, 0, '2024-02-20 12:02:52', '2024-02-20 12:02:52', NULL, 0, 0, 2),
(9, 2, 2, 1, 'باستا الدجاج', 5, 7, 1, 1, 29.00, '29', '0', 1.00, 0, '2024-02-21 12:33:16', '2024-02-21 12:33:16', NULL, 0, 0, 2),
(10, 2, 2, 3, 'سباغيتي', 5, 8, 1, 1, 30.00, '30', '0', 1.00, 0, '2024-02-21 12:36:08', '2024-02-21 12:36:08', NULL, 0, 0, 1),
(11, 2, 2, 3, 'سباغيتي', 5, 9, 1, 1, 30.00, '30', '0', 1.00, 0, '2024-02-25 13:34:09', '2024-02-25 13:34:09', NULL, 0, 0, 1),
(12, 2, 2, 3, 'سباغيتي', 2, 10, 1, 1, 30.00, '300', '0', 10.00, 0, '2024-02-26 14:03:55', '2024-02-26 14:03:55', NULL, 0, 0, 2);

-- --------------------------------------------------------

--
-- بنية الجدول `orderinv_details`
--

CREATE TABLE `orderinv_details` (
  `id` bigint(20) UNSIGNED NOT NULL,
  `orgID` int(11) NOT NULL,
  `branchID` int(11) NOT NULL,
  `productID` int(11) NOT NULL,
  `productName` varchar(250) DEFAULT NULL,
  `userID` int(11) NOT NULL,
  `orderID` int(11) NOT NULL,
  `kitchenID` int(11) DEFAULT NULL,
  `status` int(11) NOT NULL DEFAULT 1,
  `price` double(8,2) NOT NULL,
  `total` decimal(10,0) NOT NULL,
  `totalcost` decimal(10,0) NOT NULL,
  `quantity` double(8,2) NOT NULL,
  `discount` float DEFAULT NULL,
  `created_at` timestamp NULL DEFAULT NULL,
  `updated_at` timestamp NULL DEFAULT NULL,
  `nadel` varchar(255) DEFAULT NULL,
  `vat` int(255) DEFAULT NULL,
  `Extratotal` float DEFAULT 0,
  `kind` int(12) DEFAULT NULL,
  `desc` text DEFAULT NULL
) ENGINE=InnoDB DEFAULT CHARSET=utf8mb4 COLLATE=utf8mb4_unicode_ci;

--
-- إرجاع أو استيراد بيانات الجدول `orderinv_details`
--

INSERT INTO `orderinv_details` (`id`, `orgID`, `branchID`, `productID`, `productName`, `userID`, `orderID`, `kitchenID`, `status`, `price`, `total`, `totalcost`, `quantity`, `discount`, `created_at`, `updated_at`, `nadel`, `vat`, `Extratotal`, `kind`, `desc`) VALUES
(1, 1, 1, 14, 'شاي', 1, 1, NULL, 1, 1.00, '1', '0', 1.00, 0, '2024-02-18 14:32:59', '2024-02-18 14:32:59', NULL, 0, 0, 1, NULL),
(2, 2, 2, 1, 'باستا الدجاج', 2, 2, NULL, 1, 29.00, '29', '0', 1.00, 0, '2024-02-19 12:17:53', '2024-02-19 12:17:53', NULL, 15, 0, 2, NULL),
(3, 2, 2, 10, 'بيتزا بيبروني', 5, 3, NULL, 1, 45.00, '45', '0', 1.00, 0, '2024-02-21 12:34:19', '2024-02-21 12:34:19', NULL, 15, 0, 2, NULL);

-- --------------------------------------------------------

--
-- بنية الجدول `orders`
--

CREATE TABLE `orders` (
  `id` bigint(20) UNSIGNED NOT NULL,
  `orgID` int(11) NOT NULL,
  `branchID` int(11) NOT NULL,
  `customerID` int(11) DEFAULT NULL,
  `userID` int(11) NOT NULL,
  `totalwvat` double(8,2) NOT NULL,
  `totalvat` double(8,2) NOT NULL,
  `discount` float NOT NULL DEFAULT 0,
  `cash` double DEFAULT NULL,
  `card` double DEFAULT NULL,
  `type` int(11) NOT NULL,
  `orderType` int(11) NOT NULL DEFAULT 1,
  `status` int(11) NOT NULL DEFAULT 1,
  `serial` varchar(20) DEFAULT NULL,
  `durationID` int(11) DEFAULT NULL,
  `ordBy` int(11) DEFAULT NULL,
  `tblNo` int(11) DEFAULT NULL,
  `dailyBillNo` int(11) DEFAULT NULL,
  `ispaied` int(11) DEFAULT NULL,
  `created_at` timestamp NULL DEFAULT NULL,
  `updated_at` timestamp NULL DEFAULT NULL,
  `NameAcount` varchar(255) DEFAULT NULL,
  `AccountID` int(255) DEFAULT NULL,
  `salaseAccount` varchar(255) DEFAULT NULL,
  `kind` int(11) NOT NULL,
  `CostCenter` int(12) DEFAULT NULL,
  `Duration` int(12) DEFAULT NULL,
  `nadel` varchar(255) DEFAULT NULL,
  `TypeInv` varchar(255) DEFAULT NULL
) ENGINE=InnoDB DEFAULT CHARSET=utf8mb4 COLLATE=utf8mb4_unicode_ci;

--
-- إرجاع أو استيراد بيانات الجدول `orders`
--

INSERT INTO `orders` (`id`, `orgID`, `branchID`, `customerID`, `userID`, `totalwvat`, `totalvat`, `discount`, `cash`, `card`, `type`, `orderType`, `status`, `serial`, `durationID`, `ordBy`, `tblNo`, `dailyBillNo`, `ispaied`, `created_at`, `updated_at`, `NameAcount`, `AccountID`, `salaseAccount`, `kind`, `CostCenter`, `Duration`, `nadel`, `TypeInv`) VALUES
(1, 2, 2, 3, 2, 45.00, 5.87, 0, NULL, NULL, 121, 4, 1, '000006', 2, 2, NULL, NULL, NULL, '2024-02-19 12:25:08', '2024-02-19 12:25:08', 'نافذة بيع', 121001, '411', 0, 1, NULL, NULL, '2'),
(2, 2, 2, 3, 2, 45.00, 5.87, 0, NULL, NULL, 122, 1, 1, '000007', 3, 2, NULL, NULL, NULL, '2024-02-19 12:58:22', '2024-02-19 12:58:22', 'نافذة بيع', 121001, '411', 0, 1, NULL, NULL, '2'),
(3, 2, 2, 3, 2, 60.00, 7.83, 0, NULL, NULL, 121, 4, 1, '000008', 3, 2, NULL, NULL, NULL, '2024-02-19 13:01:58', '2024-02-19 13:01:58', 'نافذة بيع', 121001, '411', 0, 1, NULL, NULL, '2'),
(4, 2, 2, 3, 2, 29.00, 3.78, 0, NULL, NULL, 3, 3, 1, NULL, 6, 3, 4, NULL, NULL, '2024-02-19 13:53:46', '2024-02-19 13:58:10', NULL, NULL, NULL, 1, NULL, NULL, '2', '1'),
(5, 2, 2, 3, 5, 44.00, 5.74, 0, NULL, NULL, 121, 2, 1, '000009', 7, 5, NULL, NULL, NULL, '2024-02-19 15:30:20', '2024-02-19 15:30:20', 'نافذة بيع', 121, '411', 0, 1, NULL, NULL, '2'),
(6, 2, 2, 3, 2, 35.00, 4.57, 0, NULL, NULL, 121, 4, 1, '000010', 10, 2, NULL, NULL, NULL, '2024-02-20 12:02:52', '2024-02-20 12:02:52', 'نافذة بيع', 121001, '411', 0, 1, NULL, NULL, '2'),
(7, 2, 2, 3, 5, 29.00, 3.78, 0, NULL, NULL, 121, 3, 1, '000011', 11, 5, 4, NULL, NULL, '2024-02-21 12:33:16', '2024-02-21 12:33:16', 'نافذة بيع', 121, '411', 0, 1, NULL, NULL, '2'),
(8, 2, 2, 3, 5, 30.00, 3.91, 0, NULL, NULL, 3, 3, 1, NULL, 12, 3, 3, NULL, NULL, '2024-02-21 12:36:08', '2024-02-21 12:36:08', NULL, NULL, NULL, 1, NULL, NULL, '5', '1'),
(9, 2, 2, 3, 5, 30.00, 3.91, 0, NULL, NULL, 3, 3, 1, '000013', 13, 5, 1, NULL, NULL, '2024-02-25 13:34:09', '2024-02-25 13:34:09', NULL, NULL, NULL, 0, NULL, NULL, NULL, '1'),
(10, 2, 2, 3, 2, 300.00, 39.13, 0, NULL, NULL, 121, 1, 1, '000014', 14, 2, NULL, NULL, NULL, '2024-02-26 14:03:55', '2024-02-26 14:03:55', 'نافذة بيع', 121001, '411', 0, 1, NULL, NULL, '2');

-- --------------------------------------------------------

--
-- بنية الجدول `order_invs`
--

CREATE TABLE `order_invs` (
  `id` bigint(20) UNSIGNED NOT NULL,
  `orgID` int(11) NOT NULL,
  `branchID` int(11) NOT NULL,
  `customerID` int(11) DEFAULT NULL,
  `userID` int(11) NOT NULL,
  `totalwvat` double(8,2) NOT NULL,
  `totalvat` double(8,2) NOT NULL,
  `discount` float NOT NULL DEFAULT 0,
  `cash` double DEFAULT NULL,
  `card` double DEFAULT NULL,
  `type` int(11) NOT NULL,
  `orderType` int(11) NOT NULL DEFAULT 1,
  `status` int(11) NOT NULL DEFAULT 1,
  `serial` varchar(20) DEFAULT NULL,
  `durationID` int(11) DEFAULT NULL,
  `ordBy` int(11) DEFAULT NULL,
  `tblNo` int(11) DEFAULT NULL,
  `dailyBillNo` int(11) DEFAULT NULL,
  `ispaied` int(11) DEFAULT NULL,
  `created_at` timestamp NULL DEFAULT NULL,
  `updated_at` timestamp NULL DEFAULT NULL,
  `NameAcount` varchar(255) DEFAULT NULL,
  `AccountID` int(255) DEFAULT NULL,
  `salaseAccount` varchar(255) DEFAULT NULL,
  `kind` int(11) NOT NULL,
  `CostCenter` int(12) DEFAULT NULL,
  `Duration` int(12) DEFAULT NULL,
  `nadel` varchar(255) DEFAULT NULL,
  `TypeInv` varchar(255) DEFAULT NULL
) ENGINE=InnoDB DEFAULT CHARSET=utf8mb4 COLLATE=utf8mb4_unicode_ci;

--
-- إرجاع أو استيراد بيانات الجدول `order_invs`
--

INSERT INTO `order_invs` (`id`, `orgID`, `branchID`, `customerID`, `userID`, `totalwvat`, `totalvat`, `discount`, `cash`, `card`, `type`, `orderType`, `status`, `serial`, `durationID`, `ordBy`, `tblNo`, `dailyBillNo`, `ispaied`, `created_at`, `updated_at`, `NameAcount`, `AccountID`, `salaseAccount`, `kind`, `CostCenter`, `Duration`, `nadel`, `TypeInv`) VALUES
(1, 1, 1, 2, 1, 1.00, 0.00, 0, NULL, NULL, 121, 1, 1, '000001', 1, NULL, NULL, NULL, NULL, '2024-02-18 14:32:59', '2024-02-18 14:32:59', 'صندوق افتراضي', 121001, '411', 2, 1, NULL, NULL, '1'),
(2, 2, 2, 1, 2, 29.00, 3.78, 15, NULL, NULL, 121, 1, 1, '000005', 1, NULL, NULL, NULL, NULL, '2024-02-19 12:17:53', '2024-02-19 12:17:53', 'صندوق افتراضي', 121001, '411', 2, 2, NULL, NULL, '2'),
(3, 2, 2, 1, 5, 45.00, 5.87, 15, NULL, NULL, 121, 1, 1, '000012', NULL, NULL, NULL, NULL, NULL, '2024-02-21 12:34:19', '2024-02-21 12:34:19', 'صندوق افتراضي', 121001, '411', 2, 2, NULL, NULL, '2');

-- --------------------------------------------------------

--
-- بنية الجدول `organizations`
--

CREATE TABLE `organizations` (
  `id` bigint(20) UNSIGNED NOT NULL,
  `userID` int(11) NOT NULL,
  `nameAr` varchar(255) NOT NULL,
  `nameEn` varchar(255) DEFAULT NULL,
  `vatNo` varchar(255) DEFAULT NULL,
  `CR` varchar(255) DEFAULT NULL,
  `logo` varchar(255) NOT NULL,
  `signature` varchar(250) DEFAULT NULL,
  `status` int(11) NOT NULL DEFAULT 1,
  `opening_balance` int(5) DEFAULT NULL,
  `available_balance` int(5) DEFAULT NULL,
  `activity` int(11) NOT NULL DEFAULT 1,
  `isNew` int(11) NOT NULL DEFAULT 1,
  `isPaid` int(11) NOT NULL DEFAULT 0,
  `sectionID` int(11) NOT NULL,
  `PayGateStatus` int(11) NOT NULL DEFAULT 0,
  `packageID` int(11) NOT NULL DEFAULT 1,
  `created_at` timestamp NULL DEFAULT NULL,
  `updated_at` timestamp NULL DEFAULT NULL
) ENGINE=InnoDB DEFAULT CHARSET=utf8mb4 COLLATE=utf8mb4_unicode_ci;

--
-- إرجاع أو استيراد بيانات الجدول `organizations`
--

INSERT INTO `organizations` (`id`, `userID`, `nameAr`, `nameEn`, `vatNo`, `CR`, `logo`, `signature`, `status`, `opening_balance`, `available_balance`, `activity`, `isNew`, `isPaid`, `sectionID`, `PayGateStatus`, `packageID`, `created_at`, `updated_at`) VALUES
(1, 1, 'إدارة النظام', NULL, '12345678985', '123456789784', 'default.png', NULL, 1, NULL, NULL, 2, 1, 0, 2, 0, 0, '2024-02-11 14:28:58', '2024-02-11 14:29:16'),
(2, 2, 'مطعم نورة', NULL, '12345667', '12344734', 'default.png', NULL, 1, NULL, NULL, 2, 1, 0, 2, 0, 0, '2024-02-11 14:51:06', '2024-02-11 14:53:23'),
(3, 3, 'شركة عين للاتصالات وتقنية المعلومات', NULL, '310524172700003', '1010624739', 'default.png', NULL, 1, NULL, NULL, 1, 1, 0, 1, 0, 0, '2024-02-11 14:52:33', '2024-02-11 14:52:57'),
(4, 4, 'atef', NULL, '123456', '123456', 'default.png', NULL, 1, NULL, NULL, 2, 1, 0, 2, 0, 0, '2024-02-15 10:08:43', '2024-02-15 10:10:08'),
(5, 8, 'dhiaa', 'shihap', '877786786765699', '22222222222222', 'images_1709135535.png', 'images_1709135550.png', 1, NULL, NULL, 1, 1, 0, 1, 0, 1, '2024-02-28 14:47:21', '2024-02-28 15:52:30'),
(6, 9, 'ايفيكس التجارية', NULL, '12345678901234', '1234567890', 'logo EVIX_1709133884.png', 'logo EVIX_1709133884.png', 1, NULL, NULL, 1, 1, 0, 1, 0, 1, '2024-02-28 15:18:10', '2024-02-28 15:24:44'),
(7, 10, 'مطعم نورة2', 'restaurant', '123456', '6544321', 'default.png', NULL, 1, NULL, NULL, 2, 1, 0, 2, 0, 1, '2024-03-02 12:13:54', '2024-03-02 12:15:40'),
(8, 11, 'moblie', 'witer', '333333333333333', '333333333333', 'default.png', NULL, 1, NULL, NULL, 2, 1, 0, 2, 0, 1, '2024-03-02 12:44:08', '2024-03-02 12:44:20'),
(9, 12, 'Gwendolyn Cross', 'India Roy', '14', '19', 'default.png', NULL, 1, NULL, NULL, 1, 1, 0, 1, 0, 1, '2024-03-02 17:44:39', '2024-03-02 17:44:48');

-- --------------------------------------------------------

--
-- بنية الجدول `orgsubs`
--

CREATE TABLE `orgsubs` (
  `id` bigint(20) UNSIGNED NOT NULL,
  `orgID` int(11) NOT NULL,
  `subID` varchar(255) NOT NULL,
  `Status` int(11) NOT NULL DEFAULT 1,
  `created_at` timestamp NULL DEFAULT NULL,
  `updated_at` timestamp NULL DEFAULT NULL
) ENGINE=InnoDB DEFAULT CHARSET=utf8mb4 COLLATE=utf8mb4_unicode_ci;

-- --------------------------------------------------------

--
-- بنية الجدول `outcomecategories`
--

CREATE TABLE `outcomecategories` (
  `id` bigint(20) UNSIGNED NOT NULL,
  `orgID` int(11) NOT NULL,
  `userID` int(11) NOT NULL,
  `nameAr` varchar(255) NOT NULL,
  `nameEn` varchar(255) DEFAULT NULL,
  `status` int(11) NOT NULL DEFAULT 1,
  `created_at` timestamp NULL DEFAULT NULL,
  `updated_at` timestamp NULL DEFAULT NULL,
  `AccountID` varchar(255) NOT NULL,
  `TypeAccount` varchar(255) NOT NULL,
  `GuidesID` int(12) DEFAULT NULL
) ENGINE=InnoDB DEFAULT CHARSET=utf8mb4 COLLATE=utf8mb4_unicode_ci;

--
-- إرجاع أو استيراد بيانات الجدول `outcomecategories`
--

INSERT INTO `outcomecategories` (`id`, `orgID`, `userID`, `nameAr`, `nameEn`, `status`, `created_at`, `updated_at`, `AccountID`, `TypeAccount`, `GuidesID`) VALUES
(1, 2, 2, 'كهرباء', NULL, 1, '2024-02-24 11:27:54', '2024-02-24 11:27:54', '52001', 'مصروفات اداره', 171),
(2, 2, 2, 'ايجار', NULL, 1, '2024-02-24 11:28:10', '2024-02-24 11:28:10', '52002', 'مصروفات اداره', 172),
(3, 2, 2, 'اهلاك مباني', NULL, 1, '2024-02-24 11:28:37', '2024-02-24 11:28:37', '53001', 'مصروفات اهلاك', 173);

-- --------------------------------------------------------

--
-- بنية الجدول `outcomes`
--

CREATE TABLE `outcomes` (
  `id` bigint(20) UNSIGNED NOT NULL,
  `orgID` int(11) NOT NULL,
  `branchID` int(11) NOT NULL,
  `userID` int(11) NOT NULL,
  `categoryID` int(11) NOT NULL,
  `total` double(8,2) NOT NULL,
  `comment` varchar(255) NOT NULL,
  `img` varchar(250) DEFAULT NULL,
  `status` int(11) NOT NULL DEFAULT 1,
  `created_at` timestamp NULL DEFAULT NULL,
  `updated_at` timestamp NULL DEFAULT NULL,
  `AccountID` varchar(255) DEFAULT NULL,
  `nameAccount` varchar(255) DEFAULT NULL,
  `outAccount` varchar(255) DEFAULT NULL,
  `type` varchar(255) DEFAULT NULL
) ENGINE=InnoDB DEFAULT CHARSET=utf8mb4 COLLATE=utf8mb4_unicode_ci;

--
-- إرجاع أو استيراد بيانات الجدول `outcomes`
--

INSERT INTO `outcomes` (`id`, `orgID`, `branchID`, `userID`, `categoryID`, `total`, `comment`, `img`, `status`, `created_at`, `updated_at`, `AccountID`, `nameAccount`, `outAccount`, `type`) VALUES
(1, 2, 2, 2, 2, 5000.00, 'دفع ايجار', 'default.jpg', 1, '2024-02-24 11:32:15', '2024-02-24 11:32:15', '52002', 'صندوق 2', '121002', '121');

-- --------------------------------------------------------

--
-- بنية الجدول `pagecategories`
--

CREATE TABLE `pagecategories` (
  `id` bigint(20) UNSIGNED NOT NULL,
  `orgID` int(11) NOT NULL,
  `userID` int(11) NOT NULL,
  `nameAr` varchar(255) NOT NULL,
  `nameEn` varchar(255) DEFAULT NULL,
  `status` int(11) NOT NULL DEFAULT 1,
  `created_at` timestamp NULL DEFAULT NULL,
  `updated_at` timestamp NULL DEFAULT NULL
) ENGINE=InnoDB DEFAULT CHARSET=utf8mb4 COLLATE=utf8mb4_unicode_ci;

--
-- إرجاع أو استيراد بيانات الجدول `pagecategories`
--

INSERT INTO `pagecategories` (`id`, `orgID`, `userID`, `nameAr`, `nameEn`, `status`, `created_at`, `updated_at`) VALUES
(1, 3, 6, 'الرئيسية', 'Home', 1, '2023-08-28 13:01:59', '2023-08-28 13:01:59'),
(2, 3, 6, 'التقارير', 'Reports', 1, '2023-08-28 13:02:17', '2023-08-28 13:02:17'),
(3, 3, 6, 'المنتجات', 'Products', 1, '2023-08-28 13:02:38', '2023-08-28 13:02:38'),
(4, 3, 6, 'المبيعات', 'Sales', 1, '2023-08-28 13:02:59', '2023-08-28 13:02:59'),
(5, 3, 6, 'المشتريات', 'Purchases', 1, '2023-08-28 13:03:16', '2023-08-28 13:03:16'),
(6, 3, 6, 'السندات', 'Payments', 1, '2023-08-28 13:03:42', '2023-08-28 13:03:42'),
(7, 3, 6, 'العملاء والموردين', 'Customers & Suppliers', 1, '2023-08-28 13:04:16', '2023-08-28 13:04:16'),
(8, 3, 6, 'المصروفات', 'Outcomes', 1, '2023-08-28 13:04:49', '2023-08-28 13:04:49'),
(9, 3, 6, 'المستخدمين', 'Users', 1, '2023-08-28 13:05:12', '2023-08-28 13:05:12'),
(10, 3, 6, 'معلومات المؤسسة', 'Organization Info', 1, '2023-08-28 13:05:43', '2023-08-28 13:05:43'),
(11, 3, 6, 'الصلاحيات', 'Permissions', 1, '2023-08-28 13:06:05', '2023-08-28 13:06:05'),
(12, 23, 37, 'الموارد البشرية', 'HR', 1, '2023-12-27 13:12:52', '2023-12-27 13:12:52'),
(13, 3, 6, 'الحسابات', 'Account', 1, '2023-12-27 13:12:52', '2023-12-27 13:12:52');

-- --------------------------------------------------------

--
-- بنية الجدول `pages`
--

CREATE TABLE `pages` (
  `id` bigint(20) UNSIGNED NOT NULL,
  `orgID` int(11) NOT NULL,
  `branchID` int(11) NOT NULL,
  `userID` int(11) NOT NULL,
  `categoryID` int(11) NOT NULL DEFAULT 1,
  `nameAr` varchar(255) NOT NULL,
  `nameEn` varchar(255) NOT NULL,
  `code` varchar(255) NOT NULL,
  `status` int(11) NOT NULL DEFAULT 1,
  `created_at` timestamp NULL DEFAULT NULL,
  `updated_at` timestamp NULL DEFAULT NULL
) ENGINE=InnoDB DEFAULT CHARSET=utf8mb4 COLLATE=utf8mb4_unicode_ci;

--
-- إرجاع أو استيراد بيانات الجدول `pages`
--

INSERT INTO `pages` (`id`, `orgID`, `branchID`, `userID`, `categoryID`, `nameAr`, `nameEn`, `code`, `status`, `created_at`, `updated_at`) VALUES
(1, 3, 4, 6, 1, 'الرئيسية', 'Home', 'homePage', 1, '2023-08-29 06:27:17', '2023-08-29 06:27:17'),
(2, 3, 4, 6, 2, 'تقرير الأصناف', 'Items Report', 'itemsReport', 1, '2023-08-29 06:37:30', '2023-08-29 07:38:29'),
(3, 3, 4, 6, 2, 'تقرير المبيعات', 'Sales Report', 'salesReport', 1, '2023-08-29 06:38:01', '2023-08-29 07:38:39'),
(4, 3, 4, 6, 2, 'تقرير سندات القبض', 'Receive payments report', 'receivePaymentsReport', 1, '2023-08-29 07:05:08', '2023-08-29 07:38:49'),
(5, 3, 4, 6, 2, 'تقرير سندات الصرف', 'Deliver Payments Report', 'deliverPaymentsReport', 1, '2023-08-29 09:01:32', '2023-08-29 09:01:32'),
(6, 3, 4, 6, 2, 'تقرير استلام البضاعة', 'Receive Items Report', 'receiveItemsReport', 1, '2023-08-29 09:02:45', '2023-08-29 09:02:45'),
(7, 3, 4, 6, 3, 'اقسام المنتجات', 'Products Category', 'productsCategory', 1, '2023-08-29 09:03:35', '2023-08-29 09:03:35'),
(8, 3, 4, 6, 3, 'قائمة المنتجات', 'Products List', 'productsList', 1, '2023-08-29 09:04:16', '2023-08-29 09:04:16'),
(9, 3, 4, 6, 3, 'اضافة المنتجات', 'Add Products', 'productsAdd', 1, '2023-08-29 09:05:10', '2023-08-29 09:05:10'),
(10, 3, 4, 6, 3, 'حذف المنتجات', 'Delete Products', 'productsDelete', 1, '2023-08-29 09:05:59', '2023-08-29 09:05:59'),
(11, 3, 4, 6, 3, 'عرض المنتج', 'View Product', 'productsView', 1, '2023-08-29 09:06:35', '2023-08-29 09:06:35'),
(12, 3, 4, 6, 3, 'مخزون المنتجات', 'Items Stock', 'itemsStock', 1, '2023-08-29 09:07:36', '2023-08-29 09:07:36'),
(13, 3, 4, 6, 3, 'الوحدات', 'Items Unit', 'itemsUnit', 1, '2023-08-29 09:08:14', '2024-01-23 11:06:05'),
(14, 3, 4, 6, 4, 'استخراج الفواتير', 'Create Bills', 'billsCreate', 1, '2023-08-29 09:09:08', '2023-08-29 09:09:08'),
(15, 3, 4, 6, 4, 'قائمة فواتير المبيعات', 'Bills List', 'billsList', 1, '2023-08-29 09:10:10', '2023-08-29 09:10:10'),
(16, 3, 4, 6, 4, 'الاشعارات الدائنة', 'Bills Credit', 'billsCred', 1, '2023-08-29 09:11:05', '2023-08-29 09:11:05'),
(17, 3, 4, 6, 4, 'الاشعارات المدينة', 'Bills Debit', 'billsDebit', 1, '2023-08-29 09:11:46', '2023-08-29 09:11:46'),
(18, 3, 4, 6, 5, 'قائمة المشتريات', 'Purchases List', 'purchasesList', 1, '2023-08-29 09:12:35', '2023-08-29 09:12:35'),
(19, 3, 4, 6, 5, 'اضافة المشتريات', 'Add Purchases', 'purchasesAdd', 1, '2023-08-29 09:13:24', '2023-08-29 09:13:24'),
(20, 3, 4, 6, 6, 'نموذج استلام بضاعة', 'Get Items Invoice', 'getItemsInvoice', 1, '2023-08-29 09:14:55', '2023-08-29 09:14:55'),
(21, 3, 4, 6, 6, 'انشاء سند قبض', 'Create Receive Payments', 'createReceivePayments', 1, '2023-08-29 09:31:09', '2023-08-29 09:31:09'),
(22, 3, 4, 6, 6, 'انشاء سند صرف', 'Create Deliver Payments', 'createDeliverPayments', 1, '2023-08-29 09:31:47', '2023-08-29 09:31:47'),
(23, 3, 4, 6, 7, 'قائمة العملاء', 'Customers List', 'customersList', 1, '2023-08-29 09:36:33', '2023-08-29 09:36:33'),
(24, 3, 4, 6, 7, 'اضافة العملاء', 'Add Customers', 'customersAdd', 1, '2023-08-29 09:37:03', '2023-08-29 09:37:03'),
(25, 3, 4, 6, 7, 'تعديل العملاء', 'Edit Customers', 'customersEdit', 1, '2023-08-29 09:37:39', '2023-08-29 09:37:39'),
(26, 3, 4, 6, 7, 'حذف العملاء', 'Delete Customers', 'customersDelete', 1, '2023-08-29 09:38:28', '2023-08-29 09:38:28'),
(27, 3, 4, 6, 7, 'عرض تفاصيل العميل', 'Show Customers Details', 'customersView', 1, '2023-08-29 09:39:16', '2023-08-29 09:39:16'),
(28, 3, 4, 6, 7, 'قائمة الموردين', 'Suppliers List', 'suppliersList', 1, '2023-08-29 09:39:52', '2023-08-29 09:39:52'),
(29, 3, 4, 6, 7, 'اضافة الموردين', 'Add Suppliers', 'suppliersAdd', 1, '2023-08-29 09:41:04', '2023-08-29 09:41:04'),
(30, 3, 4, 6, 7, 'تعديل الموردين', 'Edit Suppliers', 'suppliersEdit', 1, '2023-08-29 09:41:43', '2023-08-29 09:41:43'),
(31, 3, 4, 6, 7, 'حذف الموردين', 'Delete Suppliers', 'suppliersDelete', 1, '2023-08-29 09:58:27', '2023-08-29 09:58:27'),
(32, 3, 4, 6, 7, 'عرض تفاصيل المورد', 'Show Suppliers Details', 'suppliersView', 1, '2023-08-29 09:59:34', '2023-08-29 09:59:34'),
(33, 3, 4, 6, 8, 'سجل المصروفات', 'Outcomes List', 'outcomesList', 1, '2023-08-29 10:00:26', '2023-08-29 10:00:26'),
(34, 3, 4, 6, 8, 'اضافة مصروفات', 'Add Outcomes', 'outcomesCreate', 1, '2023-08-29 10:00:58', '2023-08-29 10:00:58'),
(35, 3, 4, 6, 8, 'بنود المصروفات', 'Outcomes Type', 'outcomesType', 1, '2023-08-29 11:54:49', '2023-08-29 11:54:49'),
(36, 3, 4, 6, 9, 'قائمة المستخدمين', 'Users List', 'usersList', 1, '2023-08-29 12:03:08', '2023-08-29 12:03:08'),
(37, 3, 4, 6, 9, 'اضافة مستخدم', 'Add User', 'usersAdd', 1, '2023-08-29 12:03:41', '2023-08-29 12:03:41'),
(38, 3, 4, 6, 9, 'تعديل المستخدم', 'Edit User', 'usersEdit', 1, '2023-08-29 12:04:11', '2023-08-29 12:04:11'),
(39, 3, 4, 6, 9, 'عرض تفاصيل المستخدم', 'Show User Details', 'userView', 1, '2023-08-29 12:08:47', '2023-08-29 12:08:47'),
(40, 3, 4, 6, 10, 'عرض بيانات المؤسسة', 'Show Organization Info', 'organizationView', 1, '2023-08-29 12:11:17', '2023-08-29 12:11:17'),
(41, 3, 4, 6, 10, 'تعديل بيانات المؤسسة', 'Edit Organization Info', 'organizationEdit', 1, '2023-08-29 12:12:12', '2023-08-29 12:12:12'),
(42, 3, 4, 6, 11, 'تعديل الصلاحيات', 'Edit Permissions', 'permissionsEdit', 1, '2023-08-29 12:12:50', '2023-08-29 12:12:50'),
(43, 3, 4, 6, 4, 'الطاولات', 'Tables', 'tbls', 1, '2023-09-11 11:03:53', '2023-09-11 11:03:53'),
(44, 3, 4, 6, 10, 'الاعلانات', 'Banners', 'banners', 1, '2023-09-14 11:17:40', '2023-09-14 11:17:40'),
(45, 3, 4, 6, 4, 'المطابخ', 'kitchens', 'kitchens', 1, '2023-09-30 06:18:49', '2023-09-30 06:18:49'),
(46, 3, 4, 6, 3, 'طلبات السيارة', 'Drive thru', 'drivethrus', 1, '2023-10-03 06:41:48', '2023-10-03 06:41:48'),
(47, 23, 6, 37, 1, 'employees', 'employees', '1', 1, '2023-12-27 13:15:25', '2023-12-19 13:15:25'),
(48, 23, 29, 37, 3, 'المستودعات', 'المستودعات', 'Storepage', 1, '2023-12-30 09:38:31', '2023-12-30 09:38:31'),
(49, 23, 29, 37, 3, 'تحويل مخزني', 'convert Store', 'convertStorepage', 1, '2023-12-30 09:39:52', '2023-12-30 09:39:52'),
(50, 23, 29, 37, 4, 'عرض سعر مبيعات', 'Offer Price', 'OfferPricepage', 1, '2023-12-30 09:44:47', '2023-12-30 09:44:47'),
(51, 23, 29, 37, 4, 'مرتجع مبيعات', 'Sales Returns', 'SalesReturns', 1, '2023-12-30 09:46:05', '2023-12-30 09:46:05'),
(52, 23, 29, 37, 5, 'مرتجع مشتريات', 'purchase return', 'purchasereturn', 1, '2023-12-30 09:48:01', '2023-12-30 09:48:01'),
(53, 23, 29, 37, 13, 'الدليل المحاسبي', 'Accounting Guide', 'pageAccountingGuide', 1, '2023-12-30 09:54:45', '2023-12-30 09:54:45'),
(54, 23, 29, 37, 13, 'البنوك', 'Bank', 'pageBank', 1, '2023-12-30 09:55:55', '2023-12-30 09:55:55'),
(55, 23, 29, 37, 13, 'الصناديق', 'Treasury', 'pageTreasury', 1, '2023-12-30 09:56:53', '2023-12-30 09:56:53'),
(56, 23, 29, 37, 13, 'مركز التكلفة', 'costcenters', 'pagecostcenters', 1, '2023-12-30 09:58:16', '2023-12-30 09:58:16'),
(57, 23, 29, 37, 13, 'القيود اليومية', 'Journal', 'pageJournal', 1, '2023-12-30 09:59:00', '2023-12-30 09:59:00'),
(58, 23, 29, 37, 13, 'القيود السهلة', 'Easy journals', 'pageEasyjournals', 1, '2023-12-30 09:59:47', '2023-12-30 09:59:47'),
(59, 23, 29, 37, 13, 'ارصدة افتتاحية', 'Opening Balances', 'pageOpeningBalances', 1, '2023-12-30 10:00:45', '2023-12-30 10:00:45'),
(60, 23, 29, 37, 13, 'اعادة التوجية', 'RoutAccount', 'pageRoutAccount', 1, '2023-12-30 10:02:18', '2023-12-30 10:02:18'),
(61, 23, 29, 37, 13, 'الحسابات الافتراضية', 'Virtual Account', 'VirtualAccount', 1, '2023-12-30 10:03:08', '2023-12-30 10:03:08'),
(62, 23, 29, 37, 2, 'تقارير', 'Report', 'ReportAlLPage', 1, '2023-12-30 10:09:34', '2023-12-30 10:09:34'),
(63, 7, 8, 10, 12, 'الموظفين', 'employees', 'employees', 1, '2024-01-09 06:34:44', '2024-01-09 06:34:44'),
(64, 3, 4, 6, 3, 'تعديل منتج', 'Product Edit', 'ProductEdit', 1, '2024-01-23 08:48:58', '2024-01-23 08:48:58'),
(65, 3, 4, 6, 3, 'الإضافات', 'Product Extra', 'ProductExtra', 1, '2024-01-23 09:00:19', '2024-01-23 09:00:19'),
(66, 3, 4, 6, 3, 'إخفاء منتج', 'Product Hide', 'ProductHide', 1, '2024-01-23 09:30:39', '2024-01-23 09:30:39'),
(67, 3, 4, 6, 3, 'المخزون التالف', 'Tainted Store', 'TaintedStore', 1, '2024-01-23 11:02:40', '2024-01-23 11:02:40'),
(68, 3, 4, 6, 3, 'المقادير', 'Components', 'components', 1, '2024-01-23 11:08:10', '2024-01-23 11:08:10'),
(69, 3, 4, 6, 4, 'طلبات اليوم', 'Today Orders', 'TodayOrders', 1, '2024-01-23 11:11:57', '2024-01-23 11:11:57'),
(70, 3, 4, 6, 4, 'نافذة النادل', 'Waiter POS', 'WaiterPOS', 1, '2024-01-23 11:16:37', '2024-01-23 11:16:37'),
(71, 3, 4, 6, 4, 'طلبات النادل', 'Waite rOrders', 'WaiterOrders', 1, '2024-01-23 11:21:21', '2024-01-23 11:21:21'),
(72, 3, 4, 6, 4, 'طلبات الندلاء', 'Waiters Orders', 'AllWaiterOrders', 1, '2024-01-23 11:23:55', '2024-01-23 11:23:55'),
(73, 3, 4, 6, 3, 'إضافة مقادير', 'Add Component', 'AddComponent', 1, '2024-01-23 11:32:41', '2024-01-23 11:32:41'),
(74, 3, 4, 6, 3, 'المقادير', 'volume', 'volume', 1, '2024-02-01 09:18:17', '2024-02-01 09:18:17'),
(75, 3, 4, 6, 3, 'المخزون التالف', 'Damagedinventory', 'Damagedinventory', 1, '2024-02-01 09:22:40', '2024-02-01 09:22:40'),
(76, 3, 4, 6, 4, 'نافذة المبيعات', 'Sales window', 'Saleswindow', 1, '2024-02-01 09:53:48', '2024-02-01 09:53:48'),
(77, 3, 4, 6, 10, 'صفحة تعريفية', 'Company Profile', 'CompanyProfile', 1, '2024-02-01 09:58:41', '2024-02-01 10:54:16'),
(78, 3, 4, 6, 12, 'تسجيل وعرض الحضور والإنصراف', 'Take Attend and view attendance history', 'empAttendIndex', 1, '2024-02-01 07:52:42', '2024-02-01 07:58:01'),
(79, 3, 4, 6, 12, 'سجلات الحضور والإنصراف', 'Attendance History', 'EmployeesAttendance', 1, '2024-02-01 07:53:44', '2024-02-01 07:53:44'),
(80, 3, 4, 6, 12, 'الدوامات', 'shifts', 'shifts', 1, '2024-02-01 10:50:15', '2024-02-01 10:50:15');

-- --------------------------------------------------------

--
-- بنية الجدول `password_resets`
--

CREATE TABLE `password_resets` (
  `email` varchar(255) NOT NULL,
  `token` varchar(255) NOT NULL,
  `created_at` timestamp NULL DEFAULT NULL
) ENGINE=InnoDB DEFAULT CHARSET=utf8mb4 COLLATE=utf8mb4_unicode_ci;

-- --------------------------------------------------------

--
-- بنية الجدول `password_reset_tokens`
--

CREATE TABLE `password_reset_tokens` (
  `email` varchar(255) NOT NULL,
  `token` varchar(255) NOT NULL,
  `created_at` timestamp NULL DEFAULT NULL
) ENGINE=InnoDB DEFAULT CHARSET=utf8mb4 COLLATE=utf8mb4_unicode_ci;

-- --------------------------------------------------------

--
-- بنية الجدول `payrolls`
--

CREATE TABLE `payrolls` (
  `id` bigint(20) UNSIGNED NOT NULL,
  `orgID` int(11) NOT NULL,
  `empID` int(11) NOT NULL,
  `salID` int(11) NOT NULL,
  `allowns` longtext CHARACTER SET utf8mb4 COLLATE utf8mb4_bin NOT NULL CHECK (json_valid(`allowns`)),
  `deducts` longtext CHARACTER SET utf8mb4 COLLATE utf8mb4_bin NOT NULL CHECK (json_valid(`deducts`)),
  `fullAllowns` double NOT NULL,
  `fullDeducts` double NOT NULL,
  `netSalary` double NOT NULL,
  `month` varchar(255) NOT NULL,
  `Status` int(11) NOT NULL DEFAULT 1,
  `created_at` timestamp NULL DEFAULT NULL,
  `updated_at` timestamp NULL DEFAULT NULL
) ENGINE=InnoDB DEFAULT CHARSET=utf8mb4 COLLATE=utf8mb4_unicode_ci;

-- --------------------------------------------------------

--
-- بنية الجدول `permissions`
--

CREATE TABLE `permissions` (
  `id` bigint(20) UNSIGNED NOT NULL,
  `orgID` int(11) NOT NULL,
  `branchID` int(11) NOT NULL DEFAULT 0,
  `userID` int(11) NOT NULL,
  `roleID` int(11) NOT NULL,
  `pageID` int(11) NOT NULL,
  `status` int(11) NOT NULL DEFAULT 1,
  `created_at` timestamp NULL DEFAULT NULL,
  `updated_at` timestamp NULL DEFAULT NULL
) ENGINE=InnoDB DEFAULT CHARSET=utf8mb4 COLLATE=utf8mb4_unicode_ci;

--
-- إرجاع أو استيراد بيانات الجدول `permissions`
--

INSERT INTO `permissions` (`id`, `orgID`, `branchID`, `userID`, `roleID`, `pageID`, `status`, `created_at`, `updated_at`) VALUES
(1, 1, 1, 1, 2, 64, 1, '2024-02-11 14:28:58', '2024-02-11 14:28:58'),
(2, 1, 1, 1, 2, 65, 1, '2024-02-11 14:28:58', '2024-02-11 14:28:58'),
(3, 1, 1, 1, 2, 66, 1, '2024-02-11 14:28:58', '2024-02-11 14:28:58'),
(4, 1, 1, 1, 2, 15, 1, '2024-02-11 14:28:58', '2024-02-11 14:28:58'),
(5, 1, 1, 1, 3, 67, 1, '2024-02-11 14:28:58', '2024-02-11 14:28:58'),
(6, 1, 1, 1, 3, 68, 1, '2024-02-11 14:28:58', '2024-02-11 14:28:58'),
(7, 1, 1, 1, 1, 1, 1, '2024-02-11 14:28:58', '2024-02-11 14:28:58'),
(8, 1, 1, 1, 1, 2, 1, '2024-02-11 14:28:58', '2024-02-11 14:28:58'),
(9, 1, 1, 1, 1, 3, 1, '2024-02-11 14:28:58', '2024-02-11 14:28:58'),
(10, 1, 1, 1, 1, 4, 1, '2024-02-11 14:28:58', '2024-02-11 14:28:58'),
(11, 1, 1, 1, 1, 5, 1, '2024-02-11 14:28:58', '2024-02-11 14:28:58'),
(12, 1, 1, 1, 1, 6, 1, '2024-02-11 14:28:58', '2024-02-11 14:28:58'),
(13, 1, 1, 1, 1, 7, 1, '2024-02-11 14:28:58', '2024-02-11 14:28:58'),
(14, 1, 1, 1, 1, 8, 1, '2024-02-11 14:28:58', '2024-02-11 14:28:58'),
(15, 1, 1, 1, 1, 9, 1, '2024-02-11 14:28:58', '2024-02-11 14:28:58'),
(16, 1, 1, 1, 1, 10, 1, '2024-02-11 14:28:58', '2024-02-11 14:28:58'),
(17, 1, 1, 1, 1, 11, 1, '2024-02-11 14:28:58', '2024-02-11 14:28:58'),
(18, 1, 1, 1, 1, 12, 1, '2024-02-11 14:28:58', '2024-02-11 14:28:58'),
(19, 1, 1, 1, 1, 13, 1, '2024-02-11 14:28:58', '2024-02-11 14:28:58'),
(20, 1, 1, 1, 1, 14, 1, '2024-02-11 14:28:58', '2024-02-11 14:28:58'),
(21, 1, 1, 1, 1, 15, 1, '2024-02-11 14:28:58', '2024-02-11 14:28:58'),
(22, 1, 1, 1, 1, 16, 1, '2024-02-11 14:28:58', '2024-02-11 14:28:58'),
(23, 1, 1, 1, 1, 17, 1, '2024-02-11 14:28:58', '2024-02-11 14:28:58'),
(24, 1, 1, 1, 1, 18, 1, '2024-02-11 14:28:58', '2024-02-11 14:28:58'),
(25, 1, 1, 1, 1, 19, 1, '2024-02-11 14:28:58', '2024-02-11 14:28:58'),
(26, 1, 1, 1, 1, 20, 1, '2024-02-11 14:28:58', '2024-02-11 14:28:58'),
(27, 1, 1, 1, 1, 21, 1, '2024-02-11 14:28:58', '2024-02-11 14:28:58'),
(28, 1, 1, 1, 1, 22, 1, '2024-02-11 14:28:58', '2024-02-11 14:28:58'),
(29, 1, 1, 1, 1, 23, 1, '2024-02-11 14:28:58', '2024-02-11 14:28:58'),
(30, 1, 1, 1, 1, 24, 1, '2024-02-11 14:28:58', '2024-02-11 14:28:58'),
(31, 1, 1, 1, 1, 25, 1, '2024-02-11 14:28:58', '2024-02-11 14:28:58'),
(32, 1, 1, 1, 1, 26, 1, '2024-02-11 14:28:58', '2024-02-11 14:28:58'),
(33, 1, 1, 1, 1, 27, 1, '2024-02-11 14:28:58', '2024-02-11 14:28:58'),
(34, 1, 1, 1, 1, 28, 1, '2024-02-11 14:28:58', '2024-02-11 14:28:58'),
(35, 1, 1, 1, 1, 29, 1, '2024-02-11 14:28:58', '2024-02-11 14:28:58'),
(36, 1, 1, 1, 1, 30, 1, '2024-02-11 14:28:58', '2024-02-11 14:28:58'),
(37, 1, 1, 1, 1, 31, 1, '2024-02-11 14:28:58', '2024-02-11 14:28:58'),
(38, 1, 1, 1, 1, 32, 1, '2024-02-11 14:28:58', '2024-02-11 14:28:58'),
(39, 1, 1, 1, 1, 33, 1, '2024-02-11 14:28:58', '2024-02-11 14:28:58'),
(40, 1, 1, 1, 1, 34, 1, '2024-02-11 14:28:58', '2024-02-11 14:28:58'),
(41, 1, 1, 1, 1, 35, 1, '2024-02-11 14:28:58', '2024-02-11 14:28:58'),
(42, 1, 1, 1, 1, 36, 1, '2024-02-11 14:28:58', '2024-02-11 14:28:58'),
(43, 1, 1, 1, 1, 37, 1, '2024-02-11 14:28:58', '2024-02-11 14:28:58'),
(44, 1, 1, 1, 1, 38, 1, '2024-02-11 14:28:58', '2024-02-11 14:28:58'),
(45, 1, 1, 1, 1, 39, 1, '2024-02-11 14:28:58', '2024-02-11 14:28:58'),
(46, 1, 1, 1, 1, 40, 1, '2024-02-11 14:28:58', '2024-02-11 14:28:58'),
(47, 1, 1, 1, 1, 41, 1, '2024-02-11 14:28:58', '2024-02-11 14:28:58'),
(48, 1, 1, 1, 1, 42, 1, '2024-02-11 14:28:58', '2024-02-11 14:28:58'),
(49, 1, 1, 1, 1, 43, 1, '2024-02-11 14:28:58', '2024-02-11 14:28:58'),
(50, 1, 1, 1, 1, 44, 1, '2024-02-11 14:28:58', '2024-02-11 14:28:58'),
(51, 1, 1, 1, 1, 45, 1, '2024-02-11 14:28:58', '2024-02-11 14:28:58'),
(52, 1, 1, 1, 1, 46, 1, '2024-02-11 14:28:58', '2024-02-11 14:28:58'),
(53, 1, 1, 1, 1, 47, 1, '2024-02-11 14:28:58', '2024-02-11 14:28:58'),
(54, 1, 1, 1, 1, 48, 1, '2024-02-11 14:28:58', '2024-02-11 14:28:58'),
(55, 1, 1, 1, 1, 49, 1, '2024-02-11 14:28:58', '2024-02-11 14:28:58'),
(56, 1, 1, 1, 1, 50, 1, '2024-02-11 14:28:58', '2024-02-11 14:28:58'),
(57, 1, 1, 1, 1, 51, 1, '2024-02-11 14:28:58', '2024-02-11 14:28:58'),
(58, 1, 1, 1, 1, 52, 1, '2024-02-11 14:28:58', '2024-02-11 14:28:58'),
(59, 1, 1, 1, 1, 53, 1, '2024-02-11 14:28:58', '2024-02-11 14:28:58'),
(60, 1, 1, 1, 1, 54, 1, '2024-02-11 14:28:58', '2024-02-11 14:28:58'),
(61, 1, 1, 1, 1, 55, 1, '2024-02-11 14:28:58', '2024-02-11 14:28:58'),
(62, 1, 1, 1, 1, 56, 1, '2024-02-11 14:28:58', '2024-02-11 14:28:58'),
(63, 1, 1, 1, 1, 57, 1, '2024-02-11 14:28:58', '2024-02-11 14:28:58'),
(64, 1, 1, 1, 1, 58, 1, '2024-02-11 14:28:58', '2024-02-11 14:28:58'),
(65, 1, 1, 1, 1, 59, 1, '2024-02-11 14:28:58', '2024-02-11 14:28:58'),
(66, 1, 1, 1, 1, 60, 1, '2024-02-11 14:28:58', '2024-02-11 14:28:58'),
(67, 1, 1, 1, 1, 61, 1, '2024-02-11 14:28:58', '2024-02-11 14:28:58'),
(68, 1, 1, 1, 1, 62, 1, '2024-02-11 14:28:58', '2024-02-11 14:28:58'),
(69, 1, 1, 1, 1, 63, 1, '2024-02-11 14:28:58', '2024-02-11 14:28:58'),
(70, 1, 1, 1, 1, 64, 1, '2024-02-11 14:28:58', '2024-02-11 14:28:58'),
(71, 1, 1, 1, 1, 65, 1, '2024-02-11 14:28:58', '2024-02-11 14:28:58'),
(72, 1, 1, 1, 1, 66, 1, '2024-02-11 14:28:58', '2024-02-11 14:28:58'),
(73, 1, 1, 1, 1, 67, 1, '2024-02-11 14:28:58', '2024-02-11 14:28:58'),
(74, 1, 1, 1, 1, 68, 1, '2024-02-11 14:28:58', '2024-02-11 14:28:58'),
(75, 1, 1, 1, 1, 69, 1, '2024-02-11 14:28:58', '2024-02-11 14:28:58'),
(76, 1, 1, 1, 1, 70, 1, '2024-02-11 14:28:58', '2024-02-11 14:28:58'),
(77, 1, 1, 1, 1, 71, 1, '2024-02-11 14:28:58', '2024-02-11 14:28:58'),
(78, 1, 1, 1, 1, 72, 1, '2024-02-11 14:28:58', '2024-02-11 14:28:58'),
(79, 1, 1, 1, 1, 73, 1, '2024-02-11 14:28:58', '2024-02-11 14:28:58'),
(80, 1, 1, 1, 1, 74, 1, '2024-02-11 14:28:58', '2024-02-11 14:28:58'),
(81, 1, 1, 1, 1, 75, 1, '2024-02-11 14:28:58', '2024-02-11 14:28:58'),
(82, 1, 1, 1, 1, 76, 1, '2024-02-11 14:28:58', '2024-02-11 14:28:58'),
(83, 1, 1, 1, 1, 77, 1, '2024-02-11 14:28:58', '2024-02-11 14:28:58'),
(84, 1, 1, 1, 1, 78, 1, '2024-02-11 14:28:58', '2024-02-11 14:28:58'),
(85, 1, 1, 1, 1, 79, 1, '2024-02-11 14:28:58', '2024-02-11 14:28:58'),
(86, 1, 1, 1, 1, 80, 1, '2024-02-11 14:28:58', '2024-02-11 14:28:58'),
(87, 2, 2, 2, 5, 64, 1, '2024-02-11 14:51:06', '2024-02-11 14:51:06'),
(88, 2, 2, 2, 5, 65, 1, '2024-02-11 14:51:06', '2024-02-11 14:51:06'),
(89, 2, 2, 2, 5, 66, 1, '2024-02-11 14:51:06', '2024-02-11 14:51:06'),
(90, 2, 2, 2, 5, 15, 1, '2024-02-11 14:51:06', '2024-02-11 14:51:06'),
(93, 2, 2, 2, 4, 1, 1, '2024-02-11 14:51:06', '2024-02-11 14:51:06'),
(94, 2, 2, 2, 4, 2, 1, '2024-02-11 14:51:06', '2024-02-11 14:51:06'),
(95, 2, 2, 2, 4, 3, 1, '2024-02-11 14:51:06', '2024-02-11 14:51:06'),
(96, 2, 2, 2, 4, 4, 1, '2024-02-11 14:51:06', '2024-02-11 14:51:06'),
(97, 2, 2, 2, 4, 5, 1, '2024-02-11 14:51:06', '2024-02-11 14:51:06'),
(98, 2, 2, 2, 4, 6, 1, '2024-02-11 14:51:06', '2024-02-11 14:51:06'),
(99, 2, 2, 2, 4, 7, 1, '2024-02-11 14:51:06', '2024-02-11 14:51:06'),
(100, 2, 2, 2, 4, 8, 1, '2024-02-11 14:51:06', '2024-02-11 14:51:06'),
(101, 2, 2, 2, 4, 9, 1, '2024-02-11 14:51:06', '2024-02-11 14:51:06'),
(102, 2, 2, 2, 4, 10, 1, '2024-02-11 14:51:06', '2024-02-11 14:51:06'),
(103, 2, 2, 2, 4, 11, 1, '2024-02-11 14:51:06', '2024-02-11 14:51:06'),
(104, 2, 2, 2, 4, 12, 1, '2024-02-11 14:51:06', '2024-02-11 14:51:06'),
(105, 2, 2, 2, 4, 13, 1, '2024-02-11 14:51:06', '2024-02-11 14:51:06'),
(106, 2, 2, 2, 4, 14, 1, '2024-02-11 14:51:06', '2024-02-11 14:51:06'),
(107, 2, 2, 2, 4, 15, 1, '2024-02-11 14:51:06', '2024-02-11 14:51:06'),
(108, 2, 2, 2, 4, 16, 1, '2024-02-11 14:51:06', '2024-02-11 14:51:06'),
(109, 2, 2, 2, 4, 17, 1, '2024-02-11 14:51:06', '2024-02-11 14:51:06'),
(110, 2, 2, 2, 4, 18, 1, '2024-02-11 14:51:06', '2024-02-11 14:51:06'),
(111, 2, 2, 2, 4, 19, 1, '2024-02-11 14:51:06', '2024-02-11 14:51:06'),
(112, 2, 2, 2, 4, 20, 1, '2024-02-11 14:51:06', '2024-02-11 14:51:06'),
(113, 2, 2, 2, 4, 21, 1, '2024-02-11 14:51:06', '2024-02-11 14:51:06'),
(114, 2, 2, 2, 4, 22, 1, '2024-02-11 14:51:06', '2024-02-11 14:51:06'),
(115, 2, 2, 2, 4, 23, 1, '2024-02-11 14:51:06', '2024-02-11 14:51:06'),
(116, 2, 2, 2, 4, 24, 1, '2024-02-11 14:51:06', '2024-02-11 14:51:06'),
(117, 2, 2, 2, 4, 25, 1, '2024-02-11 14:51:06', '2024-02-11 14:51:06'),
(118, 2, 2, 2, 4, 26, 1, '2024-02-11 14:51:06', '2024-02-11 14:51:06'),
(119, 2, 2, 2, 4, 27, 1, '2024-02-11 14:51:06', '2024-02-11 14:51:06'),
(120, 2, 2, 2, 4, 28, 1, '2024-02-11 14:51:06', '2024-02-11 14:51:06'),
(121, 2, 2, 2, 4, 29, 1, '2024-02-11 14:51:06', '2024-02-11 14:51:06'),
(122, 2, 2, 2, 4, 30, 1, '2024-02-11 14:51:06', '2024-02-11 14:51:06'),
(123, 2, 2, 2, 4, 31, 1, '2024-02-11 14:51:06', '2024-02-11 14:51:06'),
(124, 2, 2, 2, 4, 32, 1, '2024-02-11 14:51:06', '2024-02-11 14:51:06'),
(125, 2, 2, 2, 4, 33, 1, '2024-02-11 14:51:06', '2024-02-11 14:51:06'),
(126, 2, 2, 2, 4, 34, 1, '2024-02-11 14:51:06', '2024-02-11 14:51:06'),
(127, 2, 2, 2, 4, 35, 1, '2024-02-11 14:51:06', '2024-02-11 14:51:06'),
(128, 2, 2, 2, 4, 36, 1, '2024-02-11 14:51:06', '2024-02-11 14:51:06'),
(129, 2, 2, 2, 4, 37, 1, '2024-02-11 14:51:06', '2024-02-11 14:51:06'),
(130, 2, 2, 2, 4, 38, 1, '2024-02-11 14:51:06', '2024-02-11 14:51:06'),
(131, 2, 2, 2, 4, 39, 1, '2024-02-11 14:51:06', '2024-02-11 14:51:06'),
(132, 2, 2, 2, 4, 40, 1, '2024-02-11 14:51:06', '2024-02-11 14:51:06'),
(133, 2, 2, 2, 4, 41, 1, '2024-02-11 14:51:06', '2024-02-11 14:51:06'),
(134, 2, 2, 2, 4, 42, 1, '2024-02-11 14:51:06', '2024-02-11 14:51:06'),
(135, 2, 2, 2, 4, 43, 1, '2024-02-11 14:51:06', '2024-02-11 14:51:06'),
(136, 2, 2, 2, 4, 44, 1, '2024-02-11 14:51:06', '2024-02-11 14:51:06'),
(137, 2, 2, 2, 4, 45, 1, '2024-02-11 14:51:06', '2024-02-11 14:51:06'),
(138, 2, 2, 2, 4, 46, 1, '2024-02-11 14:51:06', '2024-02-11 14:51:06'),
(139, 2, 2, 2, 4, 47, 1, '2024-02-11 14:51:06', '2024-02-11 14:51:06'),
(140, 2, 2, 2, 4, 48, 1, '2024-02-11 14:51:06', '2024-02-11 14:51:06'),
(141, 2, 2, 2, 4, 49, 1, '2024-02-11 14:51:06', '2024-02-11 14:51:06'),
(142, 2, 2, 2, 4, 50, 1, '2024-02-11 14:51:06', '2024-02-11 14:51:06'),
(143, 2, 2, 2, 4, 51, 1, '2024-02-11 14:51:06', '2024-02-11 14:51:06'),
(144, 2, 2, 2, 4, 52, 1, '2024-02-11 14:51:06', '2024-02-11 14:51:06'),
(145, 2, 2, 2, 4, 53, 1, '2024-02-11 14:51:06', '2024-02-11 14:51:06'),
(146, 2, 2, 2, 4, 54, 1, '2024-02-11 14:51:06', '2024-02-11 14:51:06'),
(147, 2, 2, 2, 4, 55, 1, '2024-02-11 14:51:06', '2024-02-11 14:51:06'),
(148, 2, 2, 2, 4, 56, 1, '2024-02-11 14:51:06', '2024-02-11 14:51:06'),
(149, 2, 2, 2, 4, 57, 1, '2024-02-11 14:51:06', '2024-02-11 14:51:06'),
(150, 2, 2, 2, 4, 58, 1, '2024-02-11 14:51:06', '2024-02-11 14:51:06'),
(151, 2, 2, 2, 4, 59, 1, '2024-02-11 14:51:06', '2024-02-11 14:51:06'),
(152, 2, 2, 2, 4, 60, 1, '2024-02-11 14:51:06', '2024-02-11 14:51:06'),
(153, 2, 2, 2, 4, 61, 1, '2024-02-11 14:51:06', '2024-02-11 14:51:06'),
(154, 2, 2, 2, 4, 62, 1, '2024-02-11 14:51:06', '2024-02-11 14:51:06'),
(155, 2, 2, 2, 4, 63, 1, '2024-02-11 14:51:06', '2024-02-11 14:51:06'),
(156, 2, 2, 2, 4, 64, 1, '2024-02-11 14:51:06', '2024-02-11 14:51:06'),
(157, 2, 2, 2, 4, 65, 1, '2024-02-11 14:51:06', '2024-02-11 14:51:06'),
(158, 2, 2, 2, 4, 66, 1, '2024-02-11 14:51:06', '2024-02-11 14:51:06'),
(159, 2, 2, 2, 4, 67, 1, '2024-02-11 14:51:06', '2024-02-11 14:51:06'),
(160, 2, 2, 2, 4, 68, 1, '2024-02-11 14:51:06', '2024-02-11 14:51:06'),
(161, 2, 2, 2, 4, 69, 1, '2024-02-11 14:51:06', '2024-02-11 14:51:06'),
(162, 2, 2, 2, 4, 70, 1, '2024-02-11 14:51:06', '2024-02-11 14:51:06'),
(163, 2, 2, 2, 4, 71, 1, '2024-02-11 14:51:06', '2024-02-11 14:51:06'),
(164, 2, 2, 2, 4, 72, 1, '2024-02-11 14:51:06', '2024-02-11 14:51:06'),
(165, 2, 2, 2, 4, 73, 1, '2024-02-11 14:51:06', '2024-02-11 14:51:06'),
(166, 2, 2, 2, 4, 74, 1, '2024-02-11 14:51:06', '2024-02-11 14:51:06'),
(167, 2, 2, 2, 4, 75, 1, '2024-02-11 14:51:06', '2024-02-11 14:51:06'),
(168, 2, 2, 2, 4, 76, 1, '2024-02-11 14:51:06', '2024-02-11 14:51:06'),
(169, 2, 2, 2, 4, 77, 1, '2024-02-11 14:51:06', '2024-02-11 14:51:06'),
(170, 2, 2, 2, 4, 78, 1, '2024-02-11 14:51:06', '2024-02-11 14:51:06'),
(171, 2, 2, 2, 4, 79, 1, '2024-02-11 14:51:06', '2024-02-11 14:51:06'),
(172, 2, 2, 2, 4, 80, 1, '2024-02-11 14:51:06', '2024-02-11 14:51:06'),
(173, 3, 3, 3, 7, 1, 1, '2024-02-11 14:52:33', '2024-02-11 14:52:33'),
(174, 3, 3, 3, 7, 2, 1, '2024-02-11 14:52:33', '2024-02-11 14:52:33'),
(175, 3, 3, 3, 7, 3, 1, '2024-02-11 14:52:33', '2024-02-11 14:52:33'),
(176, 3, 3, 3, 7, 4, 1, '2024-02-11 14:52:33', '2024-02-11 14:52:33'),
(177, 3, 3, 3, 7, 5, 1, '2024-02-11 14:52:33', '2024-02-11 14:52:33'),
(178, 3, 3, 3, 7, 6, 1, '2024-02-11 14:52:33', '2024-02-11 14:52:33'),
(179, 3, 3, 3, 7, 7, 1, '2024-02-11 14:52:33', '2024-02-11 14:52:33'),
(180, 3, 3, 3, 7, 8, 1, '2024-02-11 14:52:33', '2024-02-11 14:52:33'),
(181, 3, 3, 3, 7, 9, 1, '2024-02-11 14:52:33', '2024-02-11 14:52:33'),
(182, 3, 3, 3, 7, 10, 1, '2024-02-11 14:52:33', '2024-02-11 14:52:33'),
(183, 3, 3, 3, 7, 11, 1, '2024-02-11 14:52:33', '2024-02-11 14:52:33'),
(184, 3, 3, 3, 7, 12, 1, '2024-02-11 14:52:33', '2024-02-11 14:52:33'),
(185, 3, 3, 3, 7, 13, 1, '2024-02-11 14:52:33', '2024-02-11 14:52:33'),
(186, 3, 3, 3, 7, 14, 1, '2024-02-11 14:52:33', '2024-02-11 14:52:33'),
(187, 3, 3, 3, 7, 15, 1, '2024-02-11 14:52:33', '2024-02-11 14:52:33'),
(188, 3, 3, 3, 7, 16, 1, '2024-02-11 14:52:33', '2024-02-11 14:52:33'),
(189, 3, 3, 3, 7, 17, 1, '2024-02-11 14:52:33', '2024-02-11 14:52:33'),
(190, 3, 3, 3, 7, 18, 1, '2024-02-11 14:52:33', '2024-02-11 14:52:33'),
(191, 3, 3, 3, 7, 19, 1, '2024-02-11 14:52:33', '2024-02-11 14:52:33'),
(192, 3, 3, 3, 7, 20, 1, '2024-02-11 14:52:33', '2024-02-11 14:52:33'),
(193, 3, 3, 3, 7, 21, 1, '2024-02-11 14:52:33', '2024-02-11 14:52:33'),
(194, 3, 3, 3, 7, 22, 1, '2024-02-11 14:52:33', '2024-02-11 14:52:33'),
(195, 3, 3, 3, 7, 23, 1, '2024-02-11 14:52:33', '2024-02-11 14:52:33'),
(196, 3, 3, 3, 7, 24, 1, '2024-02-11 14:52:33', '2024-02-11 14:52:33'),
(197, 3, 3, 3, 7, 25, 1, '2024-02-11 14:52:33', '2024-02-11 14:52:33'),
(198, 3, 3, 3, 7, 26, 1, '2024-02-11 14:52:33', '2024-02-11 14:52:33'),
(199, 3, 3, 3, 7, 27, 1, '2024-02-11 14:52:33', '2024-02-11 14:52:33'),
(200, 3, 3, 3, 7, 28, 1, '2024-02-11 14:52:33', '2024-02-11 14:52:33'),
(201, 3, 3, 3, 7, 29, 1, '2024-02-11 14:52:33', '2024-02-11 14:52:33'),
(202, 3, 3, 3, 7, 30, 1, '2024-02-11 14:52:33', '2024-02-11 14:52:33'),
(203, 3, 3, 3, 7, 31, 1, '2024-02-11 14:52:33', '2024-02-11 14:52:33'),
(204, 3, 3, 3, 7, 32, 1, '2024-02-11 14:52:33', '2024-02-11 14:52:33'),
(205, 3, 3, 3, 7, 33, 1, '2024-02-11 14:52:33', '2024-02-11 14:52:33'),
(206, 3, 3, 3, 7, 34, 1, '2024-02-11 14:52:33', '2024-02-11 14:52:33'),
(207, 3, 3, 3, 7, 35, 1, '2024-02-11 14:52:33', '2024-02-11 14:52:33'),
(208, 3, 3, 3, 7, 36, 1, '2024-02-11 14:52:33', '2024-02-11 14:52:33'),
(209, 3, 3, 3, 7, 37, 1, '2024-02-11 14:52:33', '2024-02-11 14:52:33'),
(210, 3, 3, 3, 7, 38, 1, '2024-02-11 14:52:33', '2024-02-11 14:52:33'),
(211, 3, 3, 3, 7, 39, 1, '2024-02-11 14:52:33', '2024-02-11 14:52:33'),
(212, 3, 3, 3, 7, 40, 1, '2024-02-11 14:52:33', '2024-02-11 14:52:33'),
(213, 3, 3, 3, 7, 41, 1, '2024-02-11 14:52:33', '2024-02-11 14:52:33'),
(214, 3, 3, 3, 7, 42, 1, '2024-02-11 14:52:33', '2024-02-11 14:52:33'),
(215, 3, 3, 3, 7, 43, 1, '2024-02-11 14:52:33', '2024-02-11 14:52:33'),
(216, 3, 3, 3, 7, 44, 1, '2024-02-11 14:52:33', '2024-02-11 14:52:33'),
(217, 3, 3, 3, 7, 45, 1, '2024-02-11 14:52:33', '2024-02-11 14:52:33'),
(218, 3, 3, 3, 7, 46, 1, '2024-02-11 14:52:33', '2024-02-11 14:52:33'),
(219, 3, 3, 3, 7, 47, 1, '2024-02-11 14:52:33', '2024-02-11 14:52:33'),
(220, 3, 3, 3, 7, 48, 1, '2024-02-11 14:52:33', '2024-02-11 14:52:33'),
(221, 3, 3, 3, 7, 49, 1, '2024-02-11 14:52:33', '2024-02-11 14:52:33'),
(222, 3, 3, 3, 7, 50, 1, '2024-02-11 14:52:33', '2024-02-11 14:52:33'),
(223, 3, 3, 3, 7, 51, 1, '2024-02-11 14:52:33', '2024-02-11 14:52:33'),
(224, 3, 3, 3, 7, 52, 1, '2024-02-11 14:52:33', '2024-02-11 14:52:33'),
(225, 3, 3, 3, 7, 53, 1, '2024-02-11 14:52:33', '2024-02-11 14:52:33'),
(226, 3, 3, 3, 7, 54, 1, '2024-02-11 14:52:33', '2024-02-11 14:52:33'),
(227, 3, 3, 3, 7, 55, 1, '2024-02-11 14:52:33', '2024-02-11 14:52:33'),
(228, 3, 3, 3, 7, 56, 1, '2024-02-11 14:52:33', '2024-02-11 14:52:33'),
(229, 3, 3, 3, 7, 57, 1, '2024-02-11 14:52:33', '2024-02-11 14:52:33'),
(230, 3, 3, 3, 7, 58, 1, '2024-02-11 14:52:33', '2024-02-11 14:52:33'),
(231, 3, 3, 3, 7, 59, 1, '2024-02-11 14:52:33', '2024-02-11 14:52:33'),
(232, 3, 3, 3, 7, 60, 1, '2024-02-11 14:52:33', '2024-02-11 14:52:33'),
(233, 3, 3, 3, 7, 61, 1, '2024-02-11 14:52:33', '2024-02-11 14:52:33'),
(234, 3, 3, 3, 7, 62, 1, '2024-02-11 14:52:33', '2024-02-11 14:52:33'),
(235, 3, 3, 3, 7, 63, 1, '2024-02-11 14:52:33', '2024-02-11 14:52:33'),
(236, 3, 3, 3, 7, 64, 1, '2024-02-11 14:52:33', '2024-02-11 14:52:33'),
(237, 3, 3, 3, 7, 65, 1, '2024-02-11 14:52:33', '2024-02-11 14:52:33'),
(238, 3, 3, 3, 7, 66, 1, '2024-02-11 14:52:33', '2024-02-11 14:52:33'),
(239, 3, 3, 3, 7, 67, 1, '2024-02-11 14:52:33', '2024-02-11 14:52:33'),
(240, 3, 3, 3, 7, 68, 1, '2024-02-11 14:52:33', '2024-02-11 14:52:33'),
(241, 3, 3, 3, 7, 69, 1, '2024-02-11 14:52:33', '2024-02-11 14:52:33'),
(242, 3, 3, 3, 7, 70, 1, '2024-02-11 14:52:33', '2024-02-11 14:52:33'),
(243, 3, 3, 3, 7, 71, 1, '2024-02-11 14:52:33', '2024-02-11 14:52:33'),
(244, 3, 3, 3, 7, 72, 1, '2024-02-11 14:52:33', '2024-02-11 14:52:33'),
(245, 3, 3, 3, 7, 73, 1, '2024-02-11 14:52:33', '2024-02-11 14:52:33'),
(246, 3, 3, 3, 7, 74, 1, '2024-02-11 14:52:33', '2024-02-11 14:52:33'),
(247, 3, 3, 3, 7, 75, 1, '2024-02-11 14:52:33', '2024-02-11 14:52:33'),
(248, 3, 3, 3, 7, 76, 1, '2024-02-11 14:52:33', '2024-02-11 14:52:33'),
(249, 3, 3, 3, 7, 77, 1, '2024-02-11 14:52:33', '2024-02-11 14:52:33'),
(250, 3, 3, 3, 7, 78, 1, '2024-02-11 14:52:33', '2024-02-11 14:52:33'),
(251, 3, 3, 3, 7, 79, 1, '2024-02-11 14:52:33', '2024-02-11 14:52:33'),
(252, 3, 3, 3, 7, 80, 1, '2024-02-11 14:52:33', '2024-02-11 14:52:33'),
(253, 4, 4, 4, 9, 64, 1, '2024-02-15 10:08:43', '2024-02-15 10:08:43'),
(254, 4, 4, 4, 9, 65, 1, '2024-02-15 10:08:43', '2024-02-15 10:08:43'),
(255, 4, 4, 4, 9, 66, 1, '2024-02-15 10:08:43', '2024-02-15 10:08:43'),
(256, 4, 4, 4, 9, 15, 1, '2024-02-15 10:08:43', '2024-02-15 10:08:43'),
(257, 4, 4, 4, 10, 67, 1, '2024-02-15 10:08:43', '2024-02-15 10:08:43'),
(258, 4, 4, 4, 10, 68, 1, '2024-02-15 10:08:43', '2024-02-15 10:08:43'),
(259, 4, 4, 4, 8, 1, 1, '2024-02-15 10:08:43', '2024-02-15 10:08:43'),
(260, 4, 4, 4, 8, 2, 1, '2024-02-15 10:08:43', '2024-02-15 10:08:43'),
(261, 4, 4, 4, 8, 3, 1, '2024-02-15 10:08:43', '2024-02-15 10:08:43'),
(262, 4, 4, 4, 8, 4, 1, '2024-02-15 10:08:43', '2024-02-15 10:08:43'),
(263, 4, 4, 4, 8, 5, 1, '2024-02-15 10:08:43', '2024-02-15 10:08:43'),
(264, 4, 4, 4, 8, 6, 1, '2024-02-15 10:08:43', '2024-02-15 10:08:43'),
(265, 4, 4, 4, 8, 7, 1, '2024-02-15 10:08:43', '2024-02-15 10:08:43'),
(266, 4, 4, 4, 8, 8, 1, '2024-02-15 10:08:43', '2024-02-15 10:08:43'),
(267, 4, 4, 4, 8, 9, 1, '2024-02-15 10:08:43', '2024-02-15 10:08:43'),
(268, 4, 4, 4, 8, 10, 1, '2024-02-15 10:08:43', '2024-02-15 10:08:43'),
(269, 4, 4, 4, 8, 11, 1, '2024-02-15 10:08:43', '2024-02-15 10:08:43'),
(270, 4, 4, 4, 8, 12, 1, '2024-02-15 10:08:43', '2024-02-15 10:08:43'),
(271, 4, 4, 4, 8, 13, 1, '2024-02-15 10:08:43', '2024-02-15 10:08:43'),
(272, 4, 4, 4, 8, 14, 1, '2024-02-15 10:08:43', '2024-02-15 10:08:43'),
(273, 4, 4, 4, 8, 15, 1, '2024-02-15 10:08:43', '2024-02-15 10:08:43'),
(274, 4, 4, 4, 8, 16, 1, '2024-02-15 10:08:43', '2024-02-15 10:08:43'),
(275, 4, 4, 4, 8, 17, 1, '2024-02-15 10:08:43', '2024-02-15 10:08:43'),
(276, 4, 4, 4, 8, 18, 1, '2024-02-15 10:08:43', '2024-02-15 10:08:43'),
(277, 4, 4, 4, 8, 19, 1, '2024-02-15 10:08:43', '2024-02-15 10:08:43'),
(278, 4, 4, 4, 8, 20, 1, '2024-02-15 10:08:43', '2024-02-15 10:08:43'),
(279, 4, 4, 4, 8, 21, 1, '2024-02-15 10:08:43', '2024-02-15 10:08:43'),
(280, 4, 4, 4, 8, 22, 1, '2024-02-15 10:08:43', '2024-02-15 10:08:43'),
(281, 4, 4, 4, 8, 23, 1, '2024-02-15 10:08:43', '2024-02-15 10:08:43'),
(282, 4, 4, 4, 8, 24, 1, '2024-02-15 10:08:43', '2024-02-15 10:08:43'),
(283, 4, 4, 4, 8, 25, 1, '2024-02-15 10:08:43', '2024-02-15 10:08:43'),
(284, 4, 4, 4, 8, 26, 1, '2024-02-15 10:08:43', '2024-02-15 10:08:43'),
(285, 4, 4, 4, 8, 27, 1, '2024-02-15 10:08:43', '2024-02-15 10:08:43'),
(286, 4, 4, 4, 8, 28, 1, '2024-02-15 10:08:43', '2024-02-15 10:08:43'),
(287, 4, 4, 4, 8, 29, 1, '2024-02-15 10:08:43', '2024-02-15 10:08:43'),
(288, 4, 4, 4, 8, 30, 1, '2024-02-15 10:08:43', '2024-02-15 10:08:43'),
(289, 4, 4, 4, 8, 31, 1, '2024-02-15 10:08:43', '2024-02-15 10:08:43'),
(290, 4, 4, 4, 8, 32, 1, '2024-02-15 10:08:43', '2024-02-15 10:08:43'),
(291, 4, 4, 4, 8, 33, 1, '2024-02-15 10:08:43', '2024-02-15 10:08:43'),
(292, 4, 4, 4, 8, 34, 1, '2024-02-15 10:08:43', '2024-02-15 10:08:43'),
(293, 4, 4, 4, 8, 35, 1, '2024-02-15 10:08:43', '2024-02-15 10:08:43'),
(294, 4, 4, 4, 8, 36, 1, '2024-02-15 10:08:43', '2024-02-15 10:08:43'),
(295, 4, 4, 4, 8, 37, 1, '2024-02-15 10:08:43', '2024-02-15 10:08:43'),
(296, 4, 4, 4, 8, 38, 1, '2024-02-15 10:08:43', '2024-02-15 10:08:43'),
(297, 4, 4, 4, 8, 39, 1, '2024-02-15 10:08:43', '2024-02-15 10:08:43'),
(298, 4, 4, 4, 8, 40, 1, '2024-02-15 10:08:43', '2024-02-15 10:08:43'),
(299, 4, 4, 4, 8, 41, 1, '2024-02-15 10:08:43', '2024-02-15 10:08:43'),
(300, 4, 4, 4, 8, 42, 1, '2024-02-15 10:08:43', '2024-02-15 10:08:43'),
(301, 4, 4, 4, 8, 43, 1, '2024-02-15 10:08:43', '2024-02-15 10:08:43'),
(302, 4, 4, 4, 8, 44, 1, '2024-02-15 10:08:43', '2024-02-15 10:08:43'),
(303, 4, 4, 4, 8, 45, 1, '2024-02-15 10:08:43', '2024-02-15 10:08:43'),
(304, 4, 4, 4, 8, 46, 1, '2024-02-15 10:08:43', '2024-02-15 10:08:43'),
(305, 4, 4, 4, 8, 47, 1, '2024-02-15 10:08:43', '2024-02-15 10:08:43'),
(306, 4, 4, 4, 8, 48, 1, '2024-02-15 10:08:43', '2024-02-15 10:08:43'),
(307, 4, 4, 4, 8, 49, 1, '2024-02-15 10:08:43', '2024-02-15 10:08:43'),
(308, 4, 4, 4, 8, 50, 1, '2024-02-15 10:08:43', '2024-02-15 10:08:43'),
(309, 4, 4, 4, 8, 51, 1, '2024-02-15 10:08:43', '2024-02-15 10:08:43'),
(310, 4, 4, 4, 8, 52, 1, '2024-02-15 10:08:43', '2024-02-15 10:08:43'),
(311, 4, 4, 4, 8, 53, 1, '2024-02-15 10:08:43', '2024-02-15 10:08:43'),
(312, 4, 4, 4, 8, 54, 1, '2024-02-15 10:08:43', '2024-02-15 10:08:43'),
(313, 4, 4, 4, 8, 55, 1, '2024-02-15 10:08:43', '2024-02-15 10:08:43'),
(314, 4, 4, 4, 8, 56, 1, '2024-02-15 10:08:43', '2024-02-15 10:08:43'),
(315, 4, 4, 4, 8, 57, 1, '2024-02-15 10:08:43', '2024-02-15 10:08:43'),
(316, 4, 4, 4, 8, 58, 1, '2024-02-15 10:08:43', '2024-02-15 10:08:43'),
(317, 4, 4, 4, 8, 59, 1, '2024-02-15 10:08:43', '2024-02-15 10:08:43'),
(318, 4, 4, 4, 8, 60, 1, '2024-02-15 10:08:43', '2024-02-15 10:08:43'),
(319, 4, 4, 4, 8, 61, 1, '2024-02-15 10:08:43', '2024-02-15 10:08:43'),
(320, 4, 4, 4, 8, 62, 1, '2024-02-15 10:08:43', '2024-02-15 10:08:43'),
(321, 4, 4, 4, 8, 63, 1, '2024-02-15 10:08:43', '2024-02-15 10:08:43'),
(322, 4, 4, 4, 8, 64, 1, '2024-02-15 10:08:43', '2024-02-15 10:08:43'),
(323, 4, 4, 4, 8, 65, 1, '2024-02-15 10:08:43', '2024-02-15 10:08:43'),
(324, 4, 4, 4, 8, 66, 1, '2024-02-15 10:08:43', '2024-02-15 10:08:43'),
(325, 4, 4, 4, 8, 67, 1, '2024-02-15 10:08:43', '2024-02-15 10:08:43'),
(326, 4, 4, 4, 8, 68, 1, '2024-02-15 10:08:43', '2024-02-15 10:08:43'),
(327, 4, 4, 4, 8, 69, 1, '2024-02-15 10:08:43', '2024-02-15 10:08:43'),
(328, 4, 4, 4, 8, 70, 1, '2024-02-15 10:08:43', '2024-02-15 10:08:43'),
(329, 4, 4, 4, 8, 71, 1, '2024-02-15 10:08:43', '2024-02-15 10:08:43'),
(330, 4, 4, 4, 8, 72, 1, '2024-02-15 10:08:43', '2024-02-15 10:08:43'),
(331, 4, 4, 4, 8, 73, 1, '2024-02-15 10:08:43', '2024-02-15 10:08:43'),
(332, 4, 4, 4, 8, 74, 1, '2024-02-15 10:08:43', '2024-02-15 10:08:43'),
(333, 4, 4, 4, 8, 75, 1, '2024-02-15 10:08:43', '2024-02-15 10:08:43'),
(334, 4, 4, 4, 8, 76, 1, '2024-02-15 10:08:43', '2024-02-15 10:08:43'),
(335, 4, 4, 4, 8, 77, 1, '2024-02-15 10:08:43', '2024-02-15 10:08:43'),
(336, 4, 4, 4, 8, 78, 1, '2024-02-15 10:08:43', '2024-02-15 10:08:43'),
(337, 4, 4, 4, 8, 79, 1, '2024-02-15 10:08:43', '2024-02-15 10:08:43'),
(338, 4, 4, 4, 8, 80, 1, '2024-02-15 10:08:43', '2024-02-15 10:08:43'),
(339, 2, 2, 5, 6, 67, 1, '2024-02-27 13:41:48', '2024-02-27 13:41:48'),
(340, 2, 2, 5, 6, 68, 1, '2024-02-27 13:41:48', '2024-02-27 13:41:48'),
(341, 2, 2, 5, 6, 70, 1, '2024-02-27 13:41:48', '2024-02-27 13:41:48'),
(342, 2, 2, 5, 6, 71, 1, '2024-02-27 13:41:48', '2024-02-27 13:41:48'),
(343, 5, 6, 8, 11, 1, 1, '2024-02-28 14:47:22', '2024-02-28 14:47:22'),
(344, 5, 6, 8, 11, 2, 1, '2024-02-28 14:47:22', '2024-02-28 14:47:22'),
(345, 5, 6, 8, 11, 3, 1, '2024-02-28 14:47:22', '2024-02-28 14:47:22'),
(346, 5, 6, 8, 11, 4, 1, '2024-02-28 14:47:22', '2024-02-28 14:47:22'),
(347, 5, 6, 8, 11, 5, 1, '2024-02-28 14:47:22', '2024-02-28 14:47:22'),
(348, 5, 6, 8, 11, 6, 1, '2024-02-28 14:47:22', '2024-02-28 14:47:22'),
(349, 5, 6, 8, 11, 7, 1, '2024-02-28 14:47:22', '2024-02-28 14:47:22'),
(350, 5, 6, 8, 11, 8, 1, '2024-02-28 14:47:22', '2024-02-28 14:47:22'),
(351, 5, 6, 8, 11, 9, 1, '2024-02-28 14:47:22', '2024-02-28 14:47:22'),
(352, 5, 6, 8, 11, 10, 1, '2024-02-28 14:47:22', '2024-02-28 14:47:22'),
(353, 5, 6, 8, 11, 11, 1, '2024-02-28 14:47:22', '2024-02-28 14:47:22'),
(354, 5, 6, 8, 11, 12, 1, '2024-02-28 14:47:22', '2024-02-28 14:47:22'),
(355, 5, 6, 8, 11, 13, 1, '2024-02-28 14:47:22', '2024-02-28 14:47:22'),
(356, 5, 6, 8, 11, 14, 1, '2024-02-28 14:47:22', '2024-02-28 14:47:22'),
(357, 5, 6, 8, 11, 15, 1, '2024-02-28 14:47:22', '2024-02-28 14:47:22'),
(358, 5, 6, 8, 11, 16, 1, '2024-02-28 14:47:22', '2024-02-28 14:47:22'),
(359, 5, 6, 8, 11, 17, 1, '2024-02-28 14:47:22', '2024-02-28 14:47:22'),
(360, 5, 6, 8, 11, 18, 1, '2024-02-28 14:47:22', '2024-02-28 14:47:22'),
(361, 5, 6, 8, 11, 19, 1, '2024-02-28 14:47:22', '2024-02-28 14:47:22'),
(362, 5, 6, 8, 11, 20, 1, '2024-02-28 14:47:22', '2024-02-28 14:47:22'),
(363, 5, 6, 8, 11, 21, 1, '2024-02-28 14:47:22', '2024-02-28 14:47:22'),
(364, 5, 6, 8, 11, 22, 1, '2024-02-28 14:47:22', '2024-02-28 14:47:22'),
(365, 5, 6, 8, 11, 23, 1, '2024-02-28 14:47:22', '2024-02-28 14:47:22'),
(366, 5, 6, 8, 11, 24, 1, '2024-02-28 14:47:22', '2024-02-28 14:47:22'),
(367, 5, 6, 8, 11, 25, 1, '2024-02-28 14:47:22', '2024-02-28 14:47:22'),
(368, 5, 6, 8, 11, 26, 1, '2024-02-28 14:47:22', '2024-02-28 14:47:22'),
(369, 5, 6, 8, 11, 27, 1, '2024-02-28 14:47:22', '2024-02-28 14:47:22'),
(370, 5, 6, 8, 11, 28, 1, '2024-02-28 14:47:22', '2024-02-28 14:47:22'),
(371, 5, 6, 8, 11, 29, 1, '2024-02-28 14:47:22', '2024-02-28 14:47:22'),
(372, 5, 6, 8, 11, 30, 1, '2024-02-28 14:47:22', '2024-02-28 14:47:22'),
(373, 5, 6, 8, 11, 31, 1, '2024-02-28 14:47:22', '2024-02-28 14:47:22'),
(374, 5, 6, 8, 11, 32, 1, '2024-02-28 14:47:22', '2024-02-28 14:47:22'),
(375, 5, 6, 8, 11, 33, 1, '2024-02-28 14:47:22', '2024-02-28 14:47:22'),
(376, 5, 6, 8, 11, 34, 1, '2024-02-28 14:47:22', '2024-02-28 14:47:22'),
(377, 5, 6, 8, 11, 35, 1, '2024-02-28 14:47:22', '2024-02-28 14:47:22'),
(378, 5, 6, 8, 11, 36, 1, '2024-02-28 14:47:22', '2024-02-28 14:47:22'),
(379, 5, 6, 8, 11, 37, 1, '2024-02-28 14:47:22', '2024-02-28 14:47:22'),
(380, 5, 6, 8, 11, 38, 1, '2024-02-28 14:47:22', '2024-02-28 14:47:22'),
(381, 5, 6, 8, 11, 39, 1, '2024-02-28 14:47:22', '2024-02-28 14:47:22'),
(382, 5, 6, 8, 11, 40, 1, '2024-02-28 14:47:22', '2024-02-28 14:47:22'),
(383, 5, 6, 8, 11, 41, 1, '2024-02-28 14:47:22', '2024-02-28 14:47:22'),
(384, 5, 6, 8, 11, 42, 1, '2024-02-28 14:47:22', '2024-02-28 14:47:22'),
(385, 5, 6, 8, 11, 43, 1, '2024-02-28 14:47:22', '2024-02-28 14:47:22'),
(386, 5, 6, 8, 11, 44, 1, '2024-02-28 14:47:22', '2024-02-28 14:47:22'),
(387, 5, 6, 8, 11, 45, 1, '2024-02-28 14:47:22', '2024-02-28 14:47:22'),
(388, 5, 6, 8, 11, 46, 1, '2024-02-28 14:47:22', '2024-02-28 14:47:22'),
(389, 5, 6, 8, 11, 47, 1, '2024-02-28 14:47:22', '2024-02-28 14:47:22'),
(390, 5, 6, 8, 11, 48, 1, '2024-02-28 14:47:22', '2024-02-28 14:47:22'),
(391, 5, 6, 8, 11, 49, 1, '2024-02-28 14:47:22', '2024-02-28 14:47:22'),
(392, 5, 6, 8, 11, 50, 1, '2024-02-28 14:47:22', '2024-02-28 14:47:22'),
(393, 5, 6, 8, 11, 51, 1, '2024-02-28 14:47:22', '2024-02-28 14:47:22'),
(394, 5, 6, 8, 11, 52, 1, '2024-02-28 14:47:22', '2024-02-28 14:47:22'),
(395, 5, 6, 8, 11, 53, 1, '2024-02-28 14:47:22', '2024-02-28 14:47:22'),
(396, 5, 6, 8, 11, 54, 1, '2024-02-28 14:47:22', '2024-02-28 14:47:22'),
(397, 5, 6, 8, 11, 55, 1, '2024-02-28 14:47:22', '2024-02-28 14:47:22'),
(398, 5, 6, 8, 11, 56, 1, '2024-02-28 14:47:22', '2024-02-28 14:47:22'),
(399, 5, 6, 8, 11, 57, 1, '2024-02-28 14:47:22', '2024-02-28 14:47:22'),
(400, 5, 6, 8, 11, 58, 1, '2024-02-28 14:47:22', '2024-02-28 14:47:22'),
(401, 5, 6, 8, 11, 59, 1, '2024-02-28 14:47:22', '2024-02-28 14:47:22'),
(402, 5, 6, 8, 11, 60, 1, '2024-02-28 14:47:22', '2024-02-28 14:47:22'),
(403, 5, 6, 8, 11, 61, 1, '2024-02-28 14:47:22', '2024-02-28 14:47:22'),
(404, 5, 6, 8, 11, 62, 1, '2024-02-28 14:47:22', '2024-02-28 14:47:22'),
(405, 5, 6, 8, 11, 63, 1, '2024-02-28 14:47:22', '2024-02-28 14:47:22'),
(406, 5, 6, 8, 11, 64, 1, '2024-02-28 14:47:22', '2024-02-28 14:47:22'),
(407, 5, 6, 8, 11, 65, 1, '2024-02-28 14:47:22', '2024-02-28 14:47:22'),
(408, 5, 6, 8, 11, 66, 1, '2024-02-28 14:47:22', '2024-02-28 14:47:22'),
(409, 5, 6, 8, 11, 67, 1, '2024-02-28 14:47:22', '2024-02-28 14:47:22'),
(410, 5, 6, 8, 11, 68, 1, '2024-02-28 14:47:22', '2024-02-28 14:47:22'),
(411, 5, 6, 8, 11, 69, 1, '2024-02-28 14:47:22', '2024-02-28 14:47:22'),
(412, 5, 6, 8, 11, 70, 1, '2024-02-28 14:47:22', '2024-02-28 14:47:22'),
(413, 5, 6, 8, 11, 71, 1, '2024-02-28 14:47:22', '2024-02-28 14:47:22'),
(414, 5, 6, 8, 11, 72, 1, '2024-02-28 14:47:22', '2024-02-28 14:47:22'),
(415, 5, 6, 8, 11, 73, 1, '2024-02-28 14:47:22', '2024-02-28 14:47:22'),
(416, 5, 6, 8, 11, 74, 1, '2024-02-28 14:47:22', '2024-02-28 14:47:22'),
(417, 5, 6, 8, 11, 75, 1, '2024-02-28 14:47:22', '2024-02-28 14:47:22'),
(418, 5, 6, 8, 11, 76, 1, '2024-02-28 14:47:22', '2024-02-28 14:47:22'),
(419, 5, 6, 8, 11, 77, 1, '2024-02-28 14:47:22', '2024-02-28 14:47:22'),
(420, 5, 6, 8, 11, 78, 1, '2024-02-28 14:47:22', '2024-02-28 14:47:22'),
(421, 5, 6, 8, 11, 79, 1, '2024-02-28 14:47:22', '2024-02-28 14:47:22'),
(422, 5, 6, 8, 11, 80, 1, '2024-02-28 14:47:22', '2024-02-28 14:47:22'),
(423, 6, 7, 9, 12, 1, 1, '2024-02-28 15:18:10', '2024-02-28 15:18:10'),
(424, 6, 7, 9, 12, 2, 1, '2024-02-28 15:18:10', '2024-02-28 15:18:10'),
(425, 6, 7, 9, 12, 3, 1, '2024-02-28 15:18:10', '2024-02-28 15:18:10'),
(426, 6, 7, 9, 12, 4, 1, '2024-02-28 15:18:10', '2024-02-28 15:18:10'),
(427, 6, 7, 9, 12, 5, 1, '2024-02-28 15:18:10', '2024-02-28 15:18:10'),
(428, 6, 7, 9, 12, 6, 1, '2024-02-28 15:18:10', '2024-02-28 15:18:10'),
(429, 6, 7, 9, 12, 7, 1, '2024-02-28 15:18:10', '2024-02-28 15:18:10'),
(430, 6, 7, 9, 12, 8, 1, '2024-02-28 15:18:10', '2024-02-28 15:18:10'),
(431, 6, 7, 9, 12, 9, 1, '2024-02-28 15:18:10', '2024-02-28 15:18:10'),
(432, 6, 7, 9, 12, 10, 1, '2024-02-28 15:18:10', '2024-02-28 15:18:10'),
(433, 6, 7, 9, 12, 11, 1, '2024-02-28 15:18:10', '2024-02-28 15:18:10'),
(434, 6, 7, 9, 12, 12, 1, '2024-02-28 15:18:10', '2024-02-28 15:18:10'),
(435, 6, 7, 9, 12, 13, 1, '2024-02-28 15:18:10', '2024-02-28 15:18:10'),
(436, 6, 7, 9, 12, 14, 1, '2024-02-28 15:18:10', '2024-02-28 15:18:10'),
(437, 6, 7, 9, 12, 15, 1, '2024-02-28 15:18:10', '2024-02-28 15:18:10'),
(438, 6, 7, 9, 12, 16, 1, '2024-02-28 15:18:10', '2024-02-28 15:18:10'),
(439, 6, 7, 9, 12, 17, 1, '2024-02-28 15:18:10', '2024-02-28 15:18:10'),
(440, 6, 7, 9, 12, 18, 1, '2024-02-28 15:18:10', '2024-02-28 15:18:10'),
(441, 6, 7, 9, 12, 19, 1, '2024-02-28 15:18:10', '2024-02-28 15:18:10'),
(442, 6, 7, 9, 12, 20, 1, '2024-02-28 15:18:10', '2024-02-28 15:18:10'),
(443, 6, 7, 9, 12, 21, 1, '2024-02-28 15:18:10', '2024-02-28 15:18:10'),
(444, 6, 7, 9, 12, 22, 1, '2024-02-28 15:18:10', '2024-02-28 15:18:10'),
(445, 6, 7, 9, 12, 23, 1, '2024-02-28 15:18:10', '2024-02-28 15:18:10'),
(446, 6, 7, 9, 12, 24, 1, '2024-02-28 15:18:10', '2024-02-28 15:18:10'),
(447, 6, 7, 9, 12, 25, 1, '2024-02-28 15:18:10', '2024-02-28 15:18:10'),
(448, 6, 7, 9, 12, 26, 1, '2024-02-28 15:18:10', '2024-02-28 15:18:10'),
(449, 6, 7, 9, 12, 27, 1, '2024-02-28 15:18:10', '2024-02-28 15:18:10'),
(450, 6, 7, 9, 12, 28, 1, '2024-02-28 15:18:10', '2024-02-28 15:18:10'),
(451, 6, 7, 9, 12, 29, 1, '2024-02-28 15:18:10', '2024-02-28 15:18:10'),
(452, 6, 7, 9, 12, 30, 1, '2024-02-28 15:18:10', '2024-02-28 15:18:10'),
(453, 6, 7, 9, 12, 31, 1, '2024-02-28 15:18:10', '2024-02-28 15:18:10'),
(454, 6, 7, 9, 12, 32, 1, '2024-02-28 15:18:10', '2024-02-28 15:18:10'),
(455, 6, 7, 9, 12, 33, 1, '2024-02-28 15:18:10', '2024-02-28 15:18:10'),
(456, 6, 7, 9, 12, 34, 1, '2024-02-28 15:18:10', '2024-02-28 15:18:10'),
(457, 6, 7, 9, 12, 35, 1, '2024-02-28 15:18:10', '2024-02-28 15:18:10'),
(458, 6, 7, 9, 12, 36, 1, '2024-02-28 15:18:10', '2024-02-28 15:18:10'),
(459, 6, 7, 9, 12, 37, 1, '2024-02-28 15:18:10', '2024-02-28 15:18:10'),
(460, 6, 7, 9, 12, 38, 1, '2024-02-28 15:18:10', '2024-02-28 15:18:10'),
(461, 6, 7, 9, 12, 39, 1, '2024-02-28 15:18:10', '2024-02-28 15:18:10'),
(462, 6, 7, 9, 12, 40, 1, '2024-02-28 15:18:10', '2024-02-28 15:18:10'),
(463, 6, 7, 9, 12, 41, 1, '2024-02-28 15:18:10', '2024-02-28 15:18:10'),
(464, 6, 7, 9, 12, 42, 1, '2024-02-28 15:18:10', '2024-02-28 15:18:10'),
(465, 6, 7, 9, 12, 43, 1, '2024-02-28 15:18:10', '2024-02-28 15:18:10'),
(466, 6, 7, 9, 12, 44, 1, '2024-02-28 15:18:10', '2024-02-28 15:18:10'),
(467, 6, 7, 9, 12, 45, 1, '2024-02-28 15:18:10', '2024-02-28 15:18:10'),
(468, 6, 7, 9, 12, 46, 1, '2024-02-28 15:18:10', '2024-02-28 15:18:10'),
(469, 6, 7, 9, 12, 47, 1, '2024-02-28 15:18:10', '2024-02-28 15:18:10'),
(470, 6, 7, 9, 12, 48, 1, '2024-02-28 15:18:10', '2024-02-28 15:18:10'),
(471, 6, 7, 9, 12, 49, 1, '2024-02-28 15:18:10', '2024-02-28 15:18:10'),
(472, 6, 7, 9, 12, 50, 1, '2024-02-28 15:18:10', '2024-02-28 15:18:10'),
(473, 6, 7, 9, 12, 51, 1, '2024-02-28 15:18:10', '2024-02-28 15:18:10'),
(474, 6, 7, 9, 12, 52, 1, '2024-02-28 15:18:10', '2024-02-28 15:18:10'),
(475, 6, 7, 9, 12, 53, 1, '2024-02-28 15:18:10', '2024-02-28 15:18:10'),
(476, 6, 7, 9, 12, 54, 1, '2024-02-28 15:18:10', '2024-02-28 15:18:10'),
(477, 6, 7, 9, 12, 55, 1, '2024-02-28 15:18:10', '2024-02-28 15:18:10'),
(478, 6, 7, 9, 12, 56, 1, '2024-02-28 15:18:10', '2024-02-28 15:18:10'),
(479, 6, 7, 9, 12, 57, 1, '2024-02-28 15:18:10', '2024-02-28 15:18:10'),
(480, 6, 7, 9, 12, 58, 1, '2024-02-28 15:18:10', '2024-02-28 15:18:10'),
(481, 6, 7, 9, 12, 59, 1, '2024-02-28 15:18:10', '2024-02-28 15:18:10'),
(482, 6, 7, 9, 12, 60, 1, '2024-02-28 15:18:10', '2024-02-28 15:18:10'),
(483, 6, 7, 9, 12, 61, 1, '2024-02-28 15:18:10', '2024-02-28 15:18:10'),
(484, 6, 7, 9, 12, 62, 1, '2024-02-28 15:18:10', '2024-02-28 15:18:10'),
(485, 6, 7, 9, 12, 63, 1, '2024-02-28 15:18:10', '2024-02-28 15:18:10'),
(486, 6, 7, 9, 12, 64, 1, '2024-02-28 15:18:10', '2024-02-28 15:18:10'),
(487, 6, 7, 9, 12, 65, 1, '2024-02-28 15:18:10', '2024-02-28 15:18:10'),
(488, 6, 7, 9, 12, 66, 1, '2024-02-28 15:18:10', '2024-02-28 15:18:10'),
(489, 6, 7, 9, 12, 67, 1, '2024-02-28 15:18:10', '2024-02-28 15:18:10'),
(490, 6, 7, 9, 12, 68, 1, '2024-02-28 15:18:10', '2024-02-28 15:18:10'),
(491, 6, 7, 9, 12, 69, 1, '2024-02-28 15:18:10', '2024-02-28 15:18:10'),
(492, 6, 7, 9, 12, 70, 1, '2024-02-28 15:18:10', '2024-02-28 15:18:10'),
(493, 6, 7, 9, 12, 71, 1, '2024-02-28 15:18:10', '2024-02-28 15:18:10'),
(494, 6, 7, 9, 12, 72, 1, '2024-02-28 15:18:10', '2024-02-28 15:18:10'),
(495, 6, 7, 9, 12, 73, 1, '2024-02-28 15:18:10', '2024-02-28 15:18:10'),
(496, 6, 7, 9, 12, 74, 1, '2024-02-28 15:18:10', '2024-02-28 15:18:10'),
(497, 6, 7, 9, 12, 75, 1, '2024-02-28 15:18:10', '2024-02-28 15:18:10'),
(498, 6, 7, 9, 12, 76, 1, '2024-02-28 15:18:10', '2024-02-28 15:18:10'),
(499, 6, 7, 9, 12, 77, 1, '2024-02-28 15:18:10', '2024-02-28 15:18:10'),
(500, 6, 7, 9, 12, 78, 1, '2024-02-28 15:18:10', '2024-02-28 15:18:10'),
(501, 6, 7, 9, 12, 79, 1, '2024-02-28 15:18:10', '2024-02-28 15:18:10'),
(502, 6, 7, 9, 12, 80, 1, '2024-02-28 15:18:10', '2024-02-28 15:18:10'),
(503, 7, 8, 10, 14, 64, 1, '2024-03-02 12:13:54', '2024-03-02 12:13:54'),
(504, 7, 8, 10, 14, 65, 1, '2024-03-02 12:13:54', '2024-03-02 12:13:54'),
(505, 7, 8, 10, 14, 66, 1, '2024-03-02 12:13:54', '2024-03-02 12:13:54'),
(506, 7, 8, 10, 14, 15, 1, '2024-03-02 12:13:54', '2024-03-02 12:13:54'),
(507, 7, 8, 10, 15, 67, 1, '2024-03-02 12:13:54', '2024-03-02 12:13:54'),
(508, 7, 8, 10, 15, 68, 1, '2024-03-02 12:13:54', '2024-03-02 12:13:54'),
(509, 7, 8, 10, 13, 1, 1, '2024-03-02 12:13:54', '2024-03-02 12:13:54'),
(510, 7, 8, 10, 13, 2, 1, '2024-03-02 12:13:54', '2024-03-02 12:13:54'),
(511, 7, 8, 10, 13, 3, 1, '2024-03-02 12:13:54', '2024-03-02 12:13:54'),
(512, 7, 8, 10, 13, 4, 1, '2024-03-02 12:13:54', '2024-03-02 12:13:54'),
(513, 7, 8, 10, 13, 5, 1, '2024-03-02 12:13:54', '2024-03-02 12:13:54'),
(514, 7, 8, 10, 13, 6, 1, '2024-03-02 12:13:54', '2024-03-02 12:13:54'),
(515, 7, 8, 10, 13, 7, 1, '2024-03-02 12:13:54', '2024-03-02 12:13:54'),
(516, 7, 8, 10, 13, 8, 1, '2024-03-02 12:13:54', '2024-03-02 12:13:54'),
(517, 7, 8, 10, 13, 9, 1, '2024-03-02 12:13:54', '2024-03-02 12:13:54'),
(518, 7, 8, 10, 13, 10, 1, '2024-03-02 12:13:54', '2024-03-02 12:13:54'),
(519, 7, 8, 10, 13, 11, 1, '2024-03-02 12:13:54', '2024-03-02 12:13:54'),
(520, 7, 8, 10, 13, 12, 1, '2024-03-02 12:13:54', '2024-03-02 12:13:54'),
(521, 7, 8, 10, 13, 13, 1, '2024-03-02 12:13:54', '2024-03-02 12:13:54'),
(522, 7, 8, 10, 13, 14, 1, '2024-03-02 12:13:54', '2024-03-02 12:13:54'),
(523, 7, 8, 10, 13, 15, 1, '2024-03-02 12:13:54', '2024-03-02 12:13:54'),
(524, 7, 8, 10, 13, 16, 1, '2024-03-02 12:13:54', '2024-03-02 12:13:54'),
(525, 7, 8, 10, 13, 17, 1, '2024-03-02 12:13:54', '2024-03-02 12:13:54'),
(526, 7, 8, 10, 13, 18, 1, '2024-03-02 12:13:54', '2024-03-02 12:13:54'),
(527, 7, 8, 10, 13, 19, 1, '2024-03-02 12:13:54', '2024-03-02 12:13:54'),
(528, 7, 8, 10, 13, 20, 1, '2024-03-02 12:13:54', '2024-03-02 12:13:54'),
(529, 7, 8, 10, 13, 21, 1, '2024-03-02 12:13:54', '2024-03-02 12:13:54'),
(530, 7, 8, 10, 13, 22, 1, '2024-03-02 12:13:54', '2024-03-02 12:13:54'),
(531, 7, 8, 10, 13, 23, 1, '2024-03-02 12:13:54', '2024-03-02 12:13:54'),
(532, 7, 8, 10, 13, 24, 1, '2024-03-02 12:13:54', '2024-03-02 12:13:54'),
(533, 7, 8, 10, 13, 25, 1, '2024-03-02 12:13:54', '2024-03-02 12:13:54'),
(534, 7, 8, 10, 13, 26, 1, '2024-03-02 12:13:54', '2024-03-02 12:13:54'),
(535, 7, 8, 10, 13, 27, 1, '2024-03-02 12:13:54', '2024-03-02 12:13:54'),
(536, 7, 8, 10, 13, 28, 1, '2024-03-02 12:13:54', '2024-03-02 12:13:54'),
(537, 7, 8, 10, 13, 29, 1, '2024-03-02 12:13:54', '2024-03-02 12:13:54'),
(538, 7, 8, 10, 13, 30, 1, '2024-03-02 12:13:54', '2024-03-02 12:13:54'),
(539, 7, 8, 10, 13, 31, 1, '2024-03-02 12:13:54', '2024-03-02 12:13:54'),
(540, 7, 8, 10, 13, 32, 1, '2024-03-02 12:13:54', '2024-03-02 12:13:54'),
(541, 7, 8, 10, 13, 33, 1, '2024-03-02 12:13:54', '2024-03-02 12:13:54'),
(542, 7, 8, 10, 13, 34, 1, '2024-03-02 12:13:54', '2024-03-02 12:13:54'),
(543, 7, 8, 10, 13, 35, 1, '2024-03-02 12:13:54', '2024-03-02 12:13:54'),
(544, 7, 8, 10, 13, 36, 1, '2024-03-02 12:13:54', '2024-03-02 12:13:54'),
(545, 7, 8, 10, 13, 37, 1, '2024-03-02 12:13:54', '2024-03-02 12:13:54'),
(546, 7, 8, 10, 13, 38, 1, '2024-03-02 12:13:54', '2024-03-02 12:13:54'),
(547, 7, 8, 10, 13, 39, 1, '2024-03-02 12:13:54', '2024-03-02 12:13:54'),
(548, 7, 8, 10, 13, 40, 1, '2024-03-02 12:13:54', '2024-03-02 12:13:54'),
(549, 7, 8, 10, 13, 41, 1, '2024-03-02 12:13:54', '2024-03-02 12:13:54'),
(550, 7, 8, 10, 13, 42, 1, '2024-03-02 12:13:54', '2024-03-02 12:13:54'),
(551, 7, 8, 10, 13, 43, 1, '2024-03-02 12:13:54', '2024-03-02 12:13:54'),
(552, 7, 8, 10, 13, 44, 1, '2024-03-02 12:13:54', '2024-03-02 12:13:54'),
(553, 7, 8, 10, 13, 45, 1, '2024-03-02 12:13:54', '2024-03-02 12:13:54'),
(554, 7, 8, 10, 13, 46, 1, '2024-03-02 12:13:54', '2024-03-02 12:13:54'),
(555, 7, 8, 10, 13, 47, 1, '2024-03-02 12:13:54', '2024-03-02 12:13:54'),
(556, 7, 8, 10, 13, 48, 1, '2024-03-02 12:13:54', '2024-03-02 12:13:54'),
(557, 7, 8, 10, 13, 49, 1, '2024-03-02 12:13:54', '2024-03-02 12:13:54'),
(558, 7, 8, 10, 13, 50, 1, '2024-03-02 12:13:54', '2024-03-02 12:13:54'),
(559, 7, 8, 10, 13, 51, 1, '2024-03-02 12:13:54', '2024-03-02 12:13:54'),
(560, 7, 8, 10, 13, 52, 1, '2024-03-02 12:13:54', '2024-03-02 12:13:54'),
(561, 7, 8, 10, 13, 53, 1, '2024-03-02 12:13:54', '2024-03-02 12:13:54'),
(562, 7, 8, 10, 13, 54, 1, '2024-03-02 12:13:54', '2024-03-02 12:13:54'),
(563, 7, 8, 10, 13, 55, 1, '2024-03-02 12:13:54', '2024-03-02 12:13:54'),
(564, 7, 8, 10, 13, 56, 1, '2024-03-02 12:13:54', '2024-03-02 12:13:54'),
(565, 7, 8, 10, 13, 57, 1, '2024-03-02 12:13:54', '2024-03-02 12:13:54'),
(566, 7, 8, 10, 13, 58, 1, '2024-03-02 12:13:54', '2024-03-02 12:13:54'),
(567, 7, 8, 10, 13, 59, 1, '2024-03-02 12:13:54', '2024-03-02 12:13:54'),
(568, 7, 8, 10, 13, 60, 1, '2024-03-02 12:13:54', '2024-03-02 12:13:54'),
(569, 7, 8, 10, 13, 61, 1, '2024-03-02 12:13:54', '2024-03-02 12:13:54'),
(570, 7, 8, 10, 13, 62, 1, '2024-03-02 12:13:54', '2024-03-02 12:13:54'),
(571, 7, 8, 10, 13, 63, 1, '2024-03-02 12:13:54', '2024-03-02 12:13:54'),
(572, 7, 8, 10, 13, 64, 1, '2024-03-02 12:13:54', '2024-03-02 12:13:54'),
(573, 7, 8, 10, 13, 65, 1, '2024-03-02 12:13:54', '2024-03-02 12:13:54'),
(574, 7, 8, 10, 13, 66, 1, '2024-03-02 12:13:54', '2024-03-02 12:13:54'),
(575, 7, 8, 10, 13, 67, 1, '2024-03-02 12:13:54', '2024-03-02 12:13:54'),
(576, 7, 8, 10, 13, 68, 1, '2024-03-02 12:13:54', '2024-03-02 12:13:54'),
(577, 7, 8, 10, 13, 69, 1, '2024-03-02 12:13:54', '2024-03-02 12:13:54'),
(578, 7, 8, 10, 13, 70, 1, '2024-03-02 12:13:54', '2024-03-02 12:13:54'),
(579, 7, 8, 10, 13, 71, 1, '2024-03-02 12:13:54', '2024-03-02 12:13:54'),
(580, 7, 8, 10, 13, 72, 1, '2024-03-02 12:13:54', '2024-03-02 12:13:54'),
(581, 7, 8, 10, 13, 73, 1, '2024-03-02 12:13:54', '2024-03-02 12:13:54'),
(582, 7, 8, 10, 13, 74, 1, '2024-03-02 12:13:54', '2024-03-02 12:13:54'),
(583, 7, 8, 10, 13, 75, 1, '2024-03-02 12:13:54', '2024-03-02 12:13:54'),
(584, 7, 8, 10, 13, 76, 1, '2024-03-02 12:13:54', '2024-03-02 12:13:54'),
(585, 7, 8, 10, 13, 77, 1, '2024-03-02 12:13:54', '2024-03-02 12:13:54'),
(586, 7, 8, 10, 13, 78, 1, '2024-03-02 12:13:54', '2024-03-02 12:13:54'),
(587, 7, 8, 10, 13, 79, 1, '2024-03-02 12:13:54', '2024-03-02 12:13:54'),
(588, 7, 8, 10, 13, 80, 1, '2024-03-02 12:13:54', '2024-03-02 12:13:54'),
(589, 8, 9, 11, 17, 64, 1, '2024-03-02 12:44:08', '2024-03-02 12:44:08'),
(590, 8, 9, 11, 17, 65, 1, '2024-03-02 12:44:08', '2024-03-02 12:44:08'),
(591, 8, 9, 11, 17, 66, 1, '2024-03-02 12:44:08', '2024-03-02 12:44:08'),
(592, 8, 9, 11, 17, 15, 1, '2024-03-02 12:44:08', '2024-03-02 12:44:08'),
(593, 8, 9, 11, 18, 67, 1, '2024-03-02 12:44:08', '2024-03-02 12:44:08'),
(594, 8, 9, 11, 18, 68, 1, '2024-03-02 12:44:08', '2024-03-02 12:44:08'),
(595, 8, 9, 11, 16, 1, 1, '2024-03-02 12:44:08', '2024-03-02 12:44:08'),
(596, 8, 9, 11, 16, 2, 1, '2024-03-02 12:44:08', '2024-03-02 12:44:08'),
(597, 8, 9, 11, 16, 3, 1, '2024-03-02 12:44:08', '2024-03-02 12:44:08'),
(598, 8, 9, 11, 16, 4, 1, '2024-03-02 12:44:08', '2024-03-02 12:44:08'),
(599, 8, 9, 11, 16, 5, 1, '2024-03-02 12:44:08', '2024-03-02 12:44:08'),
(600, 8, 9, 11, 16, 6, 1, '2024-03-02 12:44:08', '2024-03-02 12:44:08'),
(601, 8, 9, 11, 16, 7, 1, '2024-03-02 12:44:08', '2024-03-02 12:44:08'),
(602, 8, 9, 11, 16, 8, 1, '2024-03-02 12:44:08', '2024-03-02 12:44:08'),
(603, 8, 9, 11, 16, 9, 1, '2024-03-02 12:44:08', '2024-03-02 12:44:08'),
(604, 8, 9, 11, 16, 10, 1, '2024-03-02 12:44:08', '2024-03-02 12:44:08'),
(605, 8, 9, 11, 16, 11, 1, '2024-03-02 12:44:08', '2024-03-02 12:44:08'),
(606, 8, 9, 11, 16, 12, 1, '2024-03-02 12:44:08', '2024-03-02 12:44:08'),
(607, 8, 9, 11, 16, 13, 1, '2024-03-02 12:44:08', '2024-03-02 12:44:08'),
(608, 8, 9, 11, 16, 14, 1, '2024-03-02 12:44:08', '2024-03-02 12:44:08'),
(609, 8, 9, 11, 16, 15, 1, '2024-03-02 12:44:08', '2024-03-02 12:44:08'),
(610, 8, 9, 11, 16, 16, 1, '2024-03-02 12:44:08', '2024-03-02 12:44:08'),
(611, 8, 9, 11, 16, 17, 1, '2024-03-02 12:44:08', '2024-03-02 12:44:08'),
(612, 8, 9, 11, 16, 18, 1, '2024-03-02 12:44:08', '2024-03-02 12:44:08'),
(613, 8, 9, 11, 16, 19, 1, '2024-03-02 12:44:08', '2024-03-02 12:44:08'),
(614, 8, 9, 11, 16, 20, 1, '2024-03-02 12:44:08', '2024-03-02 12:44:08'),
(615, 8, 9, 11, 16, 21, 1, '2024-03-02 12:44:08', '2024-03-02 12:44:08'),
(616, 8, 9, 11, 16, 22, 1, '2024-03-02 12:44:08', '2024-03-02 12:44:08'),
(617, 8, 9, 11, 16, 23, 1, '2024-03-02 12:44:08', '2024-03-02 12:44:08'),
(618, 8, 9, 11, 16, 24, 1, '2024-03-02 12:44:08', '2024-03-02 12:44:08'),
(619, 8, 9, 11, 16, 25, 1, '2024-03-02 12:44:08', '2024-03-02 12:44:08'),
(620, 8, 9, 11, 16, 26, 1, '2024-03-02 12:44:08', '2024-03-02 12:44:08'),
(621, 8, 9, 11, 16, 27, 1, '2024-03-02 12:44:08', '2024-03-02 12:44:08'),
(622, 8, 9, 11, 16, 28, 1, '2024-03-02 12:44:08', '2024-03-02 12:44:08'),
(623, 8, 9, 11, 16, 29, 1, '2024-03-02 12:44:08', '2024-03-02 12:44:08'),
(624, 8, 9, 11, 16, 30, 1, '2024-03-02 12:44:08', '2024-03-02 12:44:08'),
(625, 8, 9, 11, 16, 31, 1, '2024-03-02 12:44:08', '2024-03-02 12:44:08'),
(626, 8, 9, 11, 16, 32, 1, '2024-03-02 12:44:08', '2024-03-02 12:44:08'),
(627, 8, 9, 11, 16, 33, 1, '2024-03-02 12:44:08', '2024-03-02 12:44:08'),
(628, 8, 9, 11, 16, 34, 1, '2024-03-02 12:44:08', '2024-03-02 12:44:08'),
(629, 8, 9, 11, 16, 35, 1, '2024-03-02 12:44:08', '2024-03-02 12:44:08'),
(630, 8, 9, 11, 16, 36, 1, '2024-03-02 12:44:08', '2024-03-02 12:44:08'),
(631, 8, 9, 11, 16, 37, 1, '2024-03-02 12:44:08', '2024-03-02 12:44:08'),
(632, 8, 9, 11, 16, 38, 1, '2024-03-02 12:44:08', '2024-03-02 12:44:08'),
(633, 8, 9, 11, 16, 39, 1, '2024-03-02 12:44:08', '2024-03-02 12:44:08'),
(634, 8, 9, 11, 16, 40, 1, '2024-03-02 12:44:08', '2024-03-02 12:44:08'),
(635, 8, 9, 11, 16, 41, 1, '2024-03-02 12:44:08', '2024-03-02 12:44:08'),
(636, 8, 9, 11, 16, 42, 1, '2024-03-02 12:44:08', '2024-03-02 12:44:08'),
(637, 8, 9, 11, 16, 43, 1, '2024-03-02 12:44:08', '2024-03-02 12:44:08'),
(638, 8, 9, 11, 16, 44, 1, '2024-03-02 12:44:08', '2024-03-02 12:44:08'),
(639, 8, 9, 11, 16, 45, 1, '2024-03-02 12:44:08', '2024-03-02 12:44:08'),
(640, 8, 9, 11, 16, 46, 1, '2024-03-02 12:44:08', '2024-03-02 12:44:08'),
(641, 8, 9, 11, 16, 47, 1, '2024-03-02 12:44:08', '2024-03-02 12:44:08'),
(642, 8, 9, 11, 16, 48, 1, '2024-03-02 12:44:08', '2024-03-02 12:44:08'),
(643, 8, 9, 11, 16, 49, 1, '2024-03-02 12:44:08', '2024-03-02 12:44:08'),
(644, 8, 9, 11, 16, 50, 1, '2024-03-02 12:44:08', '2024-03-02 12:44:08'),
(645, 8, 9, 11, 16, 51, 1, '2024-03-02 12:44:08', '2024-03-02 12:44:08'),
(646, 8, 9, 11, 16, 52, 1, '2024-03-02 12:44:08', '2024-03-02 12:44:08'),
(647, 8, 9, 11, 16, 53, 1, '2024-03-02 12:44:08', '2024-03-02 12:44:08'),
(648, 8, 9, 11, 16, 54, 1, '2024-03-02 12:44:08', '2024-03-02 12:44:08'),
(649, 8, 9, 11, 16, 55, 1, '2024-03-02 12:44:08', '2024-03-02 12:44:08'),
(650, 8, 9, 11, 16, 56, 1, '2024-03-02 12:44:08', '2024-03-02 12:44:08'),
(651, 8, 9, 11, 16, 57, 1, '2024-03-02 12:44:08', '2024-03-02 12:44:08'),
(652, 8, 9, 11, 16, 58, 1, '2024-03-02 12:44:08', '2024-03-02 12:44:08'),
(653, 8, 9, 11, 16, 59, 1, '2024-03-02 12:44:08', '2024-03-02 12:44:08'),
(654, 8, 9, 11, 16, 60, 1, '2024-03-02 12:44:08', '2024-03-02 12:44:08'),
(655, 8, 9, 11, 16, 61, 1, '2024-03-02 12:44:08', '2024-03-02 12:44:08'),
(656, 8, 9, 11, 16, 62, 1, '2024-03-02 12:44:08', '2024-03-02 12:44:08'),
(657, 8, 9, 11, 16, 63, 1, '2024-03-02 12:44:08', '2024-03-02 12:44:08'),
(658, 8, 9, 11, 16, 64, 1, '2024-03-02 12:44:08', '2024-03-02 12:44:08'),
(659, 8, 9, 11, 16, 65, 1, '2024-03-02 12:44:08', '2024-03-02 12:44:08'),
(660, 8, 9, 11, 16, 66, 1, '2024-03-02 12:44:08', '2024-03-02 12:44:08'),
(661, 8, 9, 11, 16, 67, 1, '2024-03-02 12:44:08', '2024-03-02 12:44:08'),
(662, 8, 9, 11, 16, 68, 1, '2024-03-02 12:44:08', '2024-03-02 12:44:08'),
(663, 8, 9, 11, 16, 69, 1, '2024-03-02 12:44:08', '2024-03-02 12:44:08'),
(664, 8, 9, 11, 16, 70, 1, '2024-03-02 12:44:08', '2024-03-02 12:44:08'),
(665, 8, 9, 11, 16, 71, 1, '2024-03-02 12:44:08', '2024-03-02 12:44:08'),
(666, 8, 9, 11, 16, 72, 1, '2024-03-02 12:44:08', '2024-03-02 12:44:08'),
(667, 8, 9, 11, 16, 73, 1, '2024-03-02 12:44:08', '2024-03-02 12:44:08'),
(668, 8, 9, 11, 16, 74, 1, '2024-03-02 12:44:08', '2024-03-02 12:44:08'),
(669, 8, 9, 11, 16, 75, 1, '2024-03-02 12:44:08', '2024-03-02 12:44:08'),
(670, 8, 9, 11, 16, 76, 1, '2024-03-02 12:44:08', '2024-03-02 12:44:08'),
(671, 8, 9, 11, 16, 77, 1, '2024-03-02 12:44:08', '2024-03-02 12:44:08'),
(672, 8, 9, 11, 16, 78, 1, '2024-03-02 12:44:08', '2024-03-02 12:44:08'),
(673, 8, 9, 11, 16, 79, 1, '2024-03-02 12:44:08', '2024-03-02 12:44:08'),
(674, 8, 9, 11, 16, 80, 1, '2024-03-02 12:44:08', '2024-03-02 12:44:08'),
(675, 9, 10, 12, 19, 1, 1, '2024-03-02 17:44:39', '2024-03-02 17:44:39'),
(676, 9, 10, 12, 19, 2, 1, '2024-03-02 17:44:39', '2024-03-02 17:44:39'),
(677, 9, 10, 12, 19, 3, 1, '2024-03-02 17:44:39', '2024-03-02 17:44:39'),
(678, 9, 10, 12, 19, 4, 1, '2024-03-02 17:44:39', '2024-03-02 17:44:39'),
(679, 9, 10, 12, 19, 5, 1, '2024-03-02 17:44:39', '2024-03-02 17:44:39'),
(680, 9, 10, 12, 19, 6, 1, '2024-03-02 17:44:39', '2024-03-02 17:44:39'),
(681, 9, 10, 12, 19, 7, 1, '2024-03-02 17:44:39', '2024-03-02 17:44:39'),
(682, 9, 10, 12, 19, 8, 1, '2024-03-02 17:44:39', '2024-03-02 17:44:39'),
(683, 9, 10, 12, 19, 9, 1, '2024-03-02 17:44:39', '2024-03-02 17:44:39'),
(684, 9, 10, 12, 19, 10, 1, '2024-03-02 17:44:39', '2024-03-02 17:44:39'),
(685, 9, 10, 12, 19, 11, 1, '2024-03-02 17:44:39', '2024-03-02 17:44:39'),
(686, 9, 10, 12, 19, 12, 1, '2024-03-02 17:44:39', '2024-03-02 17:44:39'),
(687, 9, 10, 12, 19, 13, 1, '2024-03-02 17:44:39', '2024-03-02 17:44:39'),
(688, 9, 10, 12, 19, 14, 1, '2024-03-02 17:44:39', '2024-03-02 17:44:39'),
(689, 9, 10, 12, 19, 15, 1, '2024-03-02 17:44:39', '2024-03-02 17:44:39'),
(690, 9, 10, 12, 19, 16, 1, '2024-03-02 17:44:39', '2024-03-02 17:44:39'),
(691, 9, 10, 12, 19, 17, 1, '2024-03-02 17:44:39', '2024-03-02 17:44:39'),
(692, 9, 10, 12, 19, 18, 1, '2024-03-02 17:44:39', '2024-03-02 17:44:39'),
(693, 9, 10, 12, 19, 19, 1, '2024-03-02 17:44:39', '2024-03-02 17:44:39'),
(694, 9, 10, 12, 19, 20, 1, '2024-03-02 17:44:39', '2024-03-02 17:44:39'),
(695, 9, 10, 12, 19, 21, 1, '2024-03-02 17:44:39', '2024-03-02 17:44:39'),
(696, 9, 10, 12, 19, 22, 1, '2024-03-02 17:44:39', '2024-03-02 17:44:39'),
(697, 9, 10, 12, 19, 23, 1, '2024-03-02 17:44:39', '2024-03-02 17:44:39'),
(698, 9, 10, 12, 19, 24, 1, '2024-03-02 17:44:39', '2024-03-02 17:44:39'),
(699, 9, 10, 12, 19, 25, 1, '2024-03-02 17:44:39', '2024-03-02 17:44:39'),
(700, 9, 10, 12, 19, 26, 1, '2024-03-02 17:44:39', '2024-03-02 17:44:39'),
(701, 9, 10, 12, 19, 27, 1, '2024-03-02 17:44:39', '2024-03-02 17:44:39'),
(702, 9, 10, 12, 19, 28, 1, '2024-03-02 17:44:39', '2024-03-02 17:44:39'),
(703, 9, 10, 12, 19, 29, 1, '2024-03-02 17:44:39', '2024-03-02 17:44:39'),
(704, 9, 10, 12, 19, 30, 1, '2024-03-02 17:44:39', '2024-03-02 17:44:39'),
(705, 9, 10, 12, 19, 31, 1, '2024-03-02 17:44:39', '2024-03-02 17:44:39'),
(706, 9, 10, 12, 19, 32, 1, '2024-03-02 17:44:39', '2024-03-02 17:44:39'),
(707, 9, 10, 12, 19, 33, 1, '2024-03-02 17:44:39', '2024-03-02 17:44:39'),
(708, 9, 10, 12, 19, 34, 1, '2024-03-02 17:44:39', '2024-03-02 17:44:39');
INSERT INTO `permissions` (`id`, `orgID`, `branchID`, `userID`, `roleID`, `pageID`, `status`, `created_at`, `updated_at`) VALUES
(709, 9, 10, 12, 19, 35, 1, '2024-03-02 17:44:39', '2024-03-02 17:44:39'),
(710, 9, 10, 12, 19, 36, 1, '2024-03-02 17:44:39', '2024-03-02 17:44:39'),
(711, 9, 10, 12, 19, 37, 1, '2024-03-02 17:44:39', '2024-03-02 17:44:39'),
(712, 9, 10, 12, 19, 38, 1, '2024-03-02 17:44:39', '2024-03-02 17:44:39'),
(713, 9, 10, 12, 19, 39, 1, '2024-03-02 17:44:39', '2024-03-02 17:44:39'),
(714, 9, 10, 12, 19, 40, 1, '2024-03-02 17:44:39', '2024-03-02 17:44:39'),
(715, 9, 10, 12, 19, 41, 1, '2024-03-02 17:44:39', '2024-03-02 17:44:39'),
(716, 9, 10, 12, 19, 42, 1, '2024-03-02 17:44:39', '2024-03-02 17:44:39'),
(717, 9, 10, 12, 19, 43, 1, '2024-03-02 17:44:39', '2024-03-02 17:44:39'),
(718, 9, 10, 12, 19, 44, 1, '2024-03-02 17:44:39', '2024-03-02 17:44:39'),
(719, 9, 10, 12, 19, 45, 1, '2024-03-02 17:44:39', '2024-03-02 17:44:39'),
(720, 9, 10, 12, 19, 46, 1, '2024-03-02 17:44:39', '2024-03-02 17:44:39'),
(721, 9, 10, 12, 19, 47, 1, '2024-03-02 17:44:39', '2024-03-02 17:44:39'),
(722, 9, 10, 12, 19, 48, 1, '2024-03-02 17:44:39', '2024-03-02 17:44:39'),
(723, 9, 10, 12, 19, 49, 1, '2024-03-02 17:44:39', '2024-03-02 17:44:39'),
(724, 9, 10, 12, 19, 50, 1, '2024-03-02 17:44:39', '2024-03-02 17:44:39'),
(725, 9, 10, 12, 19, 51, 1, '2024-03-02 17:44:39', '2024-03-02 17:44:39'),
(726, 9, 10, 12, 19, 52, 1, '2024-03-02 17:44:39', '2024-03-02 17:44:39'),
(727, 9, 10, 12, 19, 53, 1, '2024-03-02 17:44:39', '2024-03-02 17:44:39'),
(728, 9, 10, 12, 19, 54, 1, '2024-03-02 17:44:39', '2024-03-02 17:44:39'),
(729, 9, 10, 12, 19, 55, 1, '2024-03-02 17:44:39', '2024-03-02 17:44:39'),
(730, 9, 10, 12, 19, 56, 1, '2024-03-02 17:44:39', '2024-03-02 17:44:39'),
(731, 9, 10, 12, 19, 57, 1, '2024-03-02 17:44:39', '2024-03-02 17:44:39'),
(732, 9, 10, 12, 19, 58, 1, '2024-03-02 17:44:39', '2024-03-02 17:44:39'),
(733, 9, 10, 12, 19, 59, 1, '2024-03-02 17:44:39', '2024-03-02 17:44:39'),
(734, 9, 10, 12, 19, 60, 1, '2024-03-02 17:44:39', '2024-03-02 17:44:39'),
(735, 9, 10, 12, 19, 61, 1, '2024-03-02 17:44:39', '2024-03-02 17:44:39'),
(736, 9, 10, 12, 19, 62, 1, '2024-03-02 17:44:39', '2024-03-02 17:44:39'),
(737, 9, 10, 12, 19, 63, 1, '2024-03-02 17:44:39', '2024-03-02 17:44:39'),
(738, 9, 10, 12, 19, 64, 1, '2024-03-02 17:44:39', '2024-03-02 17:44:39'),
(739, 9, 10, 12, 19, 65, 1, '2024-03-02 17:44:39', '2024-03-02 17:44:39'),
(740, 9, 10, 12, 19, 66, 1, '2024-03-02 17:44:39', '2024-03-02 17:44:39'),
(741, 9, 10, 12, 19, 67, 1, '2024-03-02 17:44:39', '2024-03-02 17:44:39'),
(742, 9, 10, 12, 19, 68, 1, '2024-03-02 17:44:39', '2024-03-02 17:44:39'),
(743, 9, 10, 12, 19, 69, 1, '2024-03-02 17:44:39', '2024-03-02 17:44:39'),
(744, 9, 10, 12, 19, 70, 1, '2024-03-02 17:44:39', '2024-03-02 17:44:39'),
(745, 9, 10, 12, 19, 71, 1, '2024-03-02 17:44:39', '2024-03-02 17:44:39'),
(746, 9, 10, 12, 19, 72, 1, '2024-03-02 17:44:39', '2024-03-02 17:44:39'),
(747, 9, 10, 12, 19, 73, 1, '2024-03-02 17:44:39', '2024-03-02 17:44:39'),
(748, 9, 10, 12, 19, 74, 1, '2024-03-02 17:44:39', '2024-03-02 17:44:39'),
(749, 9, 10, 12, 19, 75, 1, '2024-03-02 17:44:39', '2024-03-02 17:44:39'),
(750, 9, 10, 12, 19, 76, 1, '2024-03-02 17:44:39', '2024-03-02 17:44:39'),
(751, 9, 10, 12, 19, 77, 1, '2024-03-02 17:44:39', '2024-03-02 17:44:39'),
(752, 9, 10, 12, 19, 78, 1, '2024-03-02 17:44:39', '2024-03-02 17:44:39'),
(753, 9, 10, 12, 19, 79, 1, '2024-03-02 17:44:39', '2024-03-02 17:44:39'),
(754, 9, 10, 12, 19, 80, 1, '2024-03-02 17:44:39', '2024-03-02 17:44:39');

-- --------------------------------------------------------

--
-- بنية الجدول `personal_access_tokens`
--

CREATE TABLE `personal_access_tokens` (
  `id` bigint(20) UNSIGNED NOT NULL,
  `tokenable_type` varchar(255) NOT NULL,
  `tokenable_id` bigint(20) UNSIGNED NOT NULL,
  `name` varchar(255) NOT NULL,
  `token` varchar(64) NOT NULL,
  `abilities` text DEFAULT NULL,
  `last_used_at` timestamp NULL DEFAULT NULL,
  `expires_at` timestamp NULL DEFAULT NULL,
  `created_at` timestamp NULL DEFAULT NULL,
  `updated_at` timestamp NULL DEFAULT NULL
) ENGINE=InnoDB DEFAULT CHARSET=utf8mb4 COLLATE=utf8mb4_unicode_ci;

-- --------------------------------------------------------

--
-- بنية الجدول `prodcategories`
--

CREATE TABLE `prodcategories` (
  `id` bigint(20) UNSIGNED NOT NULL,
  `orgID` int(11) NOT NULL,
  `userID` int(11) NOT NULL,
  `nameAr` varchar(255) NOT NULL,
  `nameEn` varchar(255) DEFAULT NULL,
  `sFrom` time DEFAULT NULL,
  `sTo` time DEFAULT NULL,
  `img` varchar(255) NOT NULL,
  `status` int(11) NOT NULL DEFAULT 1,
  `created_at` timestamp NULL DEFAULT NULL,
  `updated_at` timestamp NULL DEFAULT NULL,
  `TypeCatagoury` varchar(255) DEFAULT NULL
) ENGINE=InnoDB DEFAULT CHARSET=utf8mb4 COLLATE=utf8mb4_unicode_ci;

--
-- إرجاع أو استيراد بيانات الجدول `prodcategories`
--

INSERT INTO `prodcategories` (`id`, `orgID`, `userID`, `nameAr`, `nameEn`, `sFrom`, `sTo`, `img`, `status`, `created_at`, `updated_at`, `TypeCatagoury`) VALUES
(1, 2, 2, 'مشروبات', 'drinks', NULL, NULL, 'default.jpg', 1, '2024-02-11 15:22:44', '2024-02-12 12:44:39', '2'),
(2, 2, 2, 'خضروات', 'vegetables', NULL, NULL, 'default.jpg', 1, '2024-02-11 15:27:42', '2024-02-12 12:43:56', '2'),
(3, 2, 2, 'نشويات', NULL, NULL, NULL, 'default.jpg', 1, '2024-02-11 15:34:16', '2024-02-11 16:06:05', '2'),
(4, 2, 2, 'اللحوم', 'meat', NULL, NULL, 'default.jpg', 1, '2024-02-11 15:49:48', '2024-02-13 12:35:05', '2'),
(5, 2, 2, 'باستا', 'pasta', NULL, NULL, 'default.jpg', 1, '2024-02-11 16:11:55', '2024-02-12 22:32:53', '1'),
(6, 2, 2, 'مشروبات', 'drinks', NULL, NULL, 'default.jpg', 1, '2024-02-11 23:55:44', '2024-02-13 12:36:13', '1'),
(7, 2, 2, 'الحليب ومشتقاتة', NULL, NULL, NULL, 'default.jpg', 1, '2024-02-11 23:59:08', '2024-02-11 23:59:08', '3'),
(8, 2, 2, 'معجنات', 'pastries', NULL, NULL, 'default.jpg', 1, '2024-02-12 13:04:12', '2024-02-13 12:38:38', '3'),
(9, 2, 2, 'دقيق', NULL, NULL, NULL, 'default.jpg', 5, '2024-02-12 13:30:22', '2024-02-12 15:18:43', '1'),
(10, 2, 2, 'بيتزا', 'pizza', NULL, NULL, 'default.jpg', 1, '2024-02-12 15:20:11', '2024-02-12 22:31:03', '1'),
(11, 2, 2, 'مسلوقات', NULL, NULL, NULL, 'default.jpg', 1, '2024-02-13 13:45:22', '2024-02-13 13:45:22', '3'),
(12, 1, 1, 'مشروبات', 'مشروبات', NULL, NULL, 'default.jpg', 1, '2024-02-13 14:15:50', '2024-02-13 14:15:50', '1'),
(13, 1, 1, 'مشروبات', 'مشروبات', NULL, NULL, 'default.jpg', 1, '2024-02-13 14:17:25', '2024-02-13 14:17:25', '2'),
(14, 2, 2, 'المعلبات والزيوت', NULL, NULL, NULL, 'default.jpg', 1, '2024-02-14 22:41:01', '2024-02-14 22:41:01', '2'),
(15, 1, 1, 'الدقيق', NULL, NULL, NULL, 'default.jpg', 1, '2024-02-15 14:34:16', '2024-02-15 14:34:16', '2'),
(16, 1, 1, 'مشروبات', 'مشروبات', NULL, NULL, 'default.jpg', 1, '2024-02-15 14:44:24', '2024-02-15 14:44:24', '3'),
(17, 5, 8, 'مشروبات', 'مشروبات', NULL, NULL, 'jamie-street-qpN5MLx1uwk-unsplash_1709197040.jpg', 1, '2024-02-28 14:48:52', '2024-02-29 08:57:20', NULL),
(18, 1, 1, 'شاورما', 'witer', NULL, NULL, 'default.jpg', 1, '2024-03-02 12:42:33', '2024-03-02 12:42:33', '1'),
(19, 8, 11, 'شاورما', 'witer', NULL, NULL, 'default.jpg', 1, '2024-03-02 12:44:35', '2024-03-02 12:44:35', '1'),
(20, 7, 10, 'المشروبات', 'drinks', NULL, NULL, 'Screenshot (70)_1709384110.png', 1, '2024-03-02 12:49:54', '2024-03-02 12:55:10', '2');

-- --------------------------------------------------------

--
-- بنية الجدول `prodextras`
--

CREATE TABLE `prodextras` (
  `id` bigint(20) UNSIGNED NOT NULL,
  `orgID` int(11) NOT NULL,
  `userID` int(11) NOT NULL,
  `prodID` int(11) NOT NULL,
  `extraID` int(11) NOT NULL,
  `status` int(11) NOT NULL DEFAULT 1,
  `created_at` timestamp NULL DEFAULT NULL,
  `updated_at` timestamp NULL DEFAULT NULL
) ENGINE=InnoDB DEFAULT CHARSET=utf8mb4 COLLATE=utf8mb4_unicode_ci;

-- --------------------------------------------------------

--
-- بنية الجدول `products`
--

CREATE TABLE `products` (
  `id` bigint(20) UNSIGNED NOT NULL,
  `orgID` int(11) NOT NULL,
  `userID` int(11) NOT NULL,
  `categoryID` int(11) NOT NULL,
  `kitchenID` int(11) DEFAULT NULL,
  `unitID` int(11) DEFAULT NULL,
  `barcode` varchar(255) NOT NULL,
  `barcodeType` int(11) NOT NULL DEFAULT 1,
  `nameAr` varchar(255) NOT NULL,
  `nameEn` varchar(255) DEFAULT NULL,
  `detailsAr` varchar(500) CHARACTER SET utf8mb3 COLLATE utf8mb3_general_ci DEFAULT NULL,
  `detailsEn` varchar(500) CHARACTER SET utf8mb3 COLLATE utf8mb3_general_ci DEFAULT NULL,
  `calories` decimal(10,0) DEFAULT NULL,
  `costPrice` double(8,2) DEFAULT NULL,
  `prodPrice` double(8,2) DEFAULT 0.00,
  `vat` double(8,2) DEFAULT NULL,
  `isParent` int(11) DEFAULT 0,
  `parentID` int(11) DEFAULT NULL,
  `sFrom` time DEFAULT NULL,
  `sTo` time DEFAULT NULL,
  `img` varchar(255) NOT NULL,
  `status` int(11) NOT NULL DEFAULT 1,
  `created_at` timestamp NULL DEFAULT NULL,
  `updated_at` timestamp NULL DEFAULT NULL,
  `TypeProdect` varchar(255) DEFAULT NULL,
  `count` int(12) DEFAULT NULL,
  `costprodect` int(12) DEFAULT NULL,
  `saleable` int(11) DEFAULT 0,
  `saleCat` int(11) DEFAULT 0,
  `saleUnit` int(11) DEFAULT 0,
  `purhaseUnit` int(11) DEFAULT 0,
  `reportUnit` int(11) DEFAULT 0,
  `componUnit` int(11) DEFAULT 0
) ENGINE=InnoDB DEFAULT CHARSET=utf8mb4 COLLATE=utf8mb4_unicode_ci;

--
-- إرجاع أو استيراد بيانات الجدول `products`
--

INSERT INTO `products` (`id`, `orgID`, `userID`, `categoryID`, `kitchenID`, `unitID`, `barcode`, `barcodeType`, `nameAr`, `nameEn`, `detailsAr`, `detailsEn`, `calories`, `costPrice`, `prodPrice`, `vat`, `isParent`, `parentID`, `sFrom`, `sTo`, `img`, `status`, `created_at`, `updated_at`, `TypeProdect`, `count`, `costprodect`, `saleable`, `saleCat`, `saleUnit`, `purhaseUnit`, `reportUnit`, `componUnit`) VALUES
(1, 2, 2, 5, 1, 5, '50001', 2, 'باستا الدجاج', NULL, NULL, NULL, NULL, NULL, 29.00, 15.00, 0, NULL, NULL, NULL, 'default.jpg', 1, '2024-02-11 16:17:36', '2024-02-11 16:17:36', '1', NULL, NULL, 0, 0, 5, 0, 0, 0),
(2, 2, 2, 4, NULL, 1, '50017', 2, 'دجاج ني', NULL, NULL, NULL, NULL, 15.00, NULL, 15.00, 0, NULL, NULL, NULL, 'default.jpg', 1, '2024-02-11 16:35:15', '2024-02-26 12:05:04', '2', NULL, NULL, 0, 0, 0, 1, 1, 2),
(3, 2, 2, 5, 1, 5, '50003', 2, 'سباغيتي', 'spaghetti', NULL, NULL, NULL, NULL, 30.00, 15.00, 0, NULL, NULL, NULL, 'default.jpg', 1, '2024-02-11 23:49:34', '2024-02-11 23:49:34', '1', NULL, NULL, 0, 0, 5, 0, 0, 0),
(4, 2, 2, 7, NULL, 3, '50004', 2, 'صوص أبيض', NULL, NULL, NULL, NULL, 15.00, NULL, 15.00, 0, NULL, NULL, NULL, 'default.jpg', 1, '2024-02-12 00:00:41', '2024-02-12 14:48:37', '3', NULL, NULL, 0, 0, 0, 0, 3, 3),
(5, 2, 2, 3, NULL, 5, '50005', 2, 'مكرونة', NULL, NULL, NULL, NULL, 10.00, 0.00, 0.00, 0, NULL, NULL, NULL, 'default.jpg', 1, '2024-02-12 00:04:50', '2024-02-12 00:04:50', '2', NULL, NULL, 0, 0, 0, 5, 0, 5),
(6, 2, 2, 3, NULL, 1, '-50006', 2, 'لحم ني', NULL, NULL, NULL, NULL, 35.00, 0.00, 15.00, 0, NULL, NULL, NULL, 'default.jpg', 5, '2024-02-12 12:48:48', '2024-02-12 12:50:08', '2', NULL, NULL, 0, 0, 2, 1, 1, 2),
(7, 2, 2, 3, NULL, 1, '50006', 2, 'لحم نئ', NULL, NULL, NULL, NULL, 35.00, 0.00, 15.00, 0, NULL, NULL, NULL, 'default.jpg', 1, '2024-02-12 12:56:22', '2024-02-12 12:56:22', '2', NULL, NULL, 0, 0, 0, 1, 1, 2),
(8, 2, 2, 7, NULL, 3, '50007', 2, 'صوص أ حمر', 'red sauce', NULL, NULL, NULL, 15.00, NULL, 15.00, 0, NULL, NULL, NULL, 'default.jpg', 1, '2024-02-12 13:00:33', '2024-02-14 22:51:33', '3', NULL, NULL, 0, 0, 0, 0, 0, 3),
(9, 2, 2, 8, NULL, 2, '50008', 2, 'عجين', NULL, NULL, NULL, NULL, 30.00, NULL, 15.00, 0, NULL, NULL, NULL, 'default.jpg', 1, '2024-02-12 13:05:24', '2024-02-12 14:49:15', '3', NULL, NULL, 0, 0, 0, 0, 0, 1),
(10, 2, 2, 10, 2, 5, '50009', 2, 'بيتزا بيبروني', 'pepperoni pizza', NULL, NULL, NULL, NULL, 45.00, 15.00, 0, NULL, NULL, NULL, 'default.jpg', 1, '2024-02-12 13:34:25', '2024-02-19 12:24:15', '1', NULL, NULL, 0, 0, 5, 0, 0, 0),
(11, 2, 2, 11, NULL, 1, '50010', 2, 'معكرونة مسلوقة', NULL, NULL, NULL, NULL, 10.00, NULL, 15.00, 0, NULL, NULL, NULL, 'default.jpg', 1, '2024-02-13 13:47:14', '2024-02-13 14:01:14', '3', NULL, NULL, 0, 0, 0, 0, 0, 1),
(12, 1, 1, 12, 8, 8, '50001', 2, 'حليب', 'حليب', 'حليب', 'حليب', '1', NULL, 100.00, 0.00, 0, NULL, NULL, NULL, 'default.jpg', 1, '2024-02-13 14:16:34', '2024-02-13 14:16:34', '1', NULL, NULL, 0, 0, 0, 0, 0, 0),
(13, 1, 1, 13, NULL, 8, '50005', 2, 'ماء', 'ماء', NULL, NULL, NULL, 11.00, NULL, 15.00, 0, NULL, NULL, NULL, 'default.jpg', 1, '2024-02-13 14:18:11', '2024-02-15 14:52:25', '2', NULL, NULL, 0, 0, 0, 0, 0, 9),
(14, 1, 1, 12, 8, 8, '50003', 2, 'شاي', 'شاي', 'شاي', 'شاي', '1', NULL, 1.00, 0.00, 0, NULL, NULL, NULL, 'default.jpg', 1, '2024-02-13 14:18:51', '2024-02-13 14:18:51', '1', NULL, NULL, 0, 0, 0, 0, 0, 0),
(15, 2, 2, 3, NULL, 1, '50011', 2, 'دقيق', NULL, NULL, NULL, NULL, 6.00, 0.00, 15.00, 0, NULL, NULL, NULL, 'default.jpg', 1, '2024-02-14 22:44:24', '2024-02-14 22:44:24', '2', NULL, NULL, 0, 0, 0, 1, 1, 2),
(16, 2, 2, 14, NULL, 3, '50012', 2, 'زيت', 'oil', NULL, NULL, NULL, 10.00, 0.00, 15.00, 0, NULL, NULL, NULL, 'default.jpg', 1, '2024-02-14 22:48:22', '2024-02-14 22:48:22', '2', NULL, NULL, 0, 0, 0, 3, 3, 4),
(17, 2, 2, 1, NULL, 3, '50013', 2, 'ماء 1', 'water', NULL, NULL, NULL, 2.00, 0.00, 15.00, 0, NULL, NULL, NULL, 'default.jpg', 1, '2024-02-14 22:49:59', '2024-02-14 22:49:59', '2', NULL, NULL, 0, 0, 0, 3, 3, 4),
(18, 2, 2, 14, NULL, 1, '50014', 2, 'خميرة', NULL, NULL, NULL, NULL, 14.00, 0.00, 15.00, 0, NULL, NULL, NULL, 'default.jpg', 1, '2024-02-14 22:56:12', '2024-02-14 22:56:12', '2', NULL, NULL, 0, 0, 0, 1, 1, 2),
(19, 1, 1, 16, NULL, 8, '50004', 2, 'حليب مركب', 'حليب مركب', NULL, NULL, NULL, 11.00, 0.00, 0.00, 0, NULL, NULL, NULL, 'default.jpg', 1, '2024-02-15 14:45:21', '2024-02-15 14:45:21', '3', NULL, NULL, 0, 0, 0, 0, 0, 0),
(20, 2, 2, 5, 1, 5, '50015', 2, 'باستا خضار', NULL, NULL, NULL, NULL, NULL, 15.00, 0.00, 0, NULL, NULL, NULL, 'default.jpg', 1, '2024-02-19 12:12:20', '2024-02-19 12:12:20', '1', NULL, NULL, 0, 0, 5, 0, 0, 0),
(21, 2, 2, 2, NULL, 1, '50016', 2, 'خضروات مقطعه', NULL, NULL, NULL, NULL, 10.00, 0.00, 15.00, 0, NULL, NULL, NULL, 'default.jpg', 1, '2024-02-19 13:15:16', '2024-02-19 13:15:16', '2', NULL, NULL, 0, 0, 0, 1, 0, 2),
(22, 2, 2, 6, 3, NULL, '', 1, 'سفن اب', 'seven up', NULL, NULL, NULL, NULL, 5.00, 15.00, 0, NULL, NULL, NULL, 'default.jpg', 1, '2024-02-20 11:55:56', '2024-02-20 11:55:56', '1', NULL, NULL, 0, 0, 4, 0, 3, 4),
(23, 2, 2, 6, 3, NULL, '', 1, 'بيبسي', 'pepsi', NULL, NULL, NULL, NULL, 5.00, 15.00, 0, NULL, NULL, NULL, 'default.jpg', 1, '2024-02-20 11:59:01', '2024-02-20 11:59:01', '1', NULL, NULL, 0, 0, 4, 0, 3, 4),
(25, 5, 8, 17, NULL, 11, '50001', 2, 'ماء', 'ماء', NULL, NULL, NULL, 12.65, 14.55, 15.00, 0, NULL, NULL, NULL, 'Water_bottle45e3456n-1030x827_1709196365.png', 1, '2024-02-28 14:51:56', '2024-02-29 08:46:05', NULL, NULL, NULL, 0, 0, 0, 0, 0, 0),
(26, 5, 8, 17, NULL, 11, '50002', 2, 'شاي الكابوس', 'tea', NULL, NULL, NULL, 2.00, 2.30, 15.00, 0, NULL, NULL, NULL, 'Tea_1709197284.jpg', 1, '2024-02-29 09:00:10', '2024-02-29 09:01:24', NULL, NULL, NULL, 0, 0, 0, 0, 0, 0);

-- --------------------------------------------------------

--
-- بنية الجدول `produnits`
--

CREATE TABLE `produnits` (
  `id` bigint(20) UNSIGNED NOT NULL,
  `prodID` int(11) NOT NULL,
  `unitID` int(11) DEFAULT 0,
  `quantity` double DEFAULT 0,
  `price` double DEFAULT 0,
  `sales` int(11) DEFAULT 0,
  `purchase` int(11) DEFAULT 0,
  `report` int(11) DEFAULT 0,
  `compon` int(11) DEFAULT 0,
  `created_at` timestamp NULL DEFAULT NULL,
  `updated_at` timestamp NULL DEFAULT NULL,
  `count` float DEFAULT NULL,
  `costprodect` float DEFAULT NULL,
  `saller` float DEFAULT NULL,
  `countSaller` float DEFAULT NULL,
  `unitname` varchar(12) DEFAULT NULL,
  `orgID` int(12) DEFAULT NULL,
  `StoreId` int(12) DEFAULT NULL,
  `countrest` int(12) DEFAULT 0,
  `start` float NOT NULL,
  `Tainted` float NOT NULL,
  `comeIn` float NOT NULL DEFAULT 0,
  `ComeOut` float NOT NULL DEFAULT 0,
  `Arrang` float NOT NULL DEFAULT 0,
  `hang` float NOT NULL DEFAULT 0
) ENGINE=InnoDB DEFAULT CHARSET=utf8mb4 COLLATE=utf8mb4_unicode_ci;

--
-- إرجاع أو استيراد بيانات الجدول `produnits`
--

INSERT INTO `produnits` (`id`, `prodID`, `unitID`, `quantity`, `price`, `sales`, `purchase`, `report`, `compon`, `created_at`, `updated_at`, `count`, `costprodect`, `saller`, `countSaller`, `unitname`, `orgID`, `StoreId`, `countrest`, `start`, `Tainted`, `comeIn`, `ComeOut`, `Arrang`, `hang`) VALUES
(1, 1, 5, 1, 29, 1, 0, 0, 0, '2024-02-11 16:17:36', '2024-02-19 12:17:53', 0, 0, 1, 0, 'حبة', 2, 2, 0, 0, 0, 0, 0, 0, 0),
(2, 2, 1, 1, 15, 0, 1, 1, 0, '2024-02-11 16:35:15', '2024-02-21 12:33:16', 0, 15, 0.036, 15, 'كيلو', 2, 2, 0, 1, 0, 0, 1, 0, 0),
(3, 2, 2, 1000, 0.015, 0, 0, 0, 1, '2024-02-11 16:35:15', '2024-02-21 12:33:16', 0, 0.015, 36, 15, 'جرام', 2, 2, 0, 1000, 0, 0, 1000, 0, 0),
(4, 3, 5, 1, 30, 1, 0, 0, 0, '2024-02-11 23:49:34', '2024-02-26 12:32:28', 0, 6.67, 1, 0, 'حبة', 2, 2, 0, 0, 0, 0, 0, 0, 0),
(5, 4, 3, 1, 15, 0, 0, 1, 1, '2024-02-12 00:00:41', '2024-02-26 14:21:49', 0, 0.06, 2, 0, 'لتر', 2, 2, 0, 0, 0, 0, 0, 0, 0),
(6, 5, 5, 1, 10, 0, 1, 0, 1, '2024-02-12 00:04:50', '2024-02-18 11:42:04', 0, 10, 0, 1, 'حبة', 2, 2, 0, 1, 0, 1, 2, 0, 0),
(7, 6, 1, 1, 35, 0, 1, 1, 0, '2024-02-12 12:48:48', '2024-02-12 12:48:48', 0, 35, 0, 0, 'كيلو', 2, 2, 0, 0, 0, 0, 0, 0, 0),
(8, 6, 2, 1000, 0.035, 1, 0, 0, 1, '2024-02-12 12:48:48', '2024-02-12 12:48:48', 0, 0.035, 0, 0, 'جرام', 2, 2, 0, 0, 0, 0, 0, 0, 0),
(9, 7, 1, 1, 35, 0, 1, 1, 0, '2024-02-12 12:56:22', '2024-02-26 14:03:55', 0, 35, 0.09, 0, 'كيلو', 2, 2, 0, 0, 0, 0, 0, 0, 0),
(10, 7, 2, 1000, 0.035, 0, 0, 0, 1, '2024-02-12 12:56:22', '2024-02-26 14:03:55', 0, 0.035, 90, 0, 'جرام', 2, 2, 0, 0, 0, 0, 0, 0, 0),
(11, 8, 3, 1, 15, 0, 0, 0, 1, '2024-02-12 13:00:33', '2024-02-26 14:03:55', 0, 15, 3, 0, 'لتر', 2, 2, 0, 0, 0, 0, 0, 0, 0),
(12, 9, 1, 1, 30, 0, 0, 0, 1, '2024-02-12 13:05:24', '2024-02-14 23:06:03', 0, 0.01, 0, 0, 'جرام', 2, 2, 0, 0, 0, 0, 0, 0, 0),
(13, 10, 5, 1, 45, 1, 0, 0, 0, '2024-02-12 13:34:25', '2024-02-24 10:39:45', 0, 1.27, 1, 0, 'حبة', 2, 2, 0, 0, 0, 0, 0, 0, 0),
(14, 11, 1, 1, 10, 0, 0, 0, 1, '2024-02-13 13:47:14', '2024-02-21 12:33:16', 3, 3.34, 3, 0, 'كيلو', 2, 2, 0, 0, 0, 0, 0, 0, 0),
(15, 12, 8, 1, 100, 0, 0, 0, 0, '2024-02-13 14:16:34', '2024-02-13 14:19:08', 0, 1, 0, 0, 'كيلو', 1, 1, 0, 0, 0, 0, 0, 0, 0),
(16, 13, 8, 1, 11, 0, 0, 0, 0, '2024-02-13 14:18:11', '2024-02-18 10:24:24', 0, 11, 0, 1463, 'كيلو', 1, 1, 0, 133, 0, 11, 12, 0, 0),
(17, 13, 9, 11, 1, 0, 0, 0, 1, '2024-02-13 14:18:11', '2024-02-18 10:24:24', 0, 1, 0, 1463, 'جرام', 1, 1, 0, 1463, 0, 121, 132, 0, 0),
(18, 14, 8, 1, 1, 0, 0, 0, 0, '2024-02-13 14:18:51', '2024-02-13 14:18:51', 0, 1, 0, 0, 'كيلو', 1, 1, 0, 0, 0, 0, 0, 0, 0),
(19, 15, 1, 1, 6, 0, 1, 1, 0, '2024-02-14 22:44:24', '2024-02-17 13:47:13', 1.8, 6.66667, 0, 12, 'كيلو', 2, 2, 0, 1, 0.3, 0, 0, 0, 0),
(20, 15, 2, 1000, 0.006, 0, 0, 0, 1, '2024-02-14 22:44:24', '2024-02-17 13:47:13', 1800, 0.00666667, 0, 12, 'جرام', 2, 2, 0, 1000, 300, 0, 0, 0, 0),
(21, 16, 3, 1, 10, 0, 1, 1, 0, '2024-02-14 22:48:22', '2024-02-27 13:27:10', 2, 15, 0, 30, 'لتر', 2, 2, 0, 1, 0, 0, 2, 0, 0),
(22, 16, 4, 1000, 0.01, 0, 0, 0, 1, '2024-02-14 22:48:22', '2024-02-27 13:27:10', 2000, 0.06, 0, 120, 'مل', 2, 2, 0, 1000, 0, 0, 2000, 0.8, 0),
(23, 17, 3, 1, 2, 0, 1, 1, 0, '2024-02-14 22:49:59', '2024-02-26 12:39:18', 5, 2, 0, 12, 'لتر', 2, 2, 0, 1, 0, 1, 0, 0, 0),
(24, 17, 4, 1000, 0.002, 0, 0, 0, 1, '2024-02-14 22:49:59', '2024-02-26 12:39:18', 5000, 0.501667, 0, 3010, 'مل', 2, 2, 0, 1000, 0, 1000, 0, 0, 0),
(25, 18, 1, 1, 14, 0, 1, 1, 0, '2024-02-14 22:56:12', '2024-02-27 14:18:03', 20, 14, 0, 280, 'كيلو', 2, 2, 0, 0, 0, 3, 8, 0, 0),
(26, 18, 2, 1000, 0.014, 0, 0, 0, 1, '2024-02-14 22:56:12', '2024-02-27 14:18:03', 20000, 0.014, 0, 280, 'جرام', 2, 2, 0, 0, 0, 3000, 8000, 0, 0),
(27, 17, 3, 1, 2, 0, 1, 1, 0, '2024-02-15 12:35:09', '2024-02-15 12:35:09', 0, 2, 0, 2, 'لتر', 2, 5, 0, 1, 0, 0, 0, 0, 0),
(28, 17, 4, 1000, 0.002, 0, 0, 0, 1, '2024-02-15 12:35:09', '2024-02-15 12:35:09', 0, 0.002, 0, 2, 'مل', 2, 5, 0, 1000, 0, 0, 0, 0, 0),
(29, 18, 1, 1, 14, 0, 1, 1, 0, '2024-02-15 12:35:09', '2024-02-27 14:25:04', 0, 14, 0, 14, 'كيلو', 2, 5, 0, 1, 0, 8, 3, 0, 0),
(30, 18, 2, 1000, 0.014, 0, 0, 0, 1, '2024-02-15 12:35:09', '2024-02-27 14:25:04', 0, 0.014, 0, 14, 'جرام', 2, 5, 0, 1000, 0, 8000, 3000, 0, 0),
(31, 7, 1, 1, 35, 0, 1, 1, 0, '2024-02-15 12:36:42', '2024-02-15 12:36:42', 0, 35, 0, 35, 'كيلو', 2, 6, 0, 1, 0, 0, 0, 0, 0),
(32, 7, 2, 1000, 0.035, 0, 0, 0, 1, '2024-02-15 12:36:42', '2024-02-15 12:36:42', 0, 0.035, 0, 35, 'جرام', 2, 6, 0, 1000, 0, 0, 0, 0, 0),
(33, 15, 1, 1, 6, 0, 1, 1, 0, '2024-02-15 12:36:42', '2024-02-17 13:47:13', -3000, 0.004, 0, -12, 'كيلو', 2, 6, 0, 1, 0, 0, 0, 0, 0),
(34, 15, 2, 1000, 0.006, 0, 0, 0, 1, '2024-02-15 12:36:42', '2024-02-17 13:47:13', -3000, 0.004, 0, -12, 'جرام', 2, 6, 0, 1000, 0, 0, 0, 0, 0),
(35, 18, 1, 1, 14, 0, 1, 1, 0, '2024-02-15 12:36:42', '2024-02-15 12:36:42', 0, 14, 0, 14, 'كيلو', 2, 6, 0, 1, 0, 0, 0, 0, 0),
(36, 18, 2, 1000, 0.014, 0, 0, 0, 1, '2024-02-15 12:36:42', '2024-02-15 12:36:42', 0, 0.014, 0, 14, 'جرام', 2, 6, 0, 1000, 0, 0, 0, 0, 0),
(37, 18, 1, 1, 14, 0, 1, 1, 0, '2024-02-15 12:36:42', '2024-02-15 12:36:42', 0, 0.014, 0, 14, 'كيلو', 2, 6, 0, 1000, 0, 0, 0, 0, 0),
(38, 18, 2, 1000, 0.014, 0, 0, 0, 1, '2024-02-15 12:36:42', '2024-02-15 12:36:42', 0, 0.014, 0, 14, 'جرام', 2, 6, 0, 1000, 0, 0, 0, 0, 0),
(39, 2, 1, 1, 15, 0, 1, 1, 0, '2024-02-15 12:37:43', '2024-02-15 12:37:43', 0, 15, 0, 15, 'كيلو', 2, 7, 0, 1, 0, 0, 0, 0, 0),
(40, 2, 2, 1000, 0.015, 0, 0, 0, 1, '2024-02-15 12:37:43', '2024-02-15 12:37:43', 0, 0.015, 0, 15, 'جرام', 2, 7, 0, 1000, 0, 0, 0, 0, 0),
(41, 5, 5, 1, 10, 0, 1, 0, 1, '2024-02-15 12:37:43', '2024-02-26 12:14:49', 0, 10, 0, 10, 'حبة', 2, 7, 0, 1, 0, 0, 1, 0, 0),
(42, 7, 1, 1, 35, 0, 1, 1, 0, '2024-02-15 12:37:43', '2024-02-15 12:37:43', 0, 35, 0, 35, 'كيلو', 2, 7, 0, 1, 0, 0, 0, 0, 0),
(43, 7, 2, 1000, 0.035, 0, 0, 0, 1, '2024-02-15 12:37:43', '2024-02-15 12:37:43', 0, 0.035, 0, 35, 'جرام', 2, 7, 0, 1000, 0, 0, 0, 0, 0),
(44, 7, 1, 1, 35, 0, 1, 1, 0, '2024-02-15 12:37:43', '2024-02-15 12:37:43', 0, 0.035, 0, 35, 'كيلو', 2, 7, 0, 1000, 0, 0, 0, 0, 0),
(45, 7, 2, 1000, 0.035, 0, 0, 0, 1, '2024-02-15 12:37:43', '2024-02-15 12:37:43', 0, 0.035, 0, 35, 'جرام', 2, 7, 0, 1000, 0, 0, 0, 0, 0),
(46, 16, 3, 1, 10, 0, 1, 1, 0, '2024-02-15 12:37:43', '2024-02-17 13:56:04', -1000, -0, 0, 0, 'لتر', 2, 7, 0, 1, 0, 1, 1, 0, 0),
(47, 16, 4, 1000, 0.01, 0, 0, 0, 1, '2024-02-15 12:37:43', '2024-02-17 13:56:04', -1000, -0, 0, 0, 'مل', 2, 7, 0, 1000, 0, 1000, 1000, 0, 0),
(48, 17, 3, 1, 2, 0, 1, 1, 0, '2024-02-15 12:37:43', '2024-02-17 11:04:57', 0, 2, 0, 2, 'لتر', 2, 7, 0, 1, 0, 0, 1, 0, 0),
(49, 17, 4, 1000, 0.002, 0, 0, 0, 1, '2024-02-15 12:37:43', '2024-02-17 11:04:57', 0, 0.002, 0, 2, 'مل', 2, 7, 0, 1000, 0, 0, 1000, 0, 0),
(50, 17, 3, 1, 2, 0, 1, 1, 0, '2024-02-15 12:37:43', '2024-02-17 11:04:57', 0, 0.002, 0, 2, 'لتر', 2, 7, 0, 1000, 0, 0, 1000, 0, 0),
(51, 17, 4, 1000, 0.002, 0, 0, 0, 1, '2024-02-15 12:37:43', '2024-02-17 11:04:57', 0, 0.002, 0, 2, 'مل', 2, 7, 0, 1000, 0, 0, 1000, 0, 0),
(52, 2, 1, 1, 15, 0, 1, 1, 0, '2024-02-15 13:15:31', '2024-02-26 12:05:04', 0, 15, 0, 0, 'كيلو', 2, 5, 0, 0, 0, 0.8, 0, 0, 0),
(53, 2, 2, 1000, 0.015, 0, 0, 0, 1, '2024-02-15 13:15:31', '2024-02-26 12:05:04', 0, 0.015, 0, 0, 'جرام', 2, 5, 0, 0, 0, 800, 0, 0, 0),
(54, 2, 1, 1, 15, 0, 1, 1, 0, '2024-02-15 13:15:31', '2024-02-26 12:05:04', 0, 15, 0, 0, 'كيلو', 2, 5, 0, 0, 0, 800, 0, 0, 0),
(55, 2, 2, 1000, 0.015, 0, 0, 0, 1, '2024-02-15 13:15:31', '2024-02-26 12:05:04', 0, 0.015, 0, 0, 'جرام', 2, 5, 0, 0, 0, 800, 0, 0, 0),
(56, 13, 8, 1, 11, 0, 0, 0, 0, '2024-02-15 14:40:48', '2024-02-18 10:13:17', 0, 11, 0, 2068, 'كيلو', 1, 8, 0, 188, 0, 11, 11, 0, 0),
(57, 13, 9, 11, 1, 0, 0, 0, 1, '2024-02-15 14:40:48', '2024-02-18 10:13:17', 0, 1, 0, 2068, 'جرام', 1, 8, 0, 2068, 0, 121, 121, 0, 0),
(58, 13, 8, 1, 11, 0, 0, 0, 0, '2024-02-15 14:41:06', '2024-02-17 12:21:13', 0, 11, 0, 11, 'كيلو', 1, 9, 0, 1, 0, 1, 0, 0, 0),
(59, 13, 9, 11, 1, 0, 0, 0, 1, '2024-02-15 14:41:06', '2024-02-17 12:21:13', 0, 1, 0, 11, 'جرام', 1, 9, 0, 11, 0, 11, 0, 0, 0),
(60, 13, 8, 1, 11, 0, 0, 0, 0, '2024-02-15 14:41:06', '2024-02-17 12:21:13', 0, 11, 0, 11, 'كيلو', 1, 9, 0, 11, 0, 11, 0, 0, 0),
(61, 13, 9, 11, 1, 0, 0, 0, 1, '2024-02-15 14:41:06', '2024-02-17 12:21:13', 0, 1, 0, 11, 'جرام', 1, 9, 0, 11, 0, 11, 0, 0, 0),
(62, 19, 8, 1, 11, 0, 0, 0, 0, '2024-02-15 14:45:21', '2024-02-15 14:45:21', 0, 11, 0, 0, 'كيلو', 1, 1, 0, 0, 0, 0, 0, 0, 0),
(63, 16, 3, 1, 10, 0, 1, 1, 0, '2024-02-17 11:29:46', '2024-02-17 13:56:04', -1, 10, 0, -10, 'لتر', 2, 6, 0, 0, 0, 1, 1, 0, 0),
(64, 16, 4, 1000, 0.01, 0, 0, 0, 1, '2024-02-17 11:29:46', '2024-02-17 13:56:04', -1000, 0.01, 0, -10, 'مل', 2, 6, 0, 0, 0, 1000, 1000, 0, 0),
(65, 16, 3, 1, 10, 0, 1, 1, 0, '2024-02-17 11:29:46', '2024-02-17 13:56:04', -1, 10, 0, -10, 'لتر', 2, 6, 0, 0, 0, 1000, 1000, 0, 0),
(66, 16, 4, 1000, 0.01, 0, 0, 0, 1, '2024-02-17 11:29:46', '2024-02-17 13:56:04', -1000, 0.01, 0, -10, 'مل', 2, 6, 0, 0, 0, 1000, 1000, 0, 0),
(67, 5, 5, 1, 10, 0, 1, 0, 1, '2024-02-18 11:40:44', '2024-02-18 11:40:44', 0, 0, 0, 0, 'حبة', 2, 6, 0, 0, 0, 1, 0, 0, 0),
(68, 5, 5, 1, 10, 0, 1, 0, 1, '2024-02-18 11:40:44', '2024-02-18 11:40:44', 0, 0, 0, 0, 'حبة', 2, 6, 0, 0, 0, 1, 0, 0, 0),
(69, 20, 5, 1, 15, 1, 0, 0, 0, '2024-02-19 12:12:20', '2024-02-19 13:15:47', 0, 5.01, 4, 0, 'حبة', 2, 2, 0, 0, 0, 0, 0, 0, 0),
(70, 21, 1, 1, 10, 0, 1, 0, 0, '2024-02-19 13:15:16', '2024-02-19 15:30:20', 0, 10, 0.012, 0, 'كيلو', 2, 2, 0, 0, 0, 0, 0, 0, 0),
(71, 21, 2, 1000, 0.01, 0, 0, 0, 1, '2024-02-19 13:15:16', '2024-02-19 15:30:20', 0, 0.01, 12, 0, 'جرام', 2, 2, 0, 0, 0, 0, 0, 0, 0),
(72, 22, 3, 1, 5, 1, 0, 1, 0, '2024-02-20 11:55:56', '2024-02-20 12:02:52', 0, 5, 0.001, 0, 'لتر', 2, 2, 0, 0, 0, 0, 0, 0, 0),
(73, 22, 4, 1000, 0.005, 1, 0, 0, 1, '2024-02-20 11:55:56', '2024-02-20 12:02:52', 0, 0.005, 1, 0, 'مل', 2, 2, 0, 0, 0, 0, 0, 0, 0),
(74, 23, 3, 1, 5, 1, 0, 1, 0, '2024-02-20 11:59:01', '2024-02-20 11:59:01', 0, 5, 0, 0, 'لتر', 2, 2, 0, 0, 0, 0, 0, 0, 0),
(75, 23, 4, 1000, 0.005, 1, 0, 0, 1, '2024-02-20 11:59:01', '2024-02-20 11:59:01', 0, 0.005, 0, 0, 'مل', 2, 2, 0, 0, 0, 0, 0, 0, 0),
(77, 5, 5, 1, 10, 0, 1, 0, 1, '2024-02-26 12:15:38', '2024-02-26 12:15:38', 0, 0, 0, 0, 'حبة', 2, 5, 0, 0, 0, 1, 0, 0, 0),
(78, 5, 5, 1, 10, 0, 1, 0, 1, '2024-02-26 12:15:38', '2024-02-26 12:15:38', 0, 0, 0, 0, 'حبة', 2, 5, 0, 0, 0, 1, 0, 0, 0),
(79, 5, 5, 1, 10, 0, 1, 0, 1, '2024-02-26 12:15:38', '2024-02-26 12:15:38', 0, 0, 0, 0, 'حبة', 2, 5, 0, 0, 0, 1, 0, 0, 0),
(80, 5, 5, 1, 10, 0, 1, 0, 1, '2024-02-26 12:15:38', '2024-02-26 12:15:38', 0, 0, 0, 0, 'حبة', 2, 5, 0, 0, 0, 1, 0, 0, 0),
(81, 16, 3, 1, 10, 0, 1, 1, 0, '2024-02-27 13:28:58', '2024-02-27 13:28:58', 0, 0, 0, 0, 'لتر', 2, 5, 0, 0, 0, 2, 0, 0, 0),
(82, 16, 4, 1000, 0.01, 0, 0, 0, 1, '2024-02-27 13:28:58', '2024-02-27 13:28:58', 0, 0, 0, 0, 'مل', 2, 5, 0, 0, 0, 2000, 0, 0, 0),
(83, 16, 3, 1, 10, 0, 1, 1, 0, '2024-02-27 13:28:58', '2024-02-27 13:28:58', 0, 0, 0, 0, 'لتر', 2, 5, 0, 0, 0, 2000, 0, 0, 0),
(84, 16, 4, 1000, 0.01, 0, 0, 0, 1, '2024-02-27 13:28:58', '2024-02-27 13:28:58', 0, 0, 0, 0, 'مل', 2, 5, 0, 0, 0, 2000, 0, 0, 0),
(85, 16, 3, 1, 10, 0, 1, 1, 0, '2024-02-27 13:28:58', '2024-02-27 13:28:58', 0, 0, 0, 0, 'لتر', 2, 5, 0, 0, 0, 2, 0, 0, 0),
(86, 16, 4, 1000, 0.01, 0, 0, 0, 1, '2024-02-27 13:28:58', '2024-02-27 13:28:58', 0, 0, 0, 0, 'مل', 2, 5, 0, 0, 0, 2000, 0, 0, 0),
(87, 16, 3, 1, 10, 0, 1, 1, 0, '2024-02-27 13:28:58', '2024-02-27 13:28:58', 0, 0, 0, 0, 'لتر', 2, 5, 0, 0, 0, 2, 0, 0, 0),
(88, 16, 4, 1000, 0.01, 0, 0, 0, 1, '2024-02-27 13:28:58', '2024-02-27 13:28:58', 0, 0, 0, 0, 'مل', 2, 5, 0, 0, 0, 2000, 0, 0, 0),
(89, 25, 11, 1, 100, 0, 0, 0, 0, '2024-02-28 14:51:56', '2024-02-28 14:51:56', 0, 100, 0, 0, 'حبة', 5, 10, 0, 0, 0, 0, 0, 0, 0),
(90, 26, 11, 1, 1, 0, 0, 0, 0, '2024-02-29 09:00:10', '2024-02-29 09:00:10', 0, 1, 0, 0, 'حبة', 5, 10, 0, 0, 0, 0, 0, 0, 0);

-- --------------------------------------------------------

--
-- بنية الجدول `profile_inf_companies`
--

CREATE TABLE `profile_inf_companies` (
  `id` int(11) NOT NULL,
  `orgID` int(12) NOT NULL,
  `Logo` varchar(255) NOT NULL,
  `About` text NOT NULL,
  `Vision` text NOT NULL,
  `message` text NOT NULL,
  `imgAbout` varchar(255) NOT NULL,
  `gools` text DEFAULT NULL,
  `Img` varchar(255) DEFAULT NULL
) ENGINE=InnoDB DEFAULT CHARSET=utf8mb4 COLLATE=utf8mb4_general_ci;

--
-- إرجاع أو استيراد بيانات الجدول `profile_inf_companies`
--

INSERT INTO `profile_inf_companies` (`id`, `orgID`, `Logo`, `About`, `Vision`, `message`, `imgAbout`, `gools`, `Img`) VALUES
(1, 2, '', '', '', '', '', '', ''),
(2, 1, '', '', '', '', '', '', '');

-- --------------------------------------------------------

--
-- بنية الجدول `profile_inf_contacts`
--

CREATE TABLE `profile_inf_contacts` (
  `id` int(11) NOT NULL,
  `orgID` int(12) NOT NULL,
  `Address` varchar(255) DEFAULT NULL,
  `AddressMap` varchar(255) DEFAULT NULL,
  `email` varchar(255) DEFAULT NULL,
  `Phone` varchar(255) DEFAULT NULL
) ENGINE=InnoDB DEFAULT CHARSET=utf8mb4 COLLATE=utf8mb4_general_ci;

-- --------------------------------------------------------

--
-- بنية الجدول `profile_inf_services`
--

CREATE TABLE `profile_inf_services` (
  `id` int(11) NOT NULL,
  `orgID` int(12) NOT NULL,
  `name` varchar(255) DEFAULT NULL,
  `disc` text DEFAULT NULL,
  `img` varchar(255) DEFAULT NULL
) ENGINE=InnoDB DEFAULT CHARSET=utf8mb4 COLLATE=utf8mb4_general_ci;

--
-- إرجاع أو استيراد بيانات الجدول `profile_inf_services`
--

INSERT INTO `profile_inf_services` (`id`, `orgID`, `name`, `disc`, `img`) VALUES
(1, 2, 'تعريف بنشاط المطعم', 'مطعم بخاري يقدم الوجبات داخل المطعم و خارجه', 'profile.jpg');

-- --------------------------------------------------------

--
-- بنية الجدول `purchasedetails`
--

CREATE TABLE `purchasedetails` (
  `id` bigint(20) UNSIGNED NOT NULL,
  `orgID` int(11) NOT NULL,
  `branchID` int(11) NOT NULL,
  `productID` int(11) NOT NULL,
  `userID` int(11) NOT NULL,
  `purchaseID` int(11) NOT NULL,
  `price` double(8,2) NOT NULL,
  `quantity` double(8,2) NOT NULL,
  `discount` float DEFAULT NULL,
  `created_at` timestamp NULL DEFAULT NULL,
  `updated_at` timestamp NULL DEFAULT NULL,
  `item_name` varchar(255) DEFAULT NULL,
  `unitProdecid` varchar(255) DEFAULT NULL,
  `idxUnit` varchar(255) DEFAULT NULL,
  `kind` int(12) DEFAULT NULL
) ENGINE=InnoDB DEFAULT CHARSET=utf8mb4 COLLATE=utf8mb4_unicode_ci;

--
-- إرجاع أو استيراد بيانات الجدول `purchasedetails`
--

INSERT INTO `purchasedetails` (`id`, `orgID`, `branchID`, `productID`, `userID`, `purchaseID`, `price`, `quantity`, `discount`, `created_at`, `updated_at`, `item_name`, `unitProdecid`, `idxUnit`, `kind`) VALUES
(1, 2, 2, 15, 2, 1, 6.00, 5.00, 0, '2024-02-17 12:52:36', '2024-02-17 12:55:19', NULL, '19', '0', 2),
(2, 2, 2, 16, 2, 2, 10.00, 3.00, 0, '2024-02-17 13:03:38', '2024-02-17 13:03:38', NULL, '21', '0', 2),
(3, 2, 2, 18, 2, 3, 14.00, 20.00, 0, '2024-02-17 13:05:30', '2024-02-17 13:05:30', NULL, '25', '0', 2),
(4, 2, 2, 17, 2, 4, 2.00, 5.00, 0, '2024-02-26 12:39:00', '2024-02-26 12:39:18', NULL, '23', '0', 2);

-- --------------------------------------------------------

--
-- بنية الجدول `purchases`
--

CREATE TABLE `purchases` (
  `id` bigint(20) UNSIGNED NOT NULL,
  `orgID` int(11) NOT NULL,
  `branchID` int(11) NOT NULL,
  `supplierID` int(11) DEFAULT NULL,
  `userID` int(11) NOT NULL,
  `totalwvat` double(8,2) NOT NULL,
  `totalvat` double(8,2) NOT NULL,
  `discount` float DEFAULT NULL,
  `serial` varchar(25) DEFAULT NULL,
  `invoiceDate` date DEFAULT NULL,
  `payDate` date DEFAULT NULL,
  `type` int(11) NOT NULL,
  `status` int(11) NOT NULL DEFAULT 1,
  `created_at` timestamp NULL DEFAULT NULL,
  `updated_at` timestamp NULL DEFAULT NULL,
  `NameAcount` varchar(255) NOT NULL,
  `AccountID` varchar(255) NOT NULL,
  `AccountPurch` varchar(255) NOT NULL,
  `kind` int(11) NOT NULL,
  `CostCenter` int(12) DEFAULT NULL,
  `invoicesID` varchar(255) DEFAULT NULL
) ENGINE=InnoDB DEFAULT CHARSET=utf8mb4 COLLATE=utf8mb4_unicode_ci;

--
-- إرجاع أو استيراد بيانات الجدول `purchases`
--

INSERT INTO `purchases` (`id`, `orgID`, `branchID`, `supplierID`, `userID`, `totalwvat`, `totalvat`, `discount`, `serial`, `invoiceDate`, `payDate`, `type`, `status`, `created_at`, `updated_at`, `NameAcount`, `AccountID`, `AccountPurch`, `kind`, `CostCenter`, `invoicesID`) VALUES
(1, 2, 2, 3, 2, 30.00, 3.91, 0, NULL, '2024-02-17', NULL, 121, 1, '2024-02-17 12:52:36', '2024-02-17 12:55:19', 'صندوق افتراضي', '121001', '511', 2, NULL, '000001'),
(2, 2, 2, 1, 2, 30.00, 3.91, 0, NULL, '2024-02-17', NULL, 122, 1, '2024-02-17 13:03:38', '2024-02-17 13:03:38', 'بنك افتراضي', '122001', '511', 2, NULL, '000002'),
(3, 2, 2, 4, 2, 280.00, 36.52, 0, NULL, '2024-02-17', NULL, 3, 1, '2024-02-17 13:05:30', '2024-02-17 13:05:30', 'تكلفة مبيعات', '221004', '511', 2, NULL, '000003'),
(4, 2, 2, 1, 2, 10.00, 1.30, 0, NULL, '2024-02-26', NULL, 121, 1, '2024-02-26 12:39:00', '2024-02-26 12:39:18', 'صندوق افتراضي', '121001', '511', 2, NULL, '000004');

-- --------------------------------------------------------

--
-- بنية الجدول `report_data`
--

CREATE TABLE `report_data` (
  `id` int(11) NOT NULL,
  `orgID` int(12) NOT NULL,
  `debitFrist` int(12) NOT NULL,
  `creditFrist` int(12) NOT NULL,
  `debitSecond` int(12) NOT NULL,
  `creditSecond` int(12) NOT NULL,
  `debitThird` int(12) NOT NULL,
  `creditThird` int(12) NOT NULL,
  `AccountID` int(12) NOT NULL
) ENGINE=InnoDB DEFAULT CHARSET=utf8mb4 COLLATE=utf8mb4_general_ci;

--
-- إرجاع أو استيراد بيانات الجدول `report_data`
--

INSERT INTO `report_data` (`id`, `orgID`, `debitFrist`, `creditFrist`, `debitSecond`, `creditSecond`, `debitThird`, `creditThird`, `AccountID`) VALUES
(1, 1, 0, 0, 0, 0, 0, 0, 1),
(2, 1, 0, 0, 0, 0, 0, 0, 2),
(3, 1, 0, 0, 0, 0, 0, 0, 3),
(4, 1, 0, 0, 0, 0, 0, 0, 4),
(5, 1, 0, 0, 0, 0, 0, 0, 5),
(6, 1, 0, 0, 0, 0, 0, 0, 6),
(7, 1, 0, 0, 0, 0, 0, 0, 7),
(8, 1, 0, 0, 0, 0, 0, 0, 8),
(9, 1, 0, 0, 0, 0, 0, 0, 9),
(10, 1, 0, 0, 0, 0, 0, 0, 10),
(11, 1, 0, 0, 0, 0, 0, 0, 11),
(12, 1, 0, 0, 0, 0, 0, 0, 12),
(13, 1, 0, 0, 0, 0, 0, 0, 13),
(14, 1, 0, 0, 0, 0, 0, 0, 14),
(15, 1, 0, 0, 0, 0, 0, 0, 15),
(16, 1, 0, 0, 0, 0, 0, 0, 16),
(17, 1, 0, 0, 0, 0, 0, 0, 17),
(18, 1, 0, 0, 0, 0, 0, 0, 18),
(19, 1, 0, 0, 0, 0, 0, 0, 19),
(20, 1, 0, 0, 0, 0, 0, 0, 20),
(21, 1, 0, 0, 0, 0, 0, 0, 21),
(22, 1, 0, 0, 0, 0, 0, 0, 22),
(23, 1, 0, 0, 0, 0, 0, 0, 23),
(24, 1, 0, 0, 0, 0, 0, 0, 24),
(25, 1, 0, 0, 0, 0, 0, 0, 25),
(26, 1, 0, 0, 0, 0, 0, 0, 26),
(27, 1, 0, 0, 0, 0, 0, 0, 27),
(28, 1, 0, 0, 0, 0, 0, 0, 28),
(29, 1, 0, 0, 0, 0, 0, 0, 29),
(30, 1, 0, 0, 0, 0, 0, 0, 30),
(31, 1, 0, 0, 0, 0, 0, 0, 31),
(32, 1, 0, 0, 0, 0, 0, 0, 32),
(33, 1, 0, 0, 0, 0, 0, 0, 33),
(34, 1, 0, 0, 0, 0, 0, 0, 34),
(35, 1, 0, 0, 0, 0, 0, 0, 35),
(36, 1, 0, 0, 0, 0, 0, 0, 36),
(37, 1, 0, 0, 0, 0, 0, 0, 37),
(38, 1, 0, 0, 0, 0, 0, 0, 38),
(39, 1, 0, 0, 0, 0, 0, 0, 39),
(40, 2, 0, 0, 0, 0, 0, 0, 40),
(41, 2, 0, 0, 0, 0, 0, 0, 41),
(42, 2, 0, 0, 0, 0, 0, 0, 42),
(43, 2, 0, 0, 0, 0, 0, 0, 43),
(44, 2, 0, 0, 0, 0, 0, 0, 44),
(45, 2, 0, 0, 0, 0, 0, 0, 45),
(46, 2, 0, 0, 0, 0, 0, 0, 46),
(47, 2, 0, 0, 0, 0, 0, 0, 47),
(48, 2, 0, 0, 0, 0, 0, 0, 48),
(49, 2, 0, 0, 73, 0, 0, 0, 49),
(50, 2, 0, 0, 0, 0, 0, 0, 50),
(51, 2, 0, 0, 0, 0, 0, 0, 51),
(52, 2, 0, 0, 0, 0, 0, 0, 52),
(53, 2, 0, 0, 0, 0, 0, 0, 53),
(54, 2, 0, 0, 0, 0, 0, 0, 54),
(55, 2, 0, 0, 218, 530, 0, 0, 55),
(56, 2, 0, 0, 869, 280, 0, 0, 56),
(57, 2, 0, 0, 0, 300, 0, 0, 57),
(58, 2, 0, 0, 0, 0, 0, 0, 58),
(59, 2, 0, 0, 0, 0, 0, 0, 59),
(60, 2, 0, 0, 0, 0, 0, 0, 60),
(61, 2, 0, 0, 0, 0, 0, 0, 61),
(62, 2, 0, 0, 0, 0, 0, 0, 62),
(63, 2, 0, 0, 0, 0, 0, 0, 63),
(64, 2, 0, 0, 0, 0, 0, 0, 64),
(65, 2, 0, 0, 0, 0, 0, 0, 65),
(66, 2, 0, 0, 0, 0, 0, 0, 66),
(67, 2, 0, 0, 0, 0, 0, 0, 67),
(68, 2, 0, 0, 0, 0, 0, 0, 68),
(69, 2, 0, 0, 0, 632, 0, 0, 69),
(70, 2, 0, 0, 90, 0, 0, 0, 70),
(71, 2, 0, 0, 0, 0, 0, 0, 71),
(72, 2, 0, 0, 0, 0, 0, 0, 72),
(73, 2, 0, 0, 0, 0, 0, 0, 73),
(74, 2, 0, 0, 0, 0, 0, 0, 74),
(75, 2, 0, 0, 0, 0, 0, 0, 75),
(76, 2, 0, 0, 0, 0, 0, 0, 76),
(77, 2, 0, 0, 350, 0, 0, 0, 77),
(78, 2, 0, 0, 0, 28, 0, 0, 78),
(79, 3, 0, 0, 0, 0, 0, 0, 79),
(80, 3, 0, 0, 0, 0, 0, 0, 80),
(81, 3, 0, 0, 0, 0, 0, 0, 81),
(82, 3, 0, 0, 0, 0, 0, 0, 82),
(83, 3, 0, 0, 0, 0, 0, 0, 83),
(84, 3, 0, 0, 0, 0, 0, 0, 84),
(85, 3, 0, 0, 0, 0, 0, 0, 85),
(86, 3, 0, 0, 0, 0, 0, 0, 86),
(87, 3, 0, 0, 0, 0, 0, 0, 87),
(88, 3, 0, 0, 0, 0, 0, 0, 88),
(89, 3, 0, 0, 0, 0, 0, 0, 89),
(90, 3, 0, 0, 0, 0, 0, 0, 90),
(91, 3, 0, 0, 0, 0, 0, 0, 91),
(92, 3, 0, 0, 0, 0, 0, 0, 92),
(93, 3, 0, 0, 0, 0, 0, 0, 93),
(94, 3, 0, 0, 0, 0, 0, 0, 94),
(95, 3, 0, 0, 0, 0, 0, 0, 95),
(96, 3, 0, 0, 0, 0, 0, 0, 96),
(97, 3, 0, 0, 0, 0, 0, 0, 97),
(98, 3, 0, 0, 0, 0, 0, 0, 98),
(99, 3, 0, 0, 0, 0, 0, 0, 99),
(100, 3, 0, 0, 0, 0, 0, 0, 100),
(101, 3, 0, 0, 0, 0, 0, 0, 101),
(102, 3, 0, 0, 0, 0, 0, 0, 102),
(103, 3, 0, 0, 0, 0, 0, 0, 103),
(104, 3, 0, 0, 0, 0, 0, 0, 104),
(105, 3, 0, 0, 0, 0, 0, 0, 105),
(106, 3, 0, 0, 0, 0, 0, 0, 106),
(107, 3, 0, 0, 0, 0, 0, 0, 107),
(108, 3, 0, 0, 0, 0, 0, 0, 108),
(109, 3, 0, 0, 0, 0, 0, 0, 109),
(110, 3, 0, 0, 0, 0, 0, 0, 110),
(111, 3, 0, 0, 0, 0, 0, 0, 111),
(112, 3, 0, 0, 0, 0, 0, 0, 112),
(113, 3, 0, 0, 0, 0, 0, 0, 113),
(114, 3, 0, 0, 0, 0, 0, 0, 114),
(115, 3, 0, 0, 0, 0, 0, 0, 115),
(116, 3, 0, 0, 0, 0, 0, 0, 116),
(117, 3, 0, 0, 0, 0, 0, 0, 117),
(118, 2, 0, 0, 50, 0, 0, 0, 118),
(119, 2, 0, 0, 0, 2200, 0, 0, 119),
(120, 4, 0, 0, 0, 0, 0, 0, 120),
(121, 4, 0, 0, 0, 0, 0, 0, 121),
(122, 4, 0, 0, 0, 0, 0, 0, 122),
(123, 4, 0, 0, 0, 0, 0, 0, 123),
(124, 4, 0, 0, 0, 0, 0, 0, 124),
(125, 4, 0, 0, 0, 0, 0, 0, 125),
(126, 4, 0, 0, 0, 0, 0, 0, 126),
(127, 4, 0, 0, 0, 0, 0, 0, 127),
(128, 4, 0, 0, 0, 0, 0, 0, 128),
(129, 4, 0, 0, 0, 0, 0, 0, 129),
(130, 4, 0, 0, 0, 0, 0, 0, 130),
(131, 4, 0, 0, 0, 0, 0, 0, 131),
(132, 4, 0, 0, 0, 0, 0, 0, 132),
(133, 4, 0, 0, 0, 0, 0, 0, 133),
(134, 4, 0, 0, 0, 0, 0, 0, 134),
(135, 4, 0, 0, 0, 0, 0, 0, 135),
(136, 4, 0, 0, 0, 0, 0, 0, 136),
(137, 4, 0, 0, 0, 0, 0, 0, 137),
(138, 4, 0, 0, 0, 0, 0, 0, 138),
(139, 4, 0, 0, 0, 0, 0, 0, 139),
(140, 4, 0, 0, 0, 0, 0, 0, 140),
(141, 4, 0, 0, 0, 0, 0, 0, 141),
(142, 4, 0, 0, 0, 0, 0, 0, 142),
(143, 4, 0, 0, 0, 0, 0, 0, 143),
(144, 4, 0, 0, 0, 0, 0, 0, 144),
(145, 4, 0, 0, 0, 0, 0, 0, 145),
(146, 4, 0, 0, 0, 0, 0, 0, 146),
(147, 4, 0, 0, 0, 0, 0, 0, 147),
(148, 4, 0, 0, 0, 0, 0, 0, 148),
(149, 4, 0, 0, 0, 0, 0, 0, 149),
(150, 4, 0, 0, 0, 0, 0, 0, 150),
(151, 4, 0, 0, 0, 0, 0, 0, 151),
(152, 4, 0, 0, 0, 0, 0, 0, 152),
(153, 4, 0, 0, 0, 0, 0, 0, 153),
(154, 4, 0, 0, 0, 0, 0, 0, 154),
(155, 4, 0, 0, 0, 0, 0, 0, 155),
(156, 4, 0, 0, 0, 0, 0, 0, 156),
(157, 4, 0, 0, 0, 0, 0, 0, 157),
(158, 4, 0, 0, 0, 0, 0, 0, 158),
(159, 2, 0, 0, 0, 0, 0, 0, 159),
(160, 2, 0, 0, 0, 0, 0, 0, 160),
(161, 2, 0, 0, 0, 0, 0, 0, 161),
(162, 1, 0, 0, 0, 0, 0, 0, 162),
(163, 1, 0, 0, 0, 0, 0, 0, 163),
(164, 2, 0, 0, 0, 0, 0, 0, 164),
(165, 2, 0, 0, 650, 0, 0, 0, 165),
(166, 2, 0, 0, 0, 280, 0, 0, 166),
(167, 1, 0, 0, 0, 0, 0, 0, 167),
(168, 2, 0, 0, 0, 300, 0, 0, 168),
(169, 2, 0, 0, 2000, 0, 0, 0, 169),
(170, 2, 0, 0, 5000, 0, 0, 0, 170),
(171, 2, 0, 0, 0, 0, 0, 0, 171),
(172, 2, 0, 0, 0, 5000, 0, 0, 172),
(173, 2, 0, 0, 0, 0, 0, 0, 173),
(174, 2, 0, 0, 0, 50, 0, 0, 174),
(175, 5, 0, 0, 0, 0, 0, 0, 175),
(176, 5, 0, 0, 0, 0, 0, 0, 176),
(177, 5, 0, 0, 0, 0, 0, 0, 177),
(178, 5, 0, 0, 0, 0, 0, 0, 178),
(179, 5, 0, 0, 0, 0, 0, 0, 179),
(180, 5, 0, 0, 0, 0, 0, 0, 180),
(181, 5, 0, 0, 0, 0, 0, 0, 181),
(182, 5, 0, 0, 0, 0, 0, 0, 182),
(183, 5, 0, 0, 0, 0, 0, 0, 183),
(184, 5, 0, 0, 0, 0, 0, 0, 184),
(185, 5, 0, 0, 0, 0, 0, 0, 185),
(186, 5, 0, 0, 0, 0, 0, 0, 186),
(187, 5, 0, 0, 0, 0, 0, 0, 187),
(188, 5, 0, 0, 0, 0, 0, 0, 188),
(189, 5, 0, 0, 0, 0, 0, 0, 189),
(190, 5, 0, 0, 0, 0, 0, 0, 190),
(191, 5, 0, 0, 0, 0, 0, 0, 191),
(192, 5, 0, 0, 0, 0, 0, 0, 192),
(193, 5, 0, 0, 0, 0, 0, 0, 193),
(194, 5, 0, 0, 0, 0, 0, 0, 194),
(195, 5, 0, 0, 0, 0, 0, 0, 195),
(196, 5, 0, 0, 0, 0, 0, 0, 196),
(197, 5, 0, 0, 0, 0, 0, 0, 197),
(198, 5, 0, 0, 0, 0, 0, 0, 198),
(199, 5, 0, 0, 0, 0, 0, 0, 199),
(200, 5, 0, 0, 0, 0, 0, 0, 200),
(201, 5, 0, 0, 0, 0, 0, 0, 201),
(202, 5, 0, 0, 0, 0, 0, 0, 202),
(203, 5, 0, 0, 0, 0, 0, 0, 203),
(204, 5, 0, 0, 0, 0, 0, 0, 204),
(205, 5, 0, 0, 0, 0, 0, 0, 205),
(206, 5, 0, 0, 0, 0, 0, 0, 206),
(207, 5, 0, 0, 0, 0, 0, 0, 207),
(208, 5, 0, 0, 0, 0, 0, 0, 208),
(209, 5, 0, 0, 0, 0, 0, 0, 209),
(210, 5, 0, 0, 0, 0, 0, 0, 210),
(211, 5, 0, 0, 0, 0, 0, 0, 211),
(212, 5, 0, 0, 0, 0, 0, 0, 212),
(213, 5, 0, 0, 0, 0, 0, 0, 213),
(214, 6, 0, 0, 0, 0, 0, 0, 214),
(215, 6, 0, 0, 0, 0, 0, 0, 215),
(216, 6, 0, 0, 0, 0, 0, 0, 216),
(217, 6, 0, 0, 0, 0, 0, 0, 217),
(218, 6, 0, 0, 0, 0, 0, 0, 218),
(219, 6, 0, 0, 0, 0, 0, 0, 219),
(220, 6, 0, 0, 0, 0, 0, 0, 220),
(221, 6, 0, 0, 0, 0, 0, 0, 221),
(222, 6, 0, 0, 0, 0, 0, 0, 222),
(223, 6, 0, 0, 0, 0, 0, 0, 223),
(224, 6, 0, 0, 0, 0, 0, 0, 224),
(225, 6, 0, 0, 0, 0, 0, 0, 225),
(226, 6, 0, 0, 0, 0, 0, 0, 226),
(227, 6, 0, 0, 0, 0, 0, 0, 227),
(228, 6, 0, 0, 0, 0, 0, 0, 228),
(229, 6, 0, 0, 0, 0, 0, 0, 229),
(230, 6, 0, 0, 0, 0, 0, 0, 230),
(231, 6, 0, 0, 0, 0, 0, 0, 231),
(232, 6, 0, 0, 0, 0, 0, 0, 232),
(233, 6, 0, 0, 0, 0, 0, 0, 233),
(234, 6, 0, 0, 0, 0, 0, 0, 234),
(235, 6, 0, 0, 0, 0, 0, 0, 235),
(236, 6, 0, 0, 0, 0, 0, 0, 236),
(237, 6, 0, 0, 0, 0, 0, 0, 237),
(238, 6, 0, 0, 0, 0, 0, 0, 238),
(239, 6, 0, 0, 0, 0, 0, 0, 239),
(240, 6, 0, 0, 0, 0, 0, 0, 240),
(241, 6, 0, 0, 0, 0, 0, 0, 241),
(242, 6, 0, 0, 0, 0, 0, 0, 242),
(243, 6, 0, 0, 0, 0, 0, 0, 243),
(244, 6, 0, 0, 0, 0, 0, 0, 244),
(245, 6, 0, 0, 0, 0, 0, 0, 245),
(246, 6, 0, 0, 0, 0, 0, 0, 246),
(247, 6, 0, 0, 0, 0, 0, 0, 247),
(248, 6, 0, 0, 0, 0, 0, 0, 248),
(249, 6, 0, 0, 0, 0, 0, 0, 249),
(250, 6, 0, 0, 0, 0, 0, 0, 250),
(251, 6, 0, 0, 0, 0, 0, 0, 251),
(252, 6, 0, 0, 0, 0, 0, 0, 252),
(253, 7, 0, 0, 0, 0, 0, 0, 253),
(254, 7, 0, 0, 0, 0, 0, 0, 254),
(255, 7, 0, 0, 0, 0, 0, 0, 255),
(256, 7, 0, 0, 0, 0, 0, 0, 256),
(257, 7, 0, 0, 0, 0, 0, 0, 257),
(258, 7, 0, 0, 0, 0, 0, 0, 258),
(259, 7, 0, 0, 0, 0, 0, 0, 259),
(260, 7, 0, 0, 0, 0, 0, 0, 260),
(261, 7, 0, 0, 0, 0, 0, 0, 261),
(262, 7, 0, 0, 0, 0, 0, 0, 262),
(263, 7, 0, 0, 0, 0, 0, 0, 263),
(264, 7, 0, 0, 0, 0, 0, 0, 264),
(265, 7, 0, 0, 0, 0, 0, 0, 265),
(266, 7, 0, 0, 0, 0, 0, 0, 266),
(267, 7, 0, 0, 0, 0, 0, 0, 267),
(268, 7, 0, 0, 0, 0, 0, 0, 268),
(269, 7, 0, 0, 0, 0, 0, 0, 269),
(270, 7, 0, 0, 0, 0, 0, 0, 270),
(271, 7, 0, 0, 0, 0, 0, 0, 271),
(272, 7, 0, 0, 0, 0, 0, 0, 272),
(273, 7, 0, 0, 0, 0, 0, 0, 273),
(274, 7, 0, 0, 0, 0, 0, 0, 274),
(275, 7, 0, 0, 0, 0, 0, 0, 275),
(276, 7, 0, 0, 0, 0, 0, 0, 276),
(277, 7, 0, 0, 0, 0, 0, 0, 277),
(278, 7, 0, 0, 0, 0, 0, 0, 278),
(279, 7, 0, 0, 0, 0, 0, 0, 279),
(280, 7, 0, 0, 0, 0, 0, 0, 280),
(281, 7, 0, 0, 0, 0, 0, 0, 281),
(282, 7, 0, 0, 0, 0, 0, 0, 282),
(283, 7, 0, 0, 0, 0, 0, 0, 283),
(284, 7, 0, 0, 0, 0, 0, 0, 284),
(285, 7, 0, 0, 0, 0, 0, 0, 285),
(286, 7, 0, 0, 0, 0, 0, 0, 286),
(287, 7, 0, 0, 0, 0, 0, 0, 287),
(288, 7, 0, 0, 0, 0, 0, 0, 288),
(289, 7, 0, 0, 0, 0, 0, 0, 289),
(290, 7, 0, 0, 0, 0, 0, 0, 290),
(291, 7, 0, 0, 0, 0, 0, 0, 291),
(292, 8, 0, 0, 0, 0, 0, 0, 292),
(293, 8, 0, 0, 0, 0, 0, 0, 293),
(294, 8, 0, 0, 0, 0, 0, 0, 294),
(295, 8, 0, 0, 0, 0, 0, 0, 295),
(296, 8, 0, 0, 0, 0, 0, 0, 296),
(297, 8, 0, 0, 0, 0, 0, 0, 297),
(298, 8, 0, 0, 0, 0, 0, 0, 298),
(299, 8, 0, 0, 0, 0, 0, 0, 299),
(300, 8, 0, 0, 0, 0, 0, 0, 300),
(301, 8, 0, 0, 0, 0, 0, 0, 301),
(302, 8, 0, 0, 0, 0, 0, 0, 302),
(303, 8, 0, 0, 0, 0, 0, 0, 303),
(304, 8, 0, 0, 0, 0, 0, 0, 304),
(305, 8, 0, 0, 0, 0, 0, 0, 305),
(306, 8, 0, 0, 0, 0, 0, 0, 306),
(307, 8, 0, 0, 0, 0, 0, 0, 307),
(308, 8, 0, 0, 0, 0, 0, 0, 308),
(309, 8, 0, 0, 0, 0, 0, 0, 309),
(310, 8, 0, 0, 0, 0, 0, 0, 310),
(311, 8, 0, 0, 0, 0, 0, 0, 311),
(312, 8, 0, 0, 0, 0, 0, 0, 312),
(313, 8, 0, 0, 0, 0, 0, 0, 313),
(314, 8, 0, 0, 0, 0, 0, 0, 314),
(315, 8, 0, 0, 0, 0, 0, 0, 315),
(316, 8, 0, 0, 0, 0, 0, 0, 316),
(317, 8, 0, 0, 0, 0, 0, 0, 317),
(318, 8, 0, 0, 0, 0, 0, 0, 318),
(319, 8, 0, 0, 0, 0, 0, 0, 319),
(320, 8, 0, 0, 0, 0, 0, 0, 320),
(321, 8, 0, 0, 0, 0, 0, 0, 321),
(322, 8, 0, 0, 0, 0, 0, 0, 322),
(323, 8, 0, 0, 0, 0, 0, 0, 323),
(324, 8, 0, 0, 0, 0, 0, 0, 324),
(325, 8, 0, 0, 0, 0, 0, 0, 325),
(326, 8, 0, 0, 0, 0, 0, 0, 326),
(327, 8, 0, 0, 0, 0, 0, 0, 327),
(328, 8, 0, 0, 0, 0, 0, 0, 328),
(329, 8, 0, 0, 0, 0, 0, 0, 329),
(330, 8, 0, 0, 0, 0, 0, 0, 330),
(331, 9, 0, 0, 0, 0, 0, 0, 331),
(332, 9, 0, 0, 0, 0, 0, 0, 332),
(333, 9, 0, 0, 0, 0, 0, 0, 333),
(334, 9, 0, 0, 0, 0, 0, 0, 334),
(335, 9, 0, 0, 0, 0, 0, 0, 335),
(336, 9, 0, 0, 0, 0, 0, 0, 336),
(337, 9, 0, 0, 0, 0, 0, 0, 337),
(338, 9, 0, 0, 0, 0, 0, 0, 338),
(339, 9, 0, 0, 0, 0, 0, 0, 339),
(340, 9, 0, 0, 0, 0, 0, 0, 340),
(341, 9, 0, 0, 0, 0, 0, 0, 341),
(342, 9, 0, 0, 0, 0, 0, 0, 342),
(343, 9, 0, 0, 0, 0, 0, 0, 343),
(344, 9, 0, 0, 0, 0, 0, 0, 344),
(345, 9, 0, 0, 0, 0, 0, 0, 345),
(346, 9, 0, 0, 0, 0, 0, 0, 346),
(347, 9, 0, 0, 0, 0, 0, 0, 347),
(348, 9, 0, 0, 0, 0, 0, 0, 348),
(349, 9, 0, 0, 0, 0, 0, 0, 349),
(350, 9, 0, 0, 0, 0, 0, 0, 350),
(351, 9, 0, 0, 0, 0, 0, 0, 351),
(352, 9, 0, 0, 0, 0, 0, 0, 352),
(353, 9, 0, 0, 0, 0, 0, 0, 353),
(354, 9, 0, 0, 0, 0, 0, 0, 354),
(355, 9, 0, 0, 0, 0, 0, 0, 355),
(356, 9, 0, 0, 0, 0, 0, 0, 356),
(357, 9, 0, 0, 0, 0, 0, 0, 357),
(358, 9, 0, 0, 0, 0, 0, 0, 358),
(359, 9, 0, 0, 0, 0, 0, 0, 359),
(360, 9, 0, 0, 0, 0, 0, 0, 360),
(361, 9, 0, 0, 0, 0, 0, 0, 361),
(362, 9, 0, 0, 0, 0, 0, 0, 362),
(363, 9, 0, 0, 0, 0, 0, 0, 363),
(364, 9, 0, 0, 0, 0, 0, 0, 364),
(365, 9, 0, 0, 0, 0, 0, 0, 365),
(366, 9, 0, 0, 0, 0, 0, 0, 366),
(367, 9, 0, 0, 0, 0, 0, 0, 367),
(368, 9, 0, 0, 0, 0, 0, 0, 368),
(369, 9, 0, 0, 0, 0, 0, 0, 369);

-- --------------------------------------------------------

--
-- بنية الجدول `responses`
--

CREATE TABLE `responses` (
  `id` bigint(20) UNSIGNED NOT NULL,
  `orgID` int(11) NOT NULL,
  `userID` int(11) NOT NULL,
  `request_` text DEFAULT NULL,
  `response_` text DEFAULT NULL,
  `action` varchar(30) DEFAULT NULL,
  `created_at` timestamp NULL DEFAULT NULL,
  `updated_at` timestamp NULL DEFAULT NULL
) ENGINE=InnoDB DEFAULT CHARSET=utf8mb4 COLLATE=utf8mb4_unicode_ci;

-- --------------------------------------------------------

--
-- بنية الجدول `roles`
--

CREATE TABLE `roles` (
  `id` bigint(20) UNSIGNED NOT NULL,
  `orgID` int(11) NOT NULL,
  `branchID` int(11) NOT NULL,
  `userID` int(11) NOT NULL,
  `nameAr` varchar(255) NOT NULL,
  `nameEn` varchar(255) NOT NULL,
  `status` int(11) NOT NULL DEFAULT 1,
  `deleteable` int(11) NOT NULL DEFAULT 1,
  `created_at` timestamp NULL DEFAULT NULL,
  `updated_at` timestamp NULL DEFAULT NULL
) ENGINE=InnoDB DEFAULT CHARSET=utf8mb4 COLLATE=utf8mb4_unicode_ci;

--
-- إرجاع أو استيراد بيانات الجدول `roles`
--

INSERT INTO `roles` (`id`, `orgID`, `branchID`, `userID`, `nameAr`, `nameEn`, `status`, `deleteable`, `created_at`, `updated_at`) VALUES
(1, 1, 1, 1, 'مدير', 'Manager', 1, 1, '2024-02-11 14:28:58', '2024-02-11 14:28:58'),
(2, 1, 1, 1, 'كاشر', 'cashier', 1, 1, '2024-02-11 14:28:58', '2024-02-11 14:28:58'),
(3, 1, 1, 1, 'نادل', 'nadal', 1, 1, '2024-02-11 14:28:58', '2024-02-11 14:28:58'),
(4, 2, 2, 5, 'المدير', 'Manager', 1, 1, '2024-02-11 14:51:06', '2024-02-27 13:44:55'),
(5, 2, 2, 2, 'كاشر', 'cashier', 1, 1, '2024-02-11 14:51:06', '2024-02-11 14:51:06'),
(6, 2, 2, 2, 'نادل', 'nadal', 1, 1, '2024-02-11 14:51:06', '2024-02-11 14:51:06'),
(7, 3, 3, 3, 'مدير', 'Manager', 1, 1, '2024-02-11 14:52:33', '2024-02-11 14:52:33'),
(8, 4, 4, 4, 'مدير', 'Manager', 1, 1, '2024-02-15 10:08:43', '2024-02-15 10:08:43'),
(9, 4, 4, 4, 'كاشر', 'cashier', 1, 1, '2024-02-15 10:08:43', '2024-02-15 10:08:43'),
(10, 4, 4, 4, 'نادل', 'nadal', 1, 1, '2024-02-15 10:08:43', '2024-02-15 10:08:43'),
(11, 5, 6, 8, 'مدير', 'Manager', 1, 1, '2024-02-28 14:47:22', '2024-02-28 14:47:22'),
(12, 6, 7, 9, 'مدير', 'Manager', 1, 1, '2024-02-28 15:18:10', '2024-02-28 15:18:10'),
(13, 7, 8, 10, 'مدير', 'Manager', 1, 1, '2024-03-02 12:13:54', '2024-03-02 12:13:54'),
(14, 7, 8, 10, 'كاشر', 'cashier', 1, 1, '2024-03-02 12:13:54', '2024-03-02 12:13:54'),
(15, 7, 8, 10, 'نادل', 'nadal', 1, 1, '2024-03-02 12:13:54', '2024-03-02 12:13:54'),
(16, 8, 9, 11, 'مدير', 'Manager', 1, 1, '2024-03-02 12:44:08', '2024-03-02 12:44:08'),
(17, 8, 9, 11, 'كاشر', 'cashier', 1, 1, '2024-03-02 12:44:08', '2024-03-02 12:44:08'),
(18, 8, 9, 11, 'نادل', 'nadal', 1, 1, '2024-03-02 12:44:08', '2024-03-02 12:44:08'),
(19, 9, 10, 12, 'مدير', 'Manager', 1, 1, '2024-03-02 17:44:39', '2024-03-02 17:44:39');

-- --------------------------------------------------------

--
-- بنية الجدول `rout_accounts`
--

CREATE TABLE `rout_accounts` (
  `id` int(11) NOT NULL,
  `Customers` varchar(255) NOT NULL DEFAULT '0',
  `Suppliers` varchar(255) NOT NULL DEFAULT '0',
  `Store` varchar(255) NOT NULL DEFAULT '0',
  `Bank` varchar(255) NOT NULL DEFAULT '0',
  `treasury` varchar(255) NOT NULL DEFAULT '0',
  `sales` varchar(255) NOT NULL DEFAULT '0',
  `purchases` varchar(255) NOT NULL DEFAULT '0',
  `Profitloss` varchar(255) NOT NULL DEFAULT '0',
  `Salesreturns` varchar(255) NOT NULL DEFAULT '0',
  `Purchreturns` varchar(255) NOT NULL DEFAULT '0',
  `Discountearned` varchar(255) NOT NULL DEFAULT '0',
  `Discountpermitted` varchar(255) NOT NULL DEFAULT '0',
  `userID` int(11) NOT NULL,
  `orgID` int(11) NOT NULL
) ENGINE=InnoDB DEFAULT CHARSET=utf8mb4 COLLATE=utf8mb4_general_ci;

--
-- إرجاع أو استيراد بيانات الجدول `rout_accounts`
--

INSERT INTO `rout_accounts` (`id`, `Customers`, `Suppliers`, `Store`, `Bank`, `treasury`, `sales`, `purchases`, `Profitloss`, `Salesreturns`, `Purchreturns`, `Discountearned`, `Discountpermitted`, `userID`, `orgID`) VALUES
(1, '124', '221', '125', '122', '121', '411', '511', '43', '412', '512', '21', '22', 1, 1),
(2, '124', '221', '125', '122', '121', '411', '511', '43', '412', '512', '21', '22', 2, 2),
(3, '124', '221', '125', '122', '121', '411', '511', '43', '412', '512', '21', '22', 3, 3),
(4, '124', '221', '125', '122', '121', '411', '511', '43', '412', '512', '21', '22', 4, 4),
(5, '124', '221', '125', '122', '121', '411', '511', '43', '412', '512', '21', '22', 5, 2),
(6, '124', '221', '125', '122', '121', '411', '511', '43', '412', '512', '21', '22', 6, 2),
(7, '124', '221', '125', '122', '121', '411', '511', '43', '412', '512', '21', '22', 7, 2),
(8, '124', '221', '125', '122', '121', '411', '511', '43', '412', '512', '21', '22', 8, 5),
(9, '124', '221', '125', '122', '121', '411', '511', '43', '412', '512', '21', '22', 9, 6),
(10, '124', '221', '125', '122', '121', '411', '511', '43', '412', '512', '21', '22', 10, 7),
(11, '124', '221', '125', '122', '121', '411', '511', '43', '412', '512', '21', '22', 11, 8),
(12, '124', '221', '125', '122', '121', '411', '511', '43', '412', '512', '21', '22', 12, 9);

-- --------------------------------------------------------

--
-- بنية الجدول `salaries`
--

CREATE TABLE `salaries` (
  `id` bigint(20) UNSIGNED NOT NULL,
  `orgID` int(11) NOT NULL,
  `empID` int(11) NOT NULL,
  `basicSalary` double NOT NULL,
  `fullSalary` varchar(255) NOT NULL,
  `Status` int(11) NOT NULL DEFAULT 1,
  `created_at` timestamp NULL DEFAULT NULL,
  `updated_at` timestamp NULL DEFAULT NULL
) ENGINE=InnoDB DEFAULT CHARSET=utf8mb4 COLLATE=utf8mb4_unicode_ci;

-- --------------------------------------------------------

--
-- بنية الجدول `shifts`
--

CREATE TABLE `shifts` (
  `id` bigint(20) UNSIGNED NOT NULL,
  `orgID` int(11) NOT NULL,
  `nameAr` varchar(255) NOT NULL,
  `nameEn` varchar(255) NOT NULL,
  `type` int(11) NOT NULL,
  `hours` double NOT NULL,
  `stTime` time NOT NULL,
  `enTime` time NOT NULL,
  `Status` int(11) DEFAULT 1,
  `created_at` timestamp NULL DEFAULT NULL,
  `updated_at` timestamp NULL DEFAULT NULL
) ENGINE=InnoDB DEFAULT CHARSET=utf8mb4 COLLATE=utf8mb4_unicode_ci;

-- --------------------------------------------------------

--
-- بنية الجدول `sorderdetails`
--

CREATE TABLE `sorderdetails` (
  `id` bigint(20) UNSIGNED NOT NULL,
  `orgID` int(11) NOT NULL,
  `branchID` int(11) NOT NULL,
  `productID` int(11) NOT NULL,
  `userID` int(11) NOT NULL,
  `sorderID` int(11) NOT NULL,
  `quantity` double(8,2) NOT NULL,
  `created_at` timestamp NULL DEFAULT NULL,
  `updated_at` timestamp NULL DEFAULT NULL
) ENGINE=InnoDB DEFAULT CHARSET=utf8mb4 COLLATE=utf8mb4_unicode_ci;

-- --------------------------------------------------------

--
-- بنية الجدول `sorders`
--

CREATE TABLE `sorders` (
  `id` bigint(20) UNSIGNED NOT NULL,
  `orgID` int(11) NOT NULL,
  `branchID` int(11) NOT NULL,
  `userID` int(11) NOT NULL,
  `approveID` int(11) DEFAULT NULL,
  `purchaseID` int(11) DEFAULT NULL,
  `type` int(11) NOT NULL,
  `reciever` varchar(255) NOT NULL,
  `recieverPhone` varchar(255) NOT NULL,
  `deliver` varchar(250) DEFAULT NULL,
  `comment` varchar(255) NOT NULL,
  `status` int(11) NOT NULL DEFAULT 1,
  `created_at` timestamp NULL DEFAULT NULL,
  `updated_at` timestamp NULL DEFAULT NULL
) ENGINE=InnoDB DEFAULT CHARSET=utf8mb4 COLLATE=utf8mb4_unicode_ci;

-- --------------------------------------------------------

--
-- بنية الجدول `stockinout`
--

CREATE TABLE `stockinout` (
  `id` bigint(20) UNSIGNED NOT NULL,
  `orgID` int(11) NOT NULL,
  `branchID` int(11) NOT NULL,
  `userID` int(11) NOT NULL,
  `type` int(11) NOT NULL,
  `comment` varchar(255) DEFAULT NULL,
  `status` int(11) NOT NULL DEFAULT 1,
  `created_at` timestamp NULL DEFAULT NULL,
  `updated_at` timestamp NULL DEFAULT NULL,
  `depotID` int(11) DEFAULT NULL,
  `items` int(12) DEFAULT NULL,
  `date` date DEFAULT NULL
) ENGINE=InnoDB DEFAULT CHARSET=utf8mb4 COLLATE=utf8mb4_unicode_ci;

--
-- إرجاع أو استيراد بيانات الجدول `stockinout`
--

INSERT INTO `stockinout` (`id`, `orgID`, `branchID`, `userID`, `type`, `comment`, `status`, `created_at`, `updated_at`, `depotID`, `items`, `date`) VALUES
(1, 2, 2, 2, 1, NULL, 1, '2024-02-15 12:34:22', '2024-02-15 12:34:22', 2, 4, '2024-02-15'),
(2, 2, 2, 2, 1, NULL, 1, '2024-02-15 12:35:09', '2024-02-15 12:35:09', 5, 2, '2024-02-15'),
(3, 2, 2, 2, 1, NULL, 1, '2024-02-15 12:36:42', '2024-02-15 12:36:42', 6, 3, '2024-02-15'),
(4, 2, 2, 2, 1, NULL, 1, '2024-02-15 12:37:43', '2024-02-15 12:37:43', 7, 5, '2024-02-15'),
(5, 2, 2, 2, 1, NULL, 1, '2024-02-15 14:08:40', '2024-02-15 14:08:40', 2, 1, '2024-02-15'),
(6, 1, 1, 1, 1, NULL, 1, '2024-02-15 14:39:32', '2024-02-15 14:39:32', 1, 1, '2024-02-15'),
(7, 1, 1, 1, 1, 'هه', 1, '2024-02-15 14:40:48', '2024-02-15 14:40:48', 8, 1, '2024-02-15'),
(8, 1, 1, 1, 1, 'نن', 1, '2024-02-15 14:41:06', '2024-02-15 14:41:06', 9, 1, '2024-02-15');

-- --------------------------------------------------------

--
-- بنية الجدول `stockinoutdetails`
--

CREATE TABLE `stockinoutdetails` (
  `id` bigint(20) UNSIGNED NOT NULL,
  `orgID` int(11) NOT NULL,
  `branchID` int(11) NOT NULL,
  `productID` int(11) NOT NULL,
  `userID` int(11) NOT NULL,
  `stockinoutID` int(11) NOT NULL,
  `quantity` double(8,2) NOT NULL,
  `created_at` timestamp NULL DEFAULT NULL,
  `updated_at` timestamp NULL DEFAULT NULL,
  `depotID` int(12) DEFAULT NULL,
  `unitProdecid` varchar(255) DEFAULT NULL
) ENGINE=InnoDB DEFAULT CHARSET=utf8mb4 COLLATE=utf8mb4_unicode_ci;

--
-- إرجاع أو استيراد بيانات الجدول `stockinoutdetails`
--

INSERT INTO `stockinoutdetails` (`id`, `orgID`, `branchID`, `productID`, `userID`, `stockinoutID`, `quantity`, `created_at`, `updated_at`, `depotID`, `unitProdecid`) VALUES
(1, 2, 2, 2, 2, 1, 1.00, '2024-02-15 12:34:22', '2024-02-15 12:34:22', 2, '2'),
(2, 2, 2, 5, 2, 1, 1.00, '2024-02-15 12:34:22', '2024-02-15 12:34:22', 2, '6'),
(3, 2, 2, 16, 2, 1, 1.00, '2024-02-15 12:34:22', '2024-02-15 12:34:22', 2, '21'),
(4, 2, 2, 15, 2, 1, 1.00, '2024-02-15 12:34:22', '2024-02-15 12:34:22', 2, '19'),
(5, 2, 2, 17, 2, 2, 1.00, '2024-02-15 12:35:09', '2024-02-15 12:35:09', 5, '23'),
(6, 2, 2, 18, 2, 2, 1.00, '2024-02-15 12:35:09', '2024-02-15 12:35:09', 5, '25'),
(7, 2, 2, 7, 2, 3, 1.00, '2024-02-15 12:36:42', '2024-02-15 12:36:42', 6, '9'),
(8, 2, 2, 15, 2, 3, 1.00, '2024-02-15 12:36:42', '2024-02-15 12:36:42', 6, '19'),
(9, 2, 2, 18, 2, 3, 1.00, '2024-02-15 12:36:42', '2024-02-15 12:36:42', 6, '25'),
(10, 2, 2, 2, 2, 4, 1.00, '2024-02-15 12:37:43', '2024-02-15 12:37:43', 7, '2'),
(11, 2, 2, 5, 2, 4, 1.00, '2024-02-15 12:37:43', '2024-02-15 12:37:43', 7, '6'),
(12, 2, 2, 7, 2, 4, 1.00, '2024-02-15 12:37:43', '2024-02-15 12:37:43', 7, '9'),
(13, 2, 2, 16, 2, 4, 1.00, '2024-02-15 12:37:43', '2024-02-15 12:37:43', 7, '21'),
(14, 2, 2, 17, 2, 4, 1.00, '2024-02-15 12:37:43', '2024-02-15 12:37:43', 7, '23'),
(15, 2, 2, 17, 2, 5, 1.00, '2024-02-15 14:08:40', '2024-02-15 14:08:40', 2, '23'),
(16, 1, 1, 13, 1, 6, 133.00, '2024-02-15 14:39:32', '2024-02-15 14:39:32', 1, '16'),
(17, 1, 1, 13, 1, 7, 188.00, '2024-02-15 14:40:48', '2024-02-15 14:40:48', 8, '16'),
(18, 1, 1, 13, 1, 8, 1.00, '2024-02-15 14:41:06', '2024-02-15 14:41:06', 9, '16');

-- --------------------------------------------------------

--
-- بنية الجدول `stockitems`
--

CREATE TABLE `stockitems` (
  `id` bigint(20) UNSIGNED NOT NULL,
  `orgID` int(11) NOT NULL,
  `branchID` int(11) NOT NULL,
  `userID` int(11) NOT NULL,
  `stockID` int(11) NOT NULL DEFAULT 0,
  `productID` int(11) NOT NULL,
  `quantityIn` double(8,2) DEFAULT NULL,
  `quantityOut` double(8,2) DEFAULT NULL,
  `comment` varchar(200) CHARACTER SET utf8mb3 COLLATE utf8mb3_general_ci DEFAULT NULL,
  `orderID` int(11) DEFAULT NULL,
  `purchaseID` int(11) DEFAULT NULL,
  `stockinoutID` int(11) DEFAULT NULL,
  `created_at` timestamp NULL DEFAULT NULL,
  `updated_at` timestamp NULL DEFAULT NULL,
  `depotID` int(12) DEFAULT NULL,
  `uniteid` int(12) DEFAULT NULL,
  `indexunit` int(12) DEFAULT NULL,
  `costUnit` int(12) DEFAULT NULL,
  `kind` int(12) NOT NULL DEFAULT 0,
  `countprodect` float(12,2) DEFAULT NULL
) ENGINE=InnoDB DEFAULT CHARSET=utf8mb4 COLLATE=utf8mb4_unicode_ci;

--
-- إرجاع أو استيراد بيانات الجدول `stockitems`
--

INSERT INTO `stockitems` (`id`, `orgID`, `branchID`, `userID`, `stockID`, `productID`, `quantityIn`, `quantityOut`, `comment`, `orderID`, `purchaseID`, `stockinoutID`, `created_at`, `updated_at`, `depotID`, `uniteid`, `indexunit`, `costUnit`, `kind`, `countprodect`) VALUES
(1, 2, 2, 2, 0, 2, 1.00, 0.00, 'اضافة للمخزون - ', NULL, NULL, 1, '2024-02-15 12:34:22', '2024-02-15 12:34:22', 2, 2, 0, 15, 1, NULL),
(2, 2, 2, 2, 0, 5, 1.00, 0.00, 'اضافة للمخزون - ', NULL, NULL, 1, '2024-02-15 12:34:22', '2024-02-15 12:34:22', 2, 6, 0, 10, 1, NULL),
(3, 2, 2, 2, 0, 16, 1.00, 0.00, 'اضافة للمخزون - ', NULL, NULL, 1, '2024-02-15 12:34:22', '2024-02-15 12:34:22', 2, 21, 0, 10, 1, NULL),
(4, 2, 2, 2, 0, 15, 1.00, 0.00, 'اضافة للمخزون - ', NULL, NULL, 1, '2024-02-15 12:34:22', '2024-02-15 12:34:22', 2, 19, 0, 6, 1, NULL),
(5, 2, 2, 2, 0, 17, 1.00, 0.00, 'اضافة للمخزون - ', NULL, NULL, 2, '2024-02-15 12:35:09', '2024-02-15 12:35:09', 5, 23, 0, 2, 1, NULL),
(6, 2, 2, 2, 0, 18, 1.00, 0.00, 'اضافة للمخزون - ', NULL, NULL, 2, '2024-02-15 12:35:09', '2024-02-15 12:35:09', 5, 25, 0, 14, 1, NULL),
(7, 2, 2, 2, 0, 7, 1.00, 0.00, 'اضافة للمخزون - ', NULL, NULL, 3, '2024-02-15 12:36:42', '2024-02-15 12:36:42', 6, 9, 0, 35, 1, NULL),
(8, 2, 2, 2, 0, 15, 1.00, 0.00, 'اضافة للمخزون - ', NULL, NULL, 3, '2024-02-15 12:36:42', '2024-02-15 12:36:42', 6, 19, 0, 6, 1, NULL),
(9, 2, 2, 2, 0, 18, 1.00, 0.00, 'اضافة للمخزون - ', NULL, NULL, 3, '2024-02-15 12:36:42', '2024-02-15 12:36:42', 6, 25, 0, 14, 1, NULL),
(10, 2, 2, 2, 0, 2, 1.00, 0.00, 'اضافة للمخزون - ', NULL, NULL, 4, '2024-02-15 12:37:43', '2024-02-15 12:37:43', 7, 2, 0, 15, 1, NULL),
(11, 2, 2, 2, 0, 5, 1.00, 0.00, 'اضافة للمخزون - ', NULL, NULL, 4, '2024-02-15 12:37:43', '2024-02-15 12:37:43', 7, 6, 0, 10, 1, NULL),
(12, 2, 2, 2, 0, 7, 1.00, 0.00, 'اضافة للمخزون - ', NULL, NULL, 4, '2024-02-15 12:37:43', '2024-02-15 12:37:43', 7, 9, 0, 35, 1, NULL),
(13, 2, 2, 2, 0, 16, 1.00, 0.00, 'اضافة للمخزون - ', NULL, NULL, 4, '2024-02-15 12:37:43', '2024-02-15 12:37:43', 7, 21, 0, 10, 1, NULL),
(14, 2, 2, 2, 0, 17, 1.00, 0.00, 'اضافة للمخزون - ', NULL, NULL, 4, '2024-02-15 12:37:43', '2024-02-15 12:37:43', 7, 23, 0, 2, 1, NULL),
(15, 2, 2, 2, 0, 2, NULL, 1.00, 'سحب من المخزون - يحفظ بالفريزر', NULL, NULL, NULL, '2024-02-15 13:09:21', '2024-02-15 13:09:21', 2, 2, 0, 15, 2, NULL),
(16, 2, 2, 2, 0, 2, 0.80, NULL, 'اضافة للمخزون - ناقص 200 جرام', NULL, NULL, NULL, '2024-02-15 13:15:31', '2024-02-15 13:15:31', 5, 2, 0, 15, 3, NULL),
(17, 2, 2, 2, 0, 15, NULL, 300.00, ' مخزون تالف  - ', NULL, NULL, NULL, '2024-02-15 13:49:58', '2024-02-15 13:49:58', 2, 20, 1, 0, 4, NULL),
(18, 2, 2, 2, 0, 15, 100.00, NULL, ' تسوية مخزون  فائض في المخزون    - ', NULL, NULL, NULL, '2024-02-15 13:55:54', '2024-02-15 13:55:54', 2, 20, 1, 0, 5, NULL),
(19, 2, 2, 2, 0, 15, NULL, 300.00, '  تسوية مخزون  عجز مخوون  - ', NULL, NULL, NULL, '2024-02-15 13:58:11', '2024-02-15 13:58:11', 2, 20, 1, 0, 5, NULL),
(20, 2, 2, 2, 0, 17, 1.00, 0.00, 'اضافة للمخزون - ', NULL, NULL, 5, '2024-02-15 14:08:40', '2024-02-15 14:08:40', 2, 23, 0, 2, 1, NULL),
(21, 2, 2, 2, 0, 5, NULL, 1.00, 'أمر تصنيع ', NULL, NULL, NULL, '2024-02-15 14:13:16', '2024-02-15 14:13:16', 2, NULL, NULL, NULL, 6, NULL),
(22, 2, 2, 2, 0, 16, NULL, 100.00, 'أمر تصنيع ', NULL, NULL, NULL, '2024-02-15 14:13:16', '2024-02-15 14:13:16', 2, NULL, NULL, NULL, 6, NULL),
(23, 2, 2, 2, 0, 17, NULL, 3000.00, 'أمر تصنيع ', NULL, NULL, NULL, '2024-02-15 14:13:16', '2024-02-15 14:13:16', 2, NULL, NULL, NULL, 6, NULL),
(24, 1, 1, 1, 0, 13, 133.00, 0.00, 'اضافة للمخزون - ', NULL, NULL, 6, '2024-02-15 14:39:32', '2024-02-15 14:39:32', 1, 16, 0, 11, 1, NULL),
(25, 1, 1, 1, 0, 13, 188.00, 0.00, 'اضافة للمخزون - هه', NULL, NULL, 7, '2024-02-15 14:40:48', '2024-02-15 14:40:48', 8, 16, 0, 11, 1, NULL),
(26, 1, 1, 1, 0, 13, 1.00, 0.00, 'اضافة للمخزون - نن', NULL, NULL, 8, '2024-02-15 14:41:06', '2024-02-15 14:41:06', 9, 16, 0, 11, 1, NULL),
(27, 2, 2, 2, 0, 17, NULL, 1.00, 'سحب من المخزون - يحفظ خارج الثلاجة', NULL, NULL, NULL, '2024-02-17 11:04:57', '2024-02-17 11:04:57', 7, 48, 0, 2, 2, NULL),
(28, 2, 2, 2, 0, 17, 1.00, NULL, 'اضافة للمخزون - الكمية كاملة', NULL, NULL, NULL, '2024-02-17 11:06:33', '2024-02-17 11:06:33', 2, 48, 0, 2, 3, NULL),
(29, 2, 2, 2, 0, 17, 0.00, NULL, ' إلغاء التحويل ', NULL, NULL, NULL, '2024-02-17 11:17:16', '2024-02-17 11:17:16', 7, 48, 0, 2, 2, NULL),
(30, 2, 2, 2, 0, 16, NULL, 1.00, 'سحب من المخزون - يحفظ في نفس درجة حرارة المستودع', NULL, NULL, NULL, '2024-02-17 11:27:03', '2024-02-17 11:27:03', 7, 46, 0, 10, 2, NULL),
(31, 2, 2, 2, 0, 16, 1.00, NULL, 'اضافة للمخزون - تم استلام المنتج كامل', NULL, NULL, NULL, '2024-02-17 11:29:46', '2024-02-17 11:29:46', 6, 46, 0, 10, 3, NULL),
(32, 1, 1, 1, 0, 13, NULL, 11.00, 'سحب من المخزون - aa', NULL, NULL, NULL, '2024-02-17 12:14:25', '2024-02-17 12:14:25', 1, 16, 0, 11, 2, NULL),
(33, 1, 1, 1, 0, 13, 11.00, NULL, 'اضافة للمخزون - kk', NULL, NULL, NULL, '2024-02-17 12:15:01', '2024-02-17 12:15:01', 8, 16, 0, 11, 3, NULL),
(34, 1, 1, 1, 0, 13, NULL, 1.00, 'سحب من المخزون - sssa', NULL, NULL, NULL, '2024-02-17 12:18:47', '2024-02-17 12:18:47', 1, 16, 0, 11, 2, NULL),
(35, 1, 1, 1, 0, 13, 1.00, NULL, 'اضافة للمخزون - ll', NULL, NULL, NULL, '2024-02-17 12:21:13', '2024-02-17 12:21:13', 9, 16, 0, 11, 3, NULL),
(36, 2, 2, 2, 0, 16, NULL, 1.00, 'سحب من المخزون - ', NULL, NULL, NULL, '2024-02-17 12:32:14', '2024-02-17 12:32:14', 6, 63, 0, 0, 2, NULL),
(37, 2, 2, 2, 0, 16, 1.00, NULL, 'اضافة للمخزون - ', NULL, NULL, NULL, '2024-02-17 12:32:41', '2024-02-17 12:32:41', 7, 63, 0, 0, 3, NULL),
(38, 2, 2, 2, 0, 15, 5.00, NULL, 'فاتورة مشتريات', NULL, 1, NULL, '2024-02-17 12:55:19', '2024-02-17 12:55:19', 2, NULL, NULL, NULL, 9, NULL),
(39, 2, 2, 2, 0, 16, 3.00, NULL, 'فاتورة مشتريات', NULL, 2, NULL, '2024-02-17 13:03:38', '2024-02-17 13:03:38', 2, NULL, NULL, NULL, 9, NULL),
(40, 2, 2, 2, 0, 18, 20.00, NULL, 'فاتورة مشتريات', NULL, 3, NULL, '2024-02-17 13:05:30', '2024-02-17 13:05:30', 2, NULL, NULL, NULL, 9, NULL),
(41, 2, 2, 2, 0, 15, NULL, 3.00, 'اشعار مدين - اضافة لفاتورة', 1, NULL, NULL, '2024-02-17 13:47:13', '2024-02-17 13:47:13', NULL, NULL, NULL, NULL, 10, NULL),
(42, 2, 2, 2, 0, 16, NULL, 1.00, 'اشعار مدين - اضافة لفاتورة', 2, NULL, NULL, '2024-02-17 13:56:04', '2024-02-17 13:56:04', NULL, NULL, NULL, NULL, 10, NULL),
(43, 1, 1, 1, 0, 13, NULL, 11.00, 'سحب من المخزون - a', NULL, NULL, NULL, '2024-02-18 10:13:17', '2024-02-18 10:13:17', 8, 56, 0, 11, 2, NULL),
(44, 1, 1, 1, 0, 13, 11.00, NULL, 'اضافة للمخزون - مم', NULL, NULL, NULL, '2024-02-18 10:24:24', '2024-02-18 10:24:24', 1, 56, 0, 11, 3, NULL),
(45, 2, 2, 5, 0, 5, NULL, 2.00, 'سحب من المخزون - ', NULL, NULL, NULL, '2024-02-18 11:40:07', '2024-02-18 11:40:07', 2, 6, 0, 10, 2, NULL),
(46, 2, 2, 5, 0, 5, 1.00, NULL, 'اضافة للمخزون - ', NULL, NULL, NULL, '2024-02-18 11:40:44', '2024-02-18 11:40:44', 6, 6, 0, 10, 3, NULL),
(47, 2, 2, 5, 0, 5, 1.00, NULL, ' إلغاء التحويل ', NULL, NULL, NULL, '2024-02-18 11:42:04', '2024-02-18 11:42:04', 2, 6, 0, 10, 2, NULL),
(48, 2, 2, 2, 0, 1, NULL, 1.00, 'فاتورة مبيعات', 2, NULL, NULL, '2024-02-19 12:17:53', '2024-02-19 12:17:53', 2, NULL, NULL, NULL, 7, NULL),
(49, 2, 2, 2, 0, 10, NULL, 1.00, 'نافذة مبيعات', 1, NULL, NULL, '2024-02-19 12:25:08', '2024-02-19 12:25:08', 2, NULL, NULL, NULL, 7, NULL),
(50, 2, 2, 2, 0, 10, NULL, 1.00, 'نافذة مبيعات', 2, NULL, NULL, '2024-02-19 12:58:22', '2024-02-19 12:58:22', 2, NULL, NULL, NULL, 7, NULL),
(51, 2, 2, 2, 0, 20, NULL, 4.00, 'نافذة مبيعات', 3, NULL, NULL, '2024-02-19 13:01:58', '2024-02-19 13:01:58', 2, NULL, NULL, NULL, 7, NULL),
(52, 2, 2, 2, 0, 10, 1.00, NULL, 'اشعار دائن - حذف من فاتورة', 1, NULL, NULL, '2024-02-19 13:41:26', '2024-02-19 13:41:26', 2, NULL, NULL, NULL, 8, NULL),
(53, 2, 2, 2, 0, 10, 1.00, NULL, 'اشعار دائن - حذف من فاتورة', 2, NULL, NULL, '2024-02-19 13:41:49', '2024-02-19 13:41:49', 2, NULL, NULL, NULL, 8, NULL),
(54, 2, 2, 5, 0, 4, NULL, 1.00, 'نافذة مبيعات', 5, NULL, NULL, '2024-02-19 15:30:20', '2024-02-19 15:30:20', 2, NULL, NULL, NULL, 7, NULL),
(55, 2, 2, 5, 0, 2, NULL, 18.00, 'نافذة مبيعات', 5, NULL, NULL, '2024-02-19 15:30:20', '2024-02-19 15:30:20', 2, NULL, NULL, NULL, 7, NULL),
(56, 2, 2, 5, 0, 11, NULL, 1.00, 'نافذة مبيعات', 5, NULL, NULL, '2024-02-19 15:30:20', '2024-02-19 15:30:20', 2, NULL, NULL, NULL, 7, NULL),
(57, 2, 2, 5, 0, 21, NULL, 12.00, 'نافذة مبيعات', 5, NULL, NULL, '2024-02-19 15:30:20', '2024-02-19 15:30:20', 2, NULL, NULL, NULL, 7, NULL),
(58, 2, 2, 5, 0, 11, NULL, 1.00, 'نافذة مبيعات', 5, NULL, NULL, '2024-02-19 15:30:20', '2024-02-19 15:30:20', 2, NULL, NULL, NULL, 7, NULL),
(59, 2, 2, 5, 0, 8, NULL, 1.00, 'نافذة مبيعات', 5, NULL, NULL, '2024-02-19 15:30:20', '2024-02-19 15:30:20', 2, NULL, NULL, NULL, 7, NULL),
(60, 2, 2, 2, 0, 3, NULL, 1.00, 'نافذة مبيعات', 6, NULL, NULL, '2024-02-20 12:02:52', '2024-02-20 12:02:52', 2, NULL, NULL, NULL, 7, NULL),
(61, 2, 2, 2, 0, 22, NULL, 1.00, 'نافذة مبيعات', 6, NULL, NULL, '2024-02-20 12:02:52', '2024-02-20 12:02:52', 2, NULL, NULL, NULL, 7, NULL),
(62, 2, 2, 5, 0, 4, NULL, 1.00, 'نافذة مبيعات', 7, NULL, NULL, '2024-02-21 12:33:16', '2024-02-21 12:33:16', 2, NULL, NULL, NULL, 7, NULL),
(63, 2, 2, 5, 0, 2, NULL, 18.00, 'نافذة مبيعات', 7, NULL, NULL, '2024-02-21 12:33:16', '2024-02-21 12:33:16', 2, NULL, NULL, NULL, 7, NULL),
(64, 2, 2, 5, 0, 11, NULL, 1.00, 'نافذة مبيعات', 7, NULL, NULL, '2024-02-21 12:33:16', '2024-02-21 12:33:16', 2, NULL, NULL, NULL, 7, NULL),
(65, 2, 2, 5, 0, 10, NULL, 1.00, 'فاتورة مبيعات', 3, NULL, NULL, '2024-02-21 12:34:19', '2024-02-21 12:34:19', 2, NULL, NULL, NULL, 7, NULL),
(66, 2, 2, 2, 0, 5, NULL, 1.00, 'سحب من المخزون - ', NULL, NULL, NULL, '2024-02-26 12:14:49', '2024-02-26 12:14:49', 7, 41, 0, 10, 2, NULL),
(67, 2, 2, 2, 0, 5, 1.00, NULL, 'اضافة للمخزون - ', NULL, NULL, NULL, '2024-02-26 12:15:38', '2024-02-26 12:15:38', 5, 41, 0, 10, 3, NULL),
(68, 2, 2, 2, 0, 2, 0.00, NULL, 'اضافة للمخزون - ', NULL, NULL, NULL, '2024-02-26 12:17:13', '2024-02-26 12:17:13', 5, 2, 0, 15, 3, NULL),
(69, 2, 2, 2, 0, 17, 5.00, NULL, 'فاتورة مشتريات', NULL, 4, NULL, '2024-02-26 12:39:18', '2024-02-26 12:39:18', 2, NULL, NULL, NULL, 9, NULL),
(70, 2, 2, 2, 0, 7, NULL, 90.00, 'نافذة مبيعات', 10, NULL, NULL, '2024-02-26 14:03:55', '2024-02-26 14:03:55', 2, NULL, NULL, NULL, 7, NULL),
(71, 2, 2, 2, 0, 8, NULL, 2.00, 'نافذة مبيعات', 10, NULL, NULL, '2024-02-26 14:03:55', '2024-02-26 14:03:55', 2, NULL, NULL, NULL, 7, NULL),
(72, 2, 2, 2, 0, 16, NULL, 2.00, 'سحب من المخزون - ', NULL, NULL, NULL, '2024-02-27 13:27:10', '2024-02-27 13:27:10', 2, 21, 0, 15, 2, 3.00),
(73, 2, 2, 5, 0, 16, 2.00, NULL, 'اضافة للمخزون - تم', NULL, NULL, NULL, '2024-02-27 13:28:58', '2024-02-27 13:28:58', 5, 21, 0, 15, 3, NULL),
(74, 2, 2, 2, 0, 18, NULL, 5.00, 'سحب من المخزون - ', NULL, NULL, NULL, '2024-02-27 13:59:56', '2024-02-27 13:59:56', 2, 25, 0, 14, 2, 20.00),
(75, 2, 5, 6, 0, 18, 5.00, NULL, 'اضافة للمخزون - ', NULL, NULL, NULL, '2024-02-27 14:00:23', '2024-02-27 14:00:23', 5, 25, 0, 14, 3, NULL),
(76, 2, 5, 6, 0, 18, NULL, 1.00, 'سحب من المخزون - ', NULL, NULL, NULL, '2024-02-27 14:11:55', '2024-02-27 14:11:55', 5, 29, 0, 14, 2, 6.00),
(77, 2, 2, 2, 0, 18, 1.00, NULL, 'اضافة للمخزون - ', NULL, NULL, NULL, '2024-02-27 14:14:23', '2024-02-27 14:14:23', 2, 29, 0, 14, 3, NULL),
(78, 2, 5, 6, 0, 18, NULL, 2.00, 'سحب من المخزون - ', NULL, NULL, NULL, '2024-02-27 14:15:06', '2024-02-27 14:15:06', 5, 29, 0, 14, 2, 5.00),
(79, 2, 2, 2, 0, 18, 1.00, NULL, 'اضافة للمخزون - استلمت واحد', NULL, NULL, NULL, '2024-02-27 14:15:55', '2024-02-27 14:15:55', 2, 29, 0, 14, 3, NULL),
(80, 2, 2, 2, 0, 18, 1.00, NULL, 'اضافة للمخزون - استلمت الثاني', NULL, NULL, NULL, '2024-02-27 14:16:28', '2024-02-27 14:16:28', 2, 29, 0, 14, 3, NULL),
(81, 2, 2, 2, 0, 18, NULL, 3.00, 'سحب من المخزون - ', NULL, NULL, NULL, '2024-02-27 14:18:03', '2024-02-27 14:18:03', 2, 25, 0, 14, 2, 18.00),
(82, 2, 5, 6, 0, 18, 1.00, NULL, 'اضافة للمخزون - استلمت واحد', NULL, NULL, NULL, '2024-02-27 14:18:59', '2024-02-27 14:18:59', 5, 25, 0, 14, 3, NULL),
(83, 2, 2, 2, 0, 18, 2.00, NULL, 'اضافة للمخزون - ', NULL, NULL, NULL, '2024-02-27 14:25:04', '2024-02-27 14:25:04', 5, 25, 0, 14, 3, NULL);

-- --------------------------------------------------------

--
-- بنية الجدول `stocks`
--

CREATE TABLE `stocks` (
  `id` bigint(20) UNSIGNED NOT NULL,
  `orgID` int(11) NOT NULL,
  `branchID` int(11) NOT NULL,
  `userID` int(11) NOT NULL,
  `nameAr` varchar(255) NOT NULL,
  `nameEn` varchar(255) DEFAULT NULL,
  `status` int(11) NOT NULL DEFAULT 1,
  `created_at` timestamp NULL DEFAULT NULL,
  `updated_at` timestamp NULL DEFAULT NULL
) ENGINE=InnoDB DEFAULT CHARSET=utf8mb4 COLLATE=utf8mb4_unicode_ci;

-- --------------------------------------------------------

--
-- بنية الجدول `store_conversiondetails`
--

CREATE TABLE `store_conversiondetails` (
  `id` int(12) NOT NULL,
  `productID` int(12) NOT NULL,
  `quantity` float(12,2) NOT NULL,
  `nameprodect` varchar(255) DEFAULT NULL,
  `priceprodect` varchar(255) DEFAULT NULL,
  `idConvert` int(12) NOT NULL,
  `uniteid` int(12) NOT NULL,
  `nameunitr` varchar(12) NOT NULL,
  `indexunit` int(12) NOT NULL,
  `status` int(12) DEFAULT NULL,
  `costprodect` float DEFAULT NULL,
  `index` int(12) DEFAULT NULL,
  `oldquantity` float(12,2) NOT NULL DEFAULT 0.00,
  `countprodect` float(12,2) DEFAULT NULL
) ENGINE=InnoDB DEFAULT CHARSET=utf8mb4 COLLATE=utf8mb4_general_ci;

--
-- إرجاع أو استيراد بيانات الجدول `store_conversiondetails`
--

INSERT INTO `store_conversiondetails` (`id`, `productID`, `quantity`, `nameprodect`, `priceprodect`, `idConvert`, `uniteid`, `nameunitr`, `indexunit`, `status`, `costprodect`, `index`, `oldquantity`, `countprodect`) VALUES
(1, 2, 0.00, NULL, 'dd', 1, 2, 'كيلو', 0, 1, 15, 1, 0.00, NULL),
(2, 17, 0.00, NULL, 'dd', 2, 48, 'لتر', 0, 1, 2, 1, 0.00, NULL),
(3, 16, 0.00, NULL, 'dd', 3, 46, 'لتر', 0, 1, 10, 1, 0.00, NULL),
(4, 13, 0.00, NULL, 'dd', 4, 16, 'كيلو', 0, 1, 11, 1, 11.00, NULL),
(5, 13, 0.00, NULL, 'dd', 5, 16, 'كيلو', 0, 1, 11, 1, 1.00, NULL),
(6, 16, 0.00, NULL, 'dd', 6, 63, 'لتر', 0, 1, 0, 1, 1.00, NULL),
(7, 13, 0.00, NULL, 'dd', 7, 56, 'كيلو', 0, 1, 11, 1, 11.00, NULL),
(8, 5, 1.00, NULL, 'dd', 8, 6, 'حبة', 0, 1, 10, 1, 2.00, NULL),
(9, 5, 0.00, NULL, 'dd', 9, 41, 'حبة', 0, 1, 10, 1, 1.00, NULL),
(10, 16, 0.00, NULL, 'dd', 10, 21, 'لتر', 0, 1, 15, 1, 2.00, 3.00),
(11, 18, 0.00, NULL, 'dd', 11, 25, 'كيلو', 0, 1, 14, 1, 5.00, 20.00),
(12, 18, 0.00, NULL, 'dd', 12, 29, 'كيلو', 0, 1, 14, 1, 1.00, 6.00),
(13, 18, 0.00, NULL, 'dd', 13, 29, 'كيلو', 0, 1, 14, 1, 2.00, 5.00),
(14, 18, 0.00, NULL, 'dd', 14, 25, 'كيلو', 0, 1, 14, 1, 3.00, 18.00);

-- --------------------------------------------------------

--
-- بنية الجدول `store_conversions`
--

CREATE TABLE `store_conversions` (
  `id` int(12) NOT NULL,
  `orgID` int(12) DEFAULT NULL,
  `branchOne` int(12) NOT NULL,
  `branchTow` int(12) NOT NULL,
  `userID` int(12) NOT NULL,
  `type` int(12) NOT NULL,
  `comment` varchar(255) DEFAULT NULL,
  `status` int(12) NOT NULL,
  `items` int(12) NOT NULL,
  `dateCon` date DEFAULT NULL,
  `totalcost` varchar(255) DEFAULT NULL,
  `totalguenty` varchar(255) DEFAULT NULL,
  `costvol` varchar(255) DEFAULT NULL
) ENGINE=InnoDB DEFAULT CHARSET=utf8mb4 COLLATE=utf8mb4_general_ci;

--
-- إرجاع أو استيراد بيانات الجدول `store_conversions`
--

INSERT INTO `store_conversions` (`id`, `orgID`, `branchOne`, `branchTow`, `userID`, `type`, `comment`, `status`, `items`, `dateCon`, `totalcost`, `totalguenty`, `costvol`) VALUES
(1, 2, 2, 5, 2, 1, 'يحفظ بالفريزر', 4, 1, '2024-02-15', '15.0000', '1', '15.00'),
(2, 2, 7, 6, 2, 1, 'يحفظ خارج الثلاجة', 3, 1, '2024-02-17', '2.0000', '1', '2.00'),
(3, 2, 7, 6, 2, 1, 'يحفظ في نفس درجة حرارة المستودع', 2, 1, '2024-02-17', '10.0000', '1', '10.00'),
(4, 1, 1, 8, 1, 1, 'aa', 4, 1, '2024-02-17', '121.0000', '11', '11.00'),
(5, 1, 1, 9, 1, 1, 'sssa', 4, 1, '2024-02-17', '11.0000', '1', '11.00'),
(6, 2, 6, 7, 2, 1, NULL, 4, 1, '2024-02-17', '0.0000', '1', '0.00'),
(7, 1, 8, 1, 1, 1, 'a', 4, 1, '2024-02-18', '121.0000', '11', '11.00'),
(8, 2, 2, 6, 5, 1, NULL, 3, 1, '2024-02-18', '20.0000', '2', '10.00'),
(9, 2, 7, 5, 2, 1, NULL, 4, 1, '2024-02-26', '10.0000', '1', '10.00'),
(10, 2, 2, 5, 2, 1, NULL, 4, 1, '2024-02-27', '30.0000', '2', '15.00'),
(11, 2, 2, 5, 2, 1, NULL, 4, 1, '2024-02-27', '70.0000', '5', '14.00'),
(12, 2, 5, 2, 6, 1, NULL, 4, 1, '2024-02-27', '14.0000', '1', '14.00'),
(13, 2, 5, 2, 6, 1, NULL, 4, 1, '2024-02-27', '28.0000', '2', '14.00'),
(14, 2, 2, 5, 2, 1, NULL, 4, 1, '2024-02-27', '42.0000', '3', '14.00');

-- --------------------------------------------------------

--
-- بنية الجدول `subs`
--

CREATE TABLE `subs` (
  `id` bigint(20) UNSIGNED NOT NULL,
  `orgID` int(11) NOT NULL,
  `nameAr` varchar(255) NOT NULL,
  `nameEn` varchar(255) NOT NULL,
  `Status` int(11) NOT NULL DEFAULT 1,
  `created_at` timestamp NULL DEFAULT NULL,
  `updated_at` timestamp NULL DEFAULT NULL
) ENGINE=InnoDB DEFAULT CHARSET=utf8mb4 COLLATE=utf8mb4_unicode_ci;

-- --------------------------------------------------------

--
-- بنية الجدول `subscribtions`
--

CREATE TABLE `subscribtions` (
  `id` bigint(20) UNSIGNED NOT NULL,
  `orgID` int(11) NOT NULL,
  `userID` int(11) NOT NULL,
  `approveID` int(11) DEFAULT NULL,
  `total` double(8,2) NOT NULL,
  `img` varchar(255) DEFAULT NULL,
  `startDate` date DEFAULT NULL,
  `endDate` date DEFAULT NULL,
  `comment` varchar(255) DEFAULT NULL,
  `status` int(11) NOT NULL DEFAULT 0,
  `created_at` timestamp NULL DEFAULT NULL,
  `updated_at` timestamp NULL DEFAULT NULL
) ENGINE=InnoDB DEFAULT CHARSET=utf8mb4 COLLATE=utf8mb4_unicode_ci;

--
-- إرجاع أو استيراد بيانات الجدول `subscribtions`
--

INSERT INTO `subscribtions` (`id`, `orgID`, `userID`, `approveID`, `total`, `img`, `startDate`, `endDate`, `comment`, `status`, `created_at`, `updated_at`) VALUES
(1, 1, 1, 1, 0.00, NULL, '2024-02-11', '2030-02-14', 'اشتراك مجاني لأول مرة', 1, '2024-02-11 14:28:58', '2024-02-11 14:28:58'),
(2, 2, 2, 1, 0.00, NULL, '2024-02-11', '2025-02-07', 'اشتراك مجاني لأول مرة', 1, '2024-02-11 14:51:06', '2024-02-11 14:51:06'),
(3, 3, 3, 1, 0.00, NULL, '2024-02-11', '2024-02-25', 'اشتراك مجاني لأول مرة', 1, '2024-02-11 14:52:33', '2024-02-11 14:52:33'),
(4, 4, 4, 1, 0.00, NULL, '2024-02-15', '2025-02-07', 'اشتراك مجاني لأول مرة', 1, '2024-02-15 10:08:43', '2024-02-15 10:08:43'),
(5, 5, 8, 1, 0.00, NULL, '2024-02-28', '2024-03-13', 'اشتراك مجاني لأول مرة', 1, '2024-02-28 14:47:22', '2024-02-28 14:47:22'),
(6, 6, 9, 1, 0.00, NULL, '2024-02-28', '2024-03-13', 'اشتراك مجاني لأول مرة', 1, '2024-02-28 15:18:10', '2024-02-28 15:18:10'),
(7, 7, 10, 1, 0.00, NULL, '2024-03-02', '2024-03-16', 'اشتراك مجاني لأول مرة', 1, '2024-03-02 12:13:54', '2024-03-02 12:13:54'),
(8, 8, 11, 1, 0.00, NULL, '2024-03-02', '2024-03-16', 'اشتراك مجاني لأول مرة', 1, '2024-03-02 12:44:08', '2024-03-02 12:44:08'),
(9, 9, 12, 1, 0.00, NULL, '2024-03-02', '2024-03-16', 'اشتراك مجاني لأول مرة', 1, '2024-03-02 17:44:39', '2024-03-02 17:44:39');

-- --------------------------------------------------------

--
-- بنية الجدول `supplierpayments`
--

CREATE TABLE `supplierpayments` (
  `id` bigint(20) UNSIGNED NOT NULL,
  `orgID` int(11) NOT NULL,
  `branchID` int(11) NOT NULL,
  `userID` int(11) NOT NULL,
  `supplierID` int(11) NOT NULL,
  `purchaseID` int(11) DEFAULT NULL,
  `invoiceID` int(11) DEFAULT NULL,
  `debit` double(8,2) DEFAULT NULL,
  `cred` double(8,2) DEFAULT NULL,
  `comment` varchar(255) DEFAULT NULL,
  `status` int(11) NOT NULL DEFAULT 1,
  `created_at` timestamp NULL DEFAULT NULL,
  `updated_at` timestamp NULL DEFAULT NULL
) ENGINE=InnoDB DEFAULT CHARSET=utf8mb4 COLLATE=utf8mb4_unicode_ci;

-- --------------------------------------------------------

--
-- بنية الجدول `suppliers`
--

CREATE TABLE `suppliers` (
  `id` bigint(20) UNSIGNED NOT NULL,
  `orgID` int(11) NOT NULL,
  `branchID` int(11) NOT NULL,
  `userID` int(11) NOT NULL,
  `name` varchar(255) NOT NULL,
  `area` varchar(255) DEFAULT NULL,
  `city` varchar(255) DEFAULT NULL,
  `district` varchar(255) DEFAULT NULL,
  `address` varchar(255) DEFAULT NULL,
  `vatNo` varchar(255) DEFAULT NULL,
  `phone` varchar(255) DEFAULT NULL,
  `email` varchar(255) DEFAULT NULL,
  `status` int(11) NOT NULL DEFAULT 1,
  `created_at` timestamp NULL DEFAULT NULL,
  `updated_at` timestamp NULL DEFAULT NULL,
  `AccountID` varchar(255) NOT NULL
) ENGINE=InnoDB DEFAULT CHARSET=utf8mb4 COLLATE=utf8mb4_unicode_ci;

--
-- إرجاع أو استيراد بيانات الجدول `suppliers`
--

INSERT INTO `suppliers` (`id`, `orgID`, `branchID`, `userID`, `name`, `area`, `city`, `district`, `address`, `vatNo`, `phone`, `email`, `status`, `created_at`, `updated_at`, `AccountID`) VALUES
(1, 2, 2, 2, 'نورا', NULL, NULL, NULL, NULL, NULL, '0535153115', NULL, 1, '2024-02-13 14:14:42', '2024-02-13 14:14:42', '221001'),
(2, 2, 2, 2, 'مورد1', 'الرياض', 'الرياض', NULL, NULL, NULL, '0535153115', NULL, 5, '2024-02-17 12:36:55', '2024-02-17 12:37:28', '221002'),
(3, 2, 2, 2, 'مورد1', NULL, 'الرياض', NULL, NULL, NULL, '0565641651', NULL, 1, '2024-02-17 12:37:51', '2024-02-17 12:37:51', '221003'),
(4, 2, 2, 2, 'مورد2', NULL, 'جدة', NULL, NULL, NULL, '0513531315', NULL, 1, '2024-02-17 12:50:40', '2024-02-17 12:50:40', '221004');

-- --------------------------------------------------------

--
-- بنية الجدول `tainteds`
--

CREATE TABLE `tainteds` (
  `id` int(12) NOT NULL,
  `orgID` int(12) DEFAULT NULL,
  `branch` int(12) NOT NULL,
  `userID` int(12) NOT NULL,
  `type` int(12) NOT NULL,
  `comment` varchar(255) DEFAULT NULL,
  `status` int(12) NOT NULL,
  `items` int(12) NOT NULL,
  `dateCon` date DEFAULT NULL,
  `reasonid` varchar(255) DEFAULT NULL,
  `reasonname` text DEFAULT NULL
) ENGINE=InnoDB DEFAULT CHARSET=utf8mb4 COLLATE=utf8mb4_general_ci;

-- --------------------------------------------------------

--
-- بنية الجدول `tainted_details`
--

CREATE TABLE `tainted_details` (
  `id` int(12) NOT NULL,
  `productID` int(12) NOT NULL,
  `quantity` float(12,2) NOT NULL,
  `nameprodect` varchar(255) DEFAULT NULL,
  `priceprodect` varchar(255) DEFAULT NULL,
  `idConvert` int(12) NOT NULL,
  `AccountID` varchar(255) DEFAULT NULL,
  `dateTan` date DEFAULT NULL,
  `orgID` int(12) NOT NULL,
  `reasonid` varchar(255) DEFAULT NULL,
  `reasonname` varchar(255) DEFAULT NULL,
  `unitProdecid` varchar(12) DEFAULT NULL,
  `uniteid` int(12) DEFAULT NULL,
  `nameunitr` varchar(255) DEFAULT NULL,
  `indexunit` int(12) DEFAULT NULL
) ENGINE=InnoDB DEFAULT CHARSET=utf8mb4 COLLATE=utf8mb4_general_ci;

-- --------------------------------------------------------

--
-- بنية الجدول `tbls`
--

CREATE TABLE `tbls` (
  `id` bigint(20) UNSIGNED NOT NULL,
  `orgID` int(11) NOT NULL,
  `branchID` int(11) NOT NULL,
  `userID` int(11) NOT NULL,
  `tableNo` varchar(255) NOT NULL,
  `status` int(11) NOT NULL DEFAULT 1,
  `created_at` timestamp NULL DEFAULT NULL,
  `updated_at` timestamp NULL DEFAULT NULL
) ENGINE=InnoDB DEFAULT CHARSET=utf8mb4 COLLATE=utf8mb4_unicode_ci;

--
-- إرجاع أو استيراد بيانات الجدول `tbls`
--

INSERT INTO `tbls` (`id`, `orgID`, `branchID`, `userID`, `tableNo`, `status`, `created_at`, `updated_at`) VALUES
(1, 2, 2, 2, '1', 1, '2024-02-14 23:07:52', '2024-02-14 23:07:52'),
(2, 2, 2, 2, '2', 1, '2024-02-14 23:08:20', '2024-02-14 23:08:20'),
(3, 2, 2, 2, '3', 1, '2024-02-14 23:08:20', '2024-02-14 23:08:20'),
(4, 2, 2, 2, '4', 1, '2024-02-14 23:08:20', '2024-02-14 23:08:20'),
(5, 2, 2, 2, '5', 1, '2024-02-14 23:08:20', '2024-02-14 23:08:20'),
(6, 1, 1, 1, 'ttt', 1, '2024-02-29 11:13:10', '2024-02-29 11:13:10');

-- --------------------------------------------------------

--
-- بنية الجدول `temporderdetails`
--

CREATE TABLE `temporderdetails` (
  `id` bigint(20) UNSIGNED NOT NULL,
  `orgID` int(11) NOT NULL,
  `branchID` int(11) NOT NULL,
  `productID` int(11) NOT NULL,
  `productName` varchar(255) NOT NULL,
  `userID` int(11) NOT NULL,
  `orderID` int(11) NOT NULL,
  `price` double(8,2) NOT NULL,
  `quantity` double(8,2) NOT NULL,
  `total` double(8,2) NOT NULL,
  `totalcost` double(8,2) NOT NULL,
  `discount` double(8,2) NOT NULL,
  `created_at` timestamp NULL DEFAULT NULL,
  `updated_at` timestamp NULL DEFAULT NULL,
  `kitchenID` varchar(255) DEFAULT NULL
) ENGINE=InnoDB DEFAULT CHARSET=utf8mb4 COLLATE=utf8mb4_unicode_ci;

--
-- إرجاع أو استيراد بيانات الجدول `temporderdetails`
--

INSERT INTO `temporderdetails` (`id`, `orgID`, `branchID`, `productID`, `productName`, `userID`, `orderID`, `price`, `quantity`, `total`, `totalcost`, `discount`, `created_at`, `updated_at`, `kitchenID`) VALUES
(35, 1, 1, 25, 'ماء', 1, 23, 14.55, 1.00, 14.55, 12.65, 0.00, '2024-02-29 11:54:53', '2024-02-29 11:54:53', NULL),
(36, 1, 1, 12, 'حليب', 1, 23, 100.00, 1.00, 100.00, 0.00, 0.00, '2024-02-29 11:54:53', '2024-02-29 11:54:53', NULL),
(37, 1, 1, 25, 'ماء', 1, 24, 14.55, 1.00, 14.55, 12.65, 0.00, '2024-02-29 11:58:04', '2024-02-29 11:58:04', NULL),
(38, 1, 1, 12, 'حليب', 1, 24, 100.00, 1.00, 100.00, 0.00, 0.00, '2024-02-29 11:58:04', '2024-02-29 11:58:04', NULL),
(39, 1, 1, 25, 'ماء', 1, 25, 14.55, 1.00, 14.55, 12.65, 0.00, '2024-02-29 11:59:40', '2024-02-29 11:59:40', NULL),
(40, 1, 1, 12, 'حليب', 1, 25, 100.00, 1.00, 100.00, 0.00, 0.00, '2024-02-29 11:59:40', '2024-02-29 11:59:40', NULL),
(41, 1, 1, 25, 'ماء', 1, 26, 14.55, 1.00, 14.55, 12.65, 0.00, '2024-02-29 12:00:28', '2024-02-29 12:00:28', NULL),
(42, 1, 1, 12, 'حليب', 1, 26, 100.00, 1.00, 100.00, 0.00, 0.00, '2024-02-29 12:00:28', '2024-02-29 12:00:28', NULL),
(43, 1, 1, 25, 'ماء', 1, 27, 14.55, 1.00, 14.55, 12.65, 0.00, '2024-02-29 12:04:58', '2024-02-29 12:04:58', NULL),
(44, 1, 1, 12, 'حليب', 1, 27, 100.00, 1.00, 100.00, 0.00, 0.00, '2024-02-29 12:04:58', '2024-02-29 12:04:58', NULL),
(45, 1, 1, 25, 'ماء', 1, 28, 14.55, 1.00, 14.55, 12.65, 0.00, '2024-02-29 12:19:45', '2024-02-29 12:19:45', NULL),
(46, 1, 1, 12, 'حليب', 1, 28, 100.00, 1.00, 100.00, 0.00, 0.00, '2024-02-29 12:19:45', '2024-02-29 12:19:45', NULL),
(47, 1, 1, 25, 'ماء', 1, 29, 14.55, 1.00, 14.55, 12.65, 0.00, '2024-02-29 12:25:22', '2024-02-29 12:25:22', NULL),
(48, 1, 1, 12, 'حليب', 1, 29, 100.00, 1.00, 100.00, 0.00, 0.00, '2024-02-29 12:25:22', '2024-02-29 12:25:22', NULL),
(49, 1, 1, 25, 'ماء', 1, 30, 14.55, 1.00, 14.55, 12.65, 0.00, '2024-02-29 12:28:34', '2024-02-29 12:28:34', NULL),
(50, 1, 1, 12, 'حليب', 1, 30, 100.00, 1.00, 100.00, 0.00, 0.00, '2024-02-29 12:28:34', '2024-02-29 12:28:34', NULL),
(51, 1, 1, 25, 'ماء', 1, 31, 14.55, 1.00, 14.55, 12.65, 0.00, '2024-02-29 12:29:13', '2024-02-29 12:29:13', NULL),
(52, 1, 1, 12, 'حليب', 1, 31, 100.00, 1.00, 100.00, 0.00, 0.00, '2024-02-29 12:29:13', '2024-02-29 12:29:13', NULL),
(53, 1, 1, 25, 'ماء', 1, 32, 14.55, 1.00, 14.55, 12.65, 0.00, '2024-02-29 12:53:19', '2024-02-29 12:53:19', NULL),
(54, 1, 1, 12, 'حليب', 1, 32, 100.00, 1.00, 100.00, 0.00, 0.00, '2024-02-29 12:53:19', '2024-02-29 12:53:19', NULL),
(55, 1, 1, 25, 'ماء', 1, 33, 14.55, 1.00, 14.55, 12.65, 0.00, '2024-02-29 12:54:32', '2024-02-29 12:54:32', NULL),
(56, 1, 1, 12, 'حليب', 1, 33, 100.00, 1.00, 100.00, 0.00, 0.00, '2024-02-29 12:54:32', '2024-02-29 12:54:32', NULL),
(57, 1, 1, 25, 'ماء', 1, 34, 14.55, 1.00, 14.55, 12.65, 0.00, '2024-02-29 13:02:53', '2024-02-29 13:02:53', NULL),
(58, 1, 1, 12, 'حليب', 1, 34, 100.00, 1.00, 100.00, 0.00, 0.00, '2024-02-29 13:02:53', '2024-02-29 13:02:53', NULL),
(59, 1, 1, 25, 'ماء', 1, 35, 14.55, 1.00, 14.55, 12.65, 0.00, '2024-02-29 13:05:55', '2024-02-29 13:05:55', NULL),
(60, 1, 1, 12, 'حليب', 1, 35, 100.00, 1.00, 100.00, 0.00, 0.00, '2024-02-29 13:05:55', '2024-02-29 13:05:55', NULL),
(61, 1, 1, 25, 'ماء', 1, 36, 14.55, 1.00, 14.55, 12.65, 0.00, '2024-02-29 13:22:55', '2024-02-29 13:22:55', NULL),
(62, 1, 1, 12, 'حليب', 1, 36, 100.00, 1.00, 100.00, 0.00, 0.00, '2024-02-29 13:22:55', '2024-02-29 13:22:55', NULL),
(63, 5, 1, 25, 'ماء', 1, 37, 14.55, 1.00, 14.55, 12.65, 0.00, '2024-02-29 13:32:25', '2024-02-29 13:32:25', NULL),
(64, 5, 1, 12, 'حليب', 1, 37, 100.00, 1.00, 100.00, 0.00, 0.00, '2024-02-29 13:32:25', '2024-02-29 13:32:25', NULL),
(65, 1, 1, 25, 'ماء', 1, 38, 14.55, 1.00, 14.55, 12.65, 0.00, '2024-02-29 13:33:03', '2024-02-29 13:33:03', NULL),
(66, 1, 1, 12, 'حليب', 1, 38, 100.00, 1.00, 100.00, 0.00, 0.00, '2024-02-29 13:33:03', '2024-02-29 13:33:03', NULL),
(67, 1, 1, 25, 'ماء', 1, 39, 14.55, 1.00, 14.55, 12.65, 0.00, '2024-02-29 13:34:04', '2024-02-29 13:34:04', NULL),
(68, 1, 1, 12, 'حليب', 1, 39, 100.00, 1.00, 100.00, 0.00, 0.00, '2024-02-29 13:34:04', '2024-02-29 13:34:04', NULL),
(69, 1, 1, 12, 'حليب', 1, 39, 100.00, 1.00, 100.00, 0.00, 0.00, '2024-02-29 13:34:04', '2024-02-29 13:34:04', NULL),
(70, 5, 1, 25, 'ماء', 1, 40, 14.55, 1.00, 14.55, 12.65, 0.00, '2024-02-29 13:36:27', '2024-02-29 13:36:27', NULL),
(71, 5, 1, 12, 'حليب', 1, 40, 100.00, 1.00, 100.00, 0.00, 0.00, '2024-02-29 13:36:27', '2024-02-29 13:36:27', NULL),
(72, 5, 1, 12, 'حليب', 1, 40, 100.00, 1.00, 100.00, 0.00, 0.00, '2024-02-29 13:36:27', '2024-02-29 13:36:27', NULL),
(73, 5, 1, 25, 'ماء', 1, 41, 14.55, 1.00, 14.55, 12.65, 0.00, '2024-02-29 13:40:22', '2024-02-29 13:40:22', NULL),
(74, 5, 1, 12, 'حليب', 1, 41, 100.00, 1.00, 100.00, 0.00, 0.00, '2024-02-29 13:40:22', '2024-02-29 13:40:22', NULL),
(75, 5, 1, 12, 'حليب', 1, 41, 100.00, 1.00, 100.00, 0.00, 0.00, '2024-02-29 13:40:22', '2024-02-29 13:40:22', NULL),
(76, 5, 1, 25, 'ماء', 1, 42, 14.55, 1.00, 14.55, 12.65, 0.00, '2024-02-29 13:45:37', '2024-02-29 13:45:37', NULL),
(77, 5, 1, 12, 'حليب', 1, 42, 100.00, 1.00, 100.00, 0.00, 0.00, '2024-02-29 13:45:37', '2024-02-29 13:45:37', NULL),
(78, 5, 1, 12, 'حليب', 1, 42, 100.00, 1.00, 100.00, 0.00, 0.00, '2024-02-29 13:45:37', '2024-02-29 13:45:37', NULL),
(79, 1, 1, 12, 'حليب', 1, 43, 100.00, 1.00, 100.00, 0.00, 0.00, '2024-02-29 13:52:08', '2024-02-29 13:52:08', NULL),
(80, 5, 1, 12, 'حليب', 1, 44, 100.00, 1.00, 100.00, 0.00, 0.00, '2024-02-29 14:00:30', '2024-02-29 14:00:30', NULL),
(81, 5, 1, 12, 'حليب', 1, 45, 100.00, 1.00, 100.00, 0.00, 0.00, '2024-02-29 14:00:45', '2024-02-29 14:00:45', NULL),
(82, 5, 1, 12, 'حليب', 1, 46, 100.00, 1.00, 100.00, 0.00, 0.00, '2024-02-29 14:02:29', '2024-02-29 14:02:29', NULL),
(83, 5, 1, 25, 'ماء', 1, 46, 14.55, 1.00, 14.55, 12.65, 0.00, '2024-02-29 14:02:29', '2024-02-29 14:02:29', NULL),
(84, 1, 1, 25, 'ماء', 1, 47, 14.55, 1.00, 14.55, 12.65, 0.00, '2024-02-29 14:04:43', '2024-02-29 14:04:43', NULL),
(85, 1, 1, 25, 'ماء', 1, 47, 14.55, 1.00, 14.55, 12.65, 0.00, '2024-02-29 14:04:43', '2024-02-29 14:04:43', NULL),
(86, 1, 1, 25, 'ماء', 1, 47, 14.55, 1.00, 14.55, 12.65, 0.00, '2024-02-29 14:04:43', '2024-02-29 14:04:43', NULL),
(87, 1, 1, 12, 'حليب', 1, 47, 100.00, 1.00, 100.00, 0.00, 0.00, '2024-02-29 14:04:43', '2024-02-29 14:04:43', NULL),
(88, 5, 1, 25, 'ماء', 1, 48, 14.55, 1.00, 14.55, 12.65, 0.00, '2024-02-29 14:05:01', '2024-02-29 14:05:01', NULL),
(89, 5, 1, 25, 'ماء', 1, 48, 14.55, 1.00, 14.55, 12.65, 0.00, '2024-02-29 14:05:01', '2024-02-29 14:05:01', NULL),
(90, 5, 1, 25, 'ماء', 1, 48, 14.55, 1.00, 14.55, 12.65, 0.00, '2024-02-29 14:05:01', '2024-02-29 14:05:01', NULL),
(91, 5, 1, 12, 'حليب', 1, 48, 100.00, 1.00, 100.00, 0.00, 0.00, '2024-02-29 14:05:01', '2024-02-29 14:05:01', NULL),
(92, 1, 1, 25, 'ماء', 1, 49, 14.55, 1.00, 14.55, 12.65, 0.00, '2024-02-29 14:15:50', '2024-02-29 14:15:50', NULL),
(93, 1, 1, 25, 'ماء', 1, 50, 14.55, 1.00, 14.55, 12.65, 0.00, '2024-02-29 14:15:53', '2024-02-29 14:15:53', NULL),
(94, 1, 1, 12, 'حليب', 1, 51, 100.00, 1.00, 100.00, 0.00, 0.00, '2024-02-29 14:45:06', '2024-02-29 14:45:06', NULL),
(95, 1, 1, 12, 'حليب', 1, 51, 100.00, 1.00, 100.00, 0.00, 0.00, '2024-02-29 14:45:06', '2024-02-29 14:45:06', NULL),
(96, 1, 1, 12, 'حليب', 1, 52, 100.00, 1.00, 100.00, 0.00, 0.00, '2024-02-29 14:52:33', '2024-02-29 14:52:33', NULL),
(97, 1, 1, 12, 'حليب', 1, 52, 100.00, 1.00, 100.00, 0.00, 0.00, '2024-02-29 14:52:33', '2024-02-29 14:52:33', NULL),
(98, 1, 1, 12, 'حليب', 1, 52, 100.00, 1.00, 100.00, 0.00, 0.00, '2024-02-29 14:52:33', '2024-02-29 14:52:33', NULL),
(99, 1, 1, 12, 'حليب', 1, 53, 100.00, 1.00, 100.00, 0.00, 0.00, '2024-02-29 14:52:48', '2024-02-29 14:52:48', NULL),
(100, 1, 1, 12, 'حليب', 1, 53, 100.00, 1.00, 100.00, 0.00, 0.00, '2024-02-29 14:52:48', '2024-02-29 14:52:48', NULL),
(101, 1, 1, 12, 'حليب', 1, 53, 100.00, 1.00, 100.00, 0.00, 0.00, '2024-02-29 14:52:48', '2024-02-29 14:52:48', NULL),
(102, 1, 1, 12, 'حليب', 1, 54, 100.00, 1.00, 100.00, 0.00, 0.00, '2024-02-29 15:34:48', '2024-02-29 15:34:48', NULL),
(103, 1, 1, 12, 'حليب', 1, 55, 100.00, 1.00, 100.00, 0.00, 0.00, '2024-02-29 15:36:06', '2024-02-29 15:36:06', NULL),
(104, 5, 6, 25, 'ماء', 1, 56, 14.55, 1.00, 14.55, 12.65, 0.00, '2024-02-29 15:40:00', '2024-02-29 15:40:00', NULL),
(105, 1, 1, 12, 'حليب', 1, 57, 100.00, 1.00, 100.00, 0.00, 0.00, '2024-02-29 15:41:53', '2024-02-29 15:41:53', NULL),
(106, 5, 6, 26, 'شاي الكابوس', 1, 58, 2.30, 1.00, 2.30, 2.00, 0.00, '2024-03-02 16:27:04', '2024-03-02 16:27:04', NULL),
(107, 5, 6, 26, 'شاي الكابوس', 1, 58, 2.30, 1.00, 2.30, 2.00, 0.00, '2024-03-02 16:27:04', '2024-03-02 16:27:04', NULL),
(108, 5, 6, 26, 'شاي الكابوس', 1, 58, 2.30, 1.00, 2.30, 2.00, 0.00, '2024-03-02 16:27:04', '2024-03-02 16:27:04', NULL),
(109, 5, 6, 26, 'شاي الكابوس', 1, 59, 2.30, 1.00, 2.30, 2.00, 0.00, '2024-03-02 16:27:21', '2024-03-02 16:27:21', NULL),
(110, 5, 6, 26, 'شاي الكابوس', 1, 59, 2.30, 1.00, 2.30, 2.00, 0.00, '2024-03-02 16:27:21', '2024-03-02 16:27:21', NULL),
(111, 5, 6, 26, 'شاي الكابوس', 1, 59, 2.30, 1.00, 2.30, 2.00, 0.00, '2024-03-02 16:27:21', '2024-03-02 16:27:21', NULL),
(112, 1, 1, 26, 'شاي الكابوس', 1, 60, 2.30, 1.00, 2.30, 2.00, 0.00, '2024-03-02 16:28:07', '2024-03-02 16:28:07', NULL),
(113, 1, 1, 26, 'شاي الكابوس', 1, 60, 2.30, 1.00, 2.30, 2.00, 0.00, '2024-03-02 16:28:07', '2024-03-02 16:28:07', NULL),
(114, 1, 1, 26, 'شاي الكابوس', 1, 60, 2.30, 1.00, 2.30, 2.00, 0.00, '2024-03-02 16:28:07', '2024-03-02 16:28:07', NULL);

-- --------------------------------------------------------

--
-- بنية الجدول `temporders`
--

CREATE TABLE `temporders` (
  `id` bigint(20) UNSIGNED NOT NULL,
  `orgID` int(11) NOT NULL,
  `branchID` int(11) NOT NULL,
  `customerID` int(11) DEFAULT NULL,
  `userID` int(11) NOT NULL,
  `totalwvat` double(8,2) NOT NULL,
  `totalvat` double(8,2) NOT NULL,
  `discount` int(11) DEFAULT NULL,
  `type` int(11) NOT NULL,
  `orderType` int(11) NOT NULL DEFAULT 1,
  `ordBy` int(11) DEFAULT NULL,
  `tblNo` int(11) DEFAULT NULL,
  `serial` varchar(255) NOT NULL,
  `status` int(11) NOT NULL DEFAULT 1,
  `created_at` timestamp NULL DEFAULT NULL,
  `updated_at` timestamp NULL DEFAULT NULL,
  `kind` varchar(255) DEFAULT NULL
) ENGINE=InnoDB DEFAULT CHARSET=utf8mb4 COLLATE=utf8mb4_unicode_ci;

--
-- إرجاع أو استيراد بيانات الجدول `temporders`
--

INSERT INTO `temporders` (`id`, `orgID`, `branchID`, `customerID`, `userID`, `totalwvat`, `totalvat`, `discount`, `type`, `orderType`, `ordBy`, `tblNo`, `serial`, `status`, `created_at`, `updated_at`, `kind`) VALUES
(23, 1, 1, 4, 1, 114.55, 14.94, 0, 2, 3, 3, NULL, '000001', 1, '2024-02-29 11:54:53', '2024-02-29 11:54:53', NULL),
(24, 1, 1, 4, 1, 114.55, 14.94, 0, 2, 3, 3, NULL, '000002', 1, '2024-02-29 11:58:04', '2024-02-29 11:58:04', NULL),
(25, 1, 1, 4, 1, 114.55, 14.94, 0, 2, 3, 3, NULL, '000003', 1, '2024-02-29 11:59:40', '2024-02-29 11:59:40', NULL),
(26, 1, 1, 4, 1, 114.55, 14.94, 0, 2, 3, 3, NULL, '000004', 1, '2024-02-29 12:00:28', '2024-02-29 12:00:28', NULL),
(27, 1, 1, 6, 1, 114.55, 14.94, 0, 2, 3, 3, NULL, '000005', 1, '2024-02-29 12:04:58', '2024-02-29 12:04:58', NULL),
(28, 1, 1, 7, 1, 114.55, 14.94, 0, 2, 3, 3, NULL, '000006', 1, '2024-02-29 12:19:45', '2024-02-29 12:19:45', NULL),
(29, 1, 1, 8, 1, 114.55, 14.94, 0, 2, 3, 3, NULL, '000007', 1, '2024-02-29 12:25:22', '2024-02-29 12:25:22', NULL),
(30, 1, 1, 1, 1, 114.55, 14.94, 0, 2, 3, 3, NULL, '000008', 1, '2024-02-29 12:28:34', '2024-02-29 12:28:34', NULL),
(31, 1, 1, 2, 1, 114.55, 14.94, 0, 2, 3, 3, NULL, '000009', 1, '2024-02-29 12:29:13', '2024-02-29 12:29:13', NULL),
(32, 1, 1, 2, 1, 114.55, 14.94, 0, 2, 3, 3, NULL, '000010', 1, '2024-02-29 12:53:19', '2024-02-29 12:53:19', NULL),
(33, 1, 1, 2, 1, 114.55, 14.94, 0, 2, 3, 3, NULL, '000011', 1, '2024-02-29 12:54:32', '2024-02-29 12:54:32', NULL),
(34, 1, 1, 2, 1, 114.55, 14.94, 0, 2, 3, 3, NULL, '000012', 1, '2024-02-29 13:02:53', '2024-02-29 13:02:53', NULL),
(35, 1, 1, 2, 1, 114.55, 14.94, 0, 2, 3, 3, NULL, '000013', 1, '2024-02-29 13:05:55', '2024-02-29 13:05:55', NULL),
(36, 1, 1, 2, 1, 114.55, 14.94, 0, 2, 3, 3, NULL, '000014', 1, '2024-02-29 13:22:55', '2024-02-29 13:22:55', NULL),
(37, 5, 1, 12, 1, 114.55, 14.94, 0, 2, 3, 3, NULL, '000001', 1, '2024-02-29 13:32:25', '2024-02-29 13:32:25', NULL),
(38, 1, 1, 2, 1, 114.55, 14.94, 0, 2, 3, 3, NULL, '000015', 1, '2024-02-29 13:33:03', '2024-02-29 13:33:03', NULL),
(39, 1, 1, 2, 1, 214.55, 27.98, 0, 2, 3, 3, NULL, '000016', 1, '2024-02-29 13:34:04', '2024-02-29 13:34:04', NULL),
(40, 5, 1, 7, 1, 214.55, 27.98, 0, 2, 3, 3, NULL, '000002', 1, '2024-02-29 13:36:27', '2024-02-29 13:36:27', NULL),
(41, 5, 1, 7, 1, 214.55, 27.98, 0, 2, 3, 3, NULL, '000003', 1, '2024-02-29 13:40:22', '2024-02-29 13:40:22', NULL),
(42, 5, 1, 7, 1, 214.55, 27.98, 0, 2, 3, 3, NULL, '000004', 1, '2024-02-29 13:45:37', '2024-02-29 13:45:37', NULL),
(43, 1, 1, 10, 1, 100.00, 13.04, 0, 2, 3, 3, NULL, '000017', 1, '2024-02-29 13:52:08', '2024-02-29 13:52:08', NULL),
(44, 5, 1, 11, 1, 100.00, 13.04, 0, 2, 3, 3, NULL, '000005', 1, '2024-02-29 14:00:30', '2024-02-29 14:00:30', NULL),
(45, 5, 1, 12, 1, 100.00, 13.04, 0, 2, 3, 3, NULL, '000006', 1, '2024-02-29 14:00:45', '2024-02-29 14:00:45', NULL),
(46, 5, 1, 13, 1, 114.55, 14.94, 0, 2, 3, 3, NULL, '000007', 1, '2024-02-29 14:02:29', '2024-02-29 14:02:29', NULL),
(47, 1, 1, 17, 1, 143.65, 18.74, 0, 2, 3, 3, NULL, '000018', 1, '2024-02-29 14:04:43', '2024-02-29 14:04:43', NULL),
(48, 5, 1, 16, 1, 43.65, 5.69, 0, 2, 3, 3, NULL, '000008', 1, '2024-02-29 14:05:01', '2024-02-29 14:05:01', NULL),
(49, 1, 1, 20, 1, 14.55, 1.90, 0, 2, 3, 3, NULL, '000019', 1, '2024-02-29 14:15:50', '2024-02-29 14:15:50', NULL),
(50, 1, 1, 20, 1, 14.55, 1.90, 0, 2, 3, 3, NULL, '000020', 1, '2024-02-29 14:15:53', '2024-02-29 14:15:53', NULL),
(51, 1, 1, 21, 1, 200.00, 26.09, 0, 2, 3, 3, NULL, '000021', 1, '2024-02-29 14:45:06', '2024-02-29 14:45:06', NULL),
(52, 1, 1, 10, 1, 300.00, 39.13, 0, 2, 3, 3, NULL, '000022', 1, '2024-02-29 14:52:33', '2024-02-29 14:52:33', NULL),
(53, 1, 1, 22, 1, 300.00, 39.13, 0, 2, 3, 3, NULL, '000023', 1, '2024-02-29 14:52:48', '2024-02-29 14:52:48', NULL),
(54, 1, 1, 24, 1, 100.00, 13.04, 0, 2, 3, 3, NULL, '000024', 1, '2024-02-29 15:34:48', '2024-02-29 15:34:48', NULL),
(55, 1, 1, 25, 1, 100.00, 13.04, 0, 2, 3, 3, NULL, '000025', 1, '2024-02-29 15:36:06', '2024-02-29 15:36:06', NULL),
(56, 5, 6, 26, 1, 14.55, 1.90, 0, 2, 3, 3, NULL, '000009', 1, '2024-02-29 15:40:00', '2024-02-29 15:40:00', NULL),
(57, 1, 1, 27, 1, 100.00, 13.04, 0, 2, 3, 3, NULL, '000026', 1, '2024-02-29 15:41:53', '2024-02-29 15:41:53', NULL),
(58, 5, 6, 11, 1, 6.90, 0.90, 0, 2, 3, 3, NULL, '000010', 1, '2024-03-02 16:27:04', '2024-03-02 16:27:04', NULL),
(59, 5, 6, 28, 1, 6.90, 0.90, 0, 2, 3, 3, NULL, '000011', 1, '2024-03-02 16:27:21', '2024-03-02 16:27:21', NULL),
(60, 1, 1, 29, 1, 6.90, 0.90, 0, 2, 3, 3, NULL, '000027', 1, '2024-03-02 16:28:07', '2024-03-02 16:28:07', NULL);

-- --------------------------------------------------------

--
-- بنية الجدول `treasuries`
--

CREATE TABLE `treasuries` (
  `id` int(11) NOT NULL,
  `AccountCode` varchar(255) NOT NULL,
  `name` varchar(255) NOT NULL,
  `status` varchar(12) DEFAULT NULL,
  `desc` varchar(255) DEFAULT NULL,
  `branchID` int(11) NOT NULL,
  `orgID` int(11) NOT NULL
) ENGINE=InnoDB DEFAULT CHARSET=utf8mb4 COLLATE=utf8mb4_general_ci;

--
-- إرجاع أو استيراد بيانات الجدول `treasuries`
--

INSERT INTO `treasuries` (`id`, `AccountCode`, `name`, `status`, `desc`, `branchID`, `orgID`) VALUES
(1, '121001', 'صندوق افتراضي', '', '', 1, 1),
(2, '121001', 'صندوق افتراضي', '', '', 2, 2),
(3, '121001', 'صندوق افتراضي', '', '', 3, 3),
(4, '121001', 'صندوق افتراضي', '', '', 4, 4),
(5, '121002', 'صندوق 2', '0', 'مم', 2, 2),
(6, '121003', 'س', '0', NULL, 5, 2),
(7, '121001', 'صندوق افتراضي', NULL, NULL, 6, 5),
(8, '121001', 'صندوق افتراضي', NULL, NULL, 7, 6),
(9, '121001', 'صندوق افتراضي', NULL, NULL, 8, 7),
(10, '121001', 'صندوق افتراضي', NULL, NULL, 9, 8),
(11, '121001', 'صندوق افتراضي', NULL, NULL, 10, 9);

-- --------------------------------------------------------

--
-- بنية الجدول `units`
--

CREATE TABLE `units` (
  `id` bigint(20) UNSIGNED NOT NULL,
  `orgID` int(11) NOT NULL,
  `userID` int(11) NOT NULL,
  `nameAr` varchar(255) NOT NULL,
  `nameEn` varchar(255) DEFAULT NULL,
  `quantity` float DEFAULT 1,
  `status` int(11) NOT NULL DEFAULT 1,
  `created_at` timestamp NULL DEFAULT NULL,
  `updated_at` timestamp NULL DEFAULT NULL
) ENGINE=InnoDB DEFAULT CHARSET=utf8mb4 COLLATE=utf8mb4_unicode_ci;

--
-- إرجاع أو استيراد بيانات الجدول `units`
--

INSERT INTO `units` (`id`, `orgID`, `userID`, `nameAr`, `nameEn`, `quantity`, `status`, `created_at`, `updated_at`) VALUES
(1, 2, 2, 'كيلو', 'kilo', 1, 1, '2024-02-11 15:51:06', '2024-02-14 22:16:56'),
(2, 2, 2, 'جرام', 'gram', 1, 1, '2024-02-11 15:51:52', '2024-02-14 22:18:11'),
(3, 2, 2, 'لتر', 'liter', 1, 1, '2024-02-11 15:52:58', '2024-02-14 22:19:12'),
(4, 2, 2, 'مل', 'ml', 1, 1, '2024-02-11 15:53:41', '2024-02-14 22:22:00'),
(5, 2, 2, 'حبة', 'unit', 1, 1, '2024-02-11 15:54:47', '2024-02-14 22:22:42'),
(6, 2, 2, 'كرتون', 'cartoon', 1, 1, '2024-02-11 15:55:30', '2024-02-14 22:23:24'),
(7, 2, 2, 'طن', 'tons', 1, 1, '2024-02-12 14:35:28', '2024-02-12 14:35:28'),
(8, 1, 1, 'كيلو', 'Kilo', 1, 1, '2024-02-13 10:42:54', '2024-02-13 10:51:05'),
(9, 1, 1, 'جرام', 'Giram', 1, 1, '2024-02-13 11:19:33', '2024-02-13 11:19:45'),
(10, 1, 1, 'حبة', 'Piece', 1, 1, '2024-02-15 14:49:38', '2024-02-15 14:49:38'),
(11, 5, 8, 'حبة', 'حبة', 1, 1, '2024-02-28 14:49:04', '2024-02-28 14:49:04');

-- --------------------------------------------------------

--
-- بنية الجدول `users`
--

CREATE TABLE `users` (
  `id` bigint(20) UNSIGNED NOT NULL,
  `branchID` int(11) NOT NULL,
  `orgID` int(11) NOT NULL,
  `roleID` int(11) NOT NULL,
  `userID` int(11) NOT NULL,
  `empID` int(11) DEFAULT 0,
  `name` varchar(255) NOT NULL,
  `phone` varchar(255) DEFAULT NULL,
  `email` varchar(255) NOT NULL,
  `img` varchar(255) NOT NULL,
  `signature` varchar(250) DEFAULT NULL,
  `type` int(11) NOT NULL,
  `status` int(11) NOT NULL DEFAULT 1,
  `isadmin` int(11) NOT NULL DEFAULT 0,
  `ismanager` int(11) NOT NULL DEFAULT 0,
  `email_verified_at` timestamp NULL DEFAULT NULL,
  `password` varchar(255) NOT NULL,
  `remember_token` varchar(100) DEFAULT NULL,
  `created_at` timestamp NULL DEFAULT NULL,
  `updated_at` timestamp NULL DEFAULT NULL
) ENGINE=InnoDB DEFAULT CHARSET=utf8mb4 COLLATE=utf8mb4_unicode_ci;

--
-- إرجاع أو استيراد بيانات الجدول `users`
--

INSERT INTO `users` (`id`, `branchID`, `orgID`, `roleID`, `userID`, `empID`, `name`, `phone`, `email`, `img`, `signature`, `type`, `status`, `isadmin`, `ismanager`, `email_verified_at`, `password`, `remember_token`, `created_at`, `updated_at`) VALUES
(1, 1, 1, 1, 1, 0, 'developers@evix.com.sa', '0535331597', 'developers@evix.com.sa', 'default.jpg', NULL, 1, 1, 0, 0, NULL, '$2y$10$5Ox.Qwyf5hLnJcJNbO2ZpuJa9k3e.bZJnCxJ8YRGDJbC75ZYFW1GG', NULL, '2024-02-11 14:28:58', '2024-02-11 14:28:58'),
(2, 2, 2, 4, 1, 0, 'Nourah', '0501122334', 'Norah-d1@hotmail.com', 'default.jpg', NULL, 1, 1, 0, 0, NULL, '$2y$10$IsAt1JqFm1hD/JhzhJCZ1.rMvZyry4CnNXPiLmlcpGx2XPeHiiaBG', NULL, '2024-02-11 14:51:06', '2024-02-11 14:51:06'),
(3, 3, 3, 7, 1, 0, 'Ahmed Gasim Yousif', '0533755547', 'AccEyein2020@gmail.com', 'default.jpg', NULL, 1, 1, 0, 0, NULL, '$2y$10$N1cXymfCqFzjFsNli3kA8uEm0s2AOKLqW/QW9XV9TLh/HeDUPpVcW', NULL, '2024-02-11 14:52:33', '2024-02-11 14:52:33'),
(4, 4, 4, 8, 1, 0, 'admin4@test.com', '0538920335', 'atefelnabarawy@gmail.com', 'default.jpg', NULL, 1, 1, 0, 0, NULL, '$2y$10$X1YexO9LhLwmLUkBafXhguyajIhgCzayg/xr5Vlq.sIg04TMhvkRu', NULL, '2024-02-15 10:08:43', '2024-02-15 10:08:43'),
(5, 2, 2, 4, 2, 0, 'atef', NULL, 'atef@n.com', 'default.jpg', NULL, 1, 1, 0, 1, NULL, '$2y$10$pM9f0owV8oXMhcL2EWEIGeZ5RIFeLJ3YdnokpJm8OQUpINIK1cCi6', NULL, '2024-02-17 13:41:48', '2024-02-17 13:41:48'),
(6, 5, 2, 4, 2, 0, 'atefswe', '0564564654', 'atefsew@n.com', 'default.jpg', NULL, 1, 1, 0, 0, NULL, '$2y$10$NQNv3eqFbFp2t05.GQk2reYm/NuX7KtVVYWdG6Q7DfxLbP7jRICm6', NULL, '2024-02-27 13:16:12', '2024-02-27 13:16:12'),
(7, 5, 2, 4, 2, 0, 'سعد', '0565641651', 's@s.com', 'default.jpg', NULL, 1, 1, 0, 0, NULL, '$2y$10$6hDjbzKKHja9ZgZf6WkjkeBUbyrztHQDOA./l/zjiNnQcM.Q82FGu', NULL, '2024-02-27 13:19:40', '2024-02-27 13:19:40'),
(8, 6, 5, 11, 1, 0, 'Dhiaa@evix.com.sa', '0560896483', 'Dhiaa@evix.com.sa', 'default.jpg', NULL, 1, 1, 0, 0, NULL, '$2y$10$VeIklu/G4E8piHPiYer6cORhW1UbpFIpAuxdHs1B.DihSP6L1uWz.', NULL, '2024-02-28 14:47:22', '2024-02-28 14:47:22'),
(9, 7, 6, 12, 1, 0, 'a@evix.com', '0544499336', 'a@evix.com', 'default.jpg', NULL, 1, 1, 0, 0, NULL, '$2y$10$NvKmsPM3fIzzAf0.22vLO.WK9cCAl7HGLlffJzZuU99ElN.wy0FrO', NULL, '2024-02-28 15:18:10', '2024-02-28 15:18:10'),
(10, 8, 7, 13, 1, 0, 'Nourah', '0555997733', 'evix@nourah.com.sa', 'default.jpg', NULL, 1, 1, 0, 0, NULL, '$2y$10$iIwlUYphKVRmcN616OOP/eP4qbnkV8ZU.Y0ZJmSvmeYX3fLpU59UG', NULL, '2024-03-02 12:13:54', '2024-03-02 12:13:54'),
(11, 9, 8, 16, 1, 0, 'moblie', '0533166742', 'dhiaa@eyeincode.com', 'default.jpg', NULL, 1, 1, 0, 0, NULL, '$2y$10$dUyQE8/XkjR/aEN80C8Q1eX3.RSKtkBPH7RJl3sez6b5gERgnq8uS', NULL, '2024-03-02 12:44:08', '2024-03-02 12:44:08'),
(12, 10, 9, 19, 1, 0, 'Tanya Hickman', '0231547895', 'dodixi@mailinator.com', 'default.jpg', NULL, 1, 1, 0, 0, NULL, '$2y$10$/XV.blgoO9Dt4IUiVoA3KuF04kGLiFDkD9El4FpRD/rJuhFuBwSlK', NULL, '2024-03-02 17:44:39', '2024-03-02 17:44:39');

-- --------------------------------------------------------

--
-- بنية الجدول `virtual_accounts`
--

CREATE TABLE `virtual_accounts` (
  `id` int(11) NOT NULL,
  `bank` int(12) DEFAULT NULL,
  `treasury` int(12) DEFAULT NULL,
  `sale` int(12) DEFAULT NULL,
  `returnsale` int(12) DEFAULT NULL,
  `purch` int(12) DEFAULT NULL,
  `returnpuch` int(12) DEFAULT NULL,
  `costcenter` int(12) DEFAULT NULL,
  `orgID` int(12) DEFAULT NULL,
  `userID` int(12) DEFAULT NULL
) ENGINE=InnoDB DEFAULT CHARSET=utf8mb4 COLLATE=utf8mb4_general_ci;

--
-- إرجاع أو استيراد بيانات الجدول `virtual_accounts`
--

INSERT INTO `virtual_accounts` (`id`, `bank`, `treasury`, `sale`, `returnsale`, `purch`, `returnpuch`, `costcenter`, `orgID`, `userID`) VALUES
(1, 122001, 121001, 411, 412, 511, 512, 1, 1, 1),
(2, 122001, 121001, 411, 412, 511, 512, 1, 2, 2),
(3, 122001, 121001, 411, 412, 511, 512, 1, 3, 3),
(4, 122001, 121001, 411, 412, 511, 512, 1, 4, 4),
(5, 122, 121, 411, 412, 511, 512, 1, 2, 5),
(6, 122, 121, 411, 412, 511, 512, 1, 2, 6),
(7, 122, 121, 411, 412, 511, 512, 1, 2, 7),
(8, 122001, 121001, 411, 412, 511, 512, 1, 5, 8),
(9, 122001, 121001, 411, 412, 511, 512, 1, 6, 9),
(10, 122001, 121001, 411, 412, 511, 512, 1, 7, 10),
(11, 122001, 121001, 411, 412, 511, 512, 1, 8, 11),
(12, 122001, 121001, 411, 412, 511, 512, 1, 9, 12);

-- --------------------------------------------------------

--
-- بنية الجدول `virtual_customers`
--

CREATE TABLE `virtual_customers` (
  `id` int(11) NOT NULL,
  `orgID` int(12) NOT NULL,
  `branchID` int(12) NOT NULL,
  `userID` int(12) DEFAULT NULL,
  `name` varchar(255) DEFAULT NULL,
  `phone` varchar(255) DEFAULT NULL,
  `vatNo` varchar(255) DEFAULT NULL,
  `area` varchar(255) DEFAULT NULL,
  `city` varchar(255) DEFAULT NULL,
  `addressAr` varchar(255) DEFAULT NULL,
  `addressEn` varchar(255) DEFAULT NULL,
  `district` varchar(255) DEFAULT NULL
) ENGINE=InnoDB DEFAULT CHARSET=utf8mb4 COLLATE=utf8mb4_general_ci;

--
-- إرجاع أو استيراد بيانات الجدول `virtual_customers`
--

INSERT INTO `virtual_customers` (`id`, `orgID`, `branchID`, `userID`, `name`, `phone`, `vatNo`, `area`, `city`, `addressAr`, `addressEn`, `district`) VALUES
(7, 5, 1, 1, 'dhiaa mohammed', '0560896483', NULL, NULL, NULL, NULL, NULL, NULL),
(8, 5, 6, 1, 'yyyy', '7887878787', NULL, NULL, NULL, NULL, NULL, NULL),
(9, 5, 6, 1, 'dhiaa', '33333333333', NULL, NULL, NULL, NULL, NULL, NULL),
(10, 1, 1, 1, NULL, NULL, NULL, NULL, NULL, NULL, NULL, NULL),
(11, 5, 1, 1, NULL, NULL, NULL, NULL, NULL, NULL, NULL, NULL),
(12, 5, 1, 1, 'sssssssssss', 'ssssssssssssssssss', NULL, NULL, NULL, NULL, NULL, NULL),
(13, 5, 1, 1, 'ddddddddddddd', 'd44444444444444', NULL, NULL, NULL, NULL, NULL, NULL),
(14, 5, 6, 1, 'ssssssssssss', 'ssssssssss', NULL, NULL, NULL, NULL, NULL, NULL),
(15, 5, 6, 1, 'ssssssssssss', '50000000', NULL, NULL, NULL, NULL, NULL, NULL),
(16, 5, 6, 1, '3ddsdsd', '44444444444', NULL, NULL, NULL, NULL, NULL, NULL),
(17, 1, 1, 1, 'sssssssssss', '67236277632', NULL, NULL, NULL, NULL, NULL, NULL),
(18, 5, 6, 1, 'ضياء', '54466446499', NULL, NULL, NULL, NULL, NULL, NULL),
(19, 5, 6, 1, 'Tt', '454554548', NULL, NULL, NULL, NULL, NULL, NULL),
(20, 1, 1, 1, 'ضياء', '464646', NULL, NULL, NULL, NULL, NULL, NULL),
(21, 1, 1, 1, 'sdmjkd', '4939678567843', NULL, NULL, NULL, NULL, NULL, NULL),
(22, 1, 1, 1, 'jktjk', '4343434', NULL, NULL, NULL, NULL, NULL, NULL),
(23, 1, 1, 1, 'ddd', 'dddddddddddd', NULL, NULL, NULL, NULL, NULL, NULL),
(24, 1, 1, 1, '2434324', '3245235', NULL, NULL, NULL, NULL, NULL, NULL),
(25, 1, 1, 1, 'ddd', 'dddddddddd', NULL, NULL, NULL, NULL, NULL, NULL),
(26, 5, 6, 1, 'weeeeeeeeee', '345738426528', NULL, NULL, NULL, NULL, NULL, NULL),
(27, 1, 1, 1, 'uliui', '677777777', NULL, NULL, NULL, NULL, NULL, NULL),
(28, 5, 6, 1, 'moblie', '0533166742', NULL, NULL, NULL, NULL, NULL, NULL),
(29, 1, 1, 1, 'moblie', '0533166742', NULL, NULL, NULL, NULL, NULL, NULL);

-- --------------------------------------------------------

--
-- بنية الجدول `volumes`
--

CREATE TABLE `volumes` (
  `id` int(11) NOT NULL,
  `orgID` int(12) NOT NULL,
  `branchID` int(12) NOT NULL,
  `userID` int(12) NOT NULL,
  `ProdectID` int(12) NOT NULL,
  `nameprodect` varchar(12) DEFAULT NULL,
  `VolumdetalsID` int(12) NOT NULL,
  `desc` text DEFAULT NULL,
  `countVol` varchar(255) DEFAULT NULL,
  `totalPrice` varchar(255) DEFAULT NULL,
  `totalcost` varchar(255) DEFAULT NULL,
  `totalguenty` varchar(255) DEFAULT NULL,
  `costvol` varchar(255) DEFAULT NULL
) ENGINE=InnoDB DEFAULT CHARSET=utf8mb4 COLLATE=utf8mb4_general_ci;

--
-- إرجاع أو استيراد بيانات الجدول `volumes`
--

INSERT INTO `volumes` (`id`, `orgID`, `branchID`, `userID`, `ProdectID`, `nameprodect`, `VolumdetalsID`, `desc`, `countVol`, `totalPrice`, `totalcost`, `totalguenty`, `costvol`) VALUES
(17, 1, 1, 1, 12, 'حليب', 0, NULL, '1', '1.0000', '1.0000', '1', '1.00');

-- --------------------------------------------------------

--
-- بنية الجدول `volume_details`
--

CREATE TABLE `volume_details` (
  `id` int(11) NOT NULL,
  `orgID` int(12) NOT NULL,
  `ProdectId` int(12) NOT NULL,
  `Quantity` float(12,2) DEFAULT NULL,
  `VolumeID` varchar(12) DEFAULT NULL,
  `QuantityTotal` varchar(12) DEFAULT NULL,
  `unit` varchar(255) DEFAULT NULL,
  `coststore` varchar(255) DEFAULT NULL,
  `unitID` int(12) DEFAULT NULL
) ENGINE=InnoDB DEFAULT CHARSET=utf8mb4 COLLATE=utf8mb4_general_ci;

--
-- إرجاع أو استيراد بيانات الجدول `volume_details`
--

INSERT INTO `volume_details` (`id`, `orgID`, `ProdectId`, `Quantity`, `VolumeID`, `QuantityTotal`, `unit`, `coststore`, `unitID`) VALUES
(69, 1, 13, 1.00, '17', '1', 'جرام', '1', 17);

--
-- Indexes for dumped tables
--

--
-- Indexes for table `accounting_guides`
--
ALTER TABLE `accounting_guides`
  ADD PRIMARY KEY (`id`);

--
-- Indexes for table `allowances`
--
ALTER TABLE `allowances`
  ADD PRIMARY KEY (`id`);

--
-- Indexes for table `arrangements`
--
ALTER TABLE `arrangements`
  ADD PRIMARY KEY (`id`);

--
-- Indexes for table `arrangement_details`
--
ALTER TABLE `arrangement_details`
  ADD PRIMARY KEY (`id`);

--
-- Indexes for table `attendance`
--
ALTER TABLE `attendance`
  ADD PRIMARY KEY (`id`);

--
-- Indexes for table `banks`
--
ALTER TABLE `banks`
  ADD PRIMARY KEY (`id`);

--
-- Indexes for table `banners`
--
ALTER TABLE `banners`
  ADD PRIMARY KEY (`id`);

--
-- Indexes for table `branches`
--
ALTER TABLE `branches`
  ADD PRIMARY KEY (`id`);

--
-- Indexes for table `contracts`
--
ALTER TABLE `contracts`
  ADD PRIMARY KEY (`id`);

--
-- Indexes for table `costcenteers`
--
ALTER TABLE `costcenteers`
  ADD PRIMARY KEY (`id`);

--
-- Indexes for table `cost_stores`
--
ALTER TABLE `cost_stores`
  ADD PRIMARY KEY (`id`);

--
-- Indexes for table `credorderdetails`
--
ALTER TABLE `credorderdetails`
  ADD PRIMARY KEY (`id`);

--
-- Indexes for table `credorders`
--
ALTER TABLE `credorders`
  ADD PRIMARY KEY (`id`);

--
-- Indexes for table `custodies`
--
ALTER TABLE `custodies`
  ADD PRIMARY KEY (`id`);

--
-- Indexes for table `customerpayments`
--
ALTER TABLE `customerpayments`
  ADD PRIMARY KEY (`id`);

--
-- Indexes for table `customers`
--
ALTER TABLE `customers`
  ADD PRIMARY KEY (`id`);

--
-- Indexes for table `debitorderdetails`
--
ALTER TABLE `debitorderdetails`
  ADD PRIMARY KEY (`id`);

--
-- Indexes for table `debitorders`
--
ALTER TABLE `debitorders`
  ADD PRIMARY KEY (`id`);

--
-- Indexes for table `departments`
--
ALTER TABLE `departments`
  ADD PRIMARY KEY (`id`);

--
-- Indexes for table `depot_stores`
--
ALTER TABLE `depot_stores`
  ADD PRIMARY KEY (`id`);

--
-- Indexes for table `doctypes`
--
ALTER TABLE `doctypes`
  ADD PRIMARY KEY (`id`);

--
-- Indexes for table `documents`
--
ALTER TABLE `documents`
  ADD PRIMARY KEY (`id`);

--
-- Indexes for table `drivethrus`
--
ALTER TABLE `drivethrus`
  ADD PRIMARY KEY (`id`);

--
-- Indexes for table `durations`
--
ALTER TABLE `durations`
  ADD PRIMARY KEY (`id`);

--
-- Indexes for table `empallowances`
--
ALTER TABLE `empallowances`
  ADD PRIMARY KEY (`id`);

--
-- Indexes for table `employees`
--
ALTER TABLE `employees`
  ADD PRIMARY KEY (`id`);

--
-- Indexes for table `extras`
--
ALTER TABLE `extras`
  ADD PRIMARY KEY (`id`);

--
-- Indexes for table `extrasdetials`
--
ALTER TABLE `extrasdetials`
  ADD PRIMARY KEY (`id`);

--
-- Indexes for table `failed_jobs`
--
ALTER TABLE `failed_jobs`
  ADD PRIMARY KEY (`id`),
  ADD UNIQUE KEY `failed_jobs_uuid_unique` (`uuid`);

--
-- Indexes for table `incom_transfers`
--
ALTER TABLE `incom_transfers`
  ADD PRIMARY KEY (`id`);

--
-- Indexes for table `incom_transfers_detials`
--
ALTER TABLE `incom_transfers_detials`
  ADD PRIMARY KEY (`id`);

--
-- Indexes for table `invoices`
--
ALTER TABLE `invoices`
  ADD PRIMARY KEY (`id`);

--
-- Indexes for table `invs`
--
ALTER TABLE `invs`
  ADD PRIMARY KEY (`id`);

--
-- Indexes for table `jobs`
--
ALTER TABLE `jobs`
  ADD PRIMARY KEY (`id`);

--
-- Indexes for table `journals`
--
ALTER TABLE `journals`
  ADD PRIMARY KEY (`id`),
  ADD KEY `id` (`id`);

--
-- Indexes for table `journal_subs`
--
ALTER TABLE `journal_subs`
  ADD PRIMARY KEY (`id`),
  ADD KEY `journalID` (`journalID`),
  ADD KEY `journalID_2` (`journalID`);

--
-- Indexes for table `kitchens`
--
ALTER TABLE `kitchens`
  ADD PRIMARY KEY (`id`);

--
-- Indexes for table `manufacturdetials`
--
ALTER TABLE `manufacturdetials`
  ADD PRIMARY KEY (`id`);

--
-- Indexes for table `manufacturs`
--
ALTER TABLE `manufacturs`
  ADD PRIMARY KEY (`id`);

--
-- Indexes for table `migrations`
--
ALTER TABLE `migrations`
  ADD PRIMARY KEY (`id`);

--
-- Indexes for table `movements`
--
ALTER TABLE `movements`
  ADD PRIMARY KEY (`id`);

--
-- Indexes for table `offerprice`
--
ALTER TABLE `offerprice`
  ADD PRIMARY KEY (`id`);

--
-- Indexes for table `offerpricedetails`
--
ALTER TABLE `offerpricedetails`
  ADD PRIMARY KEY (`id`);

--
-- Indexes for table `opening_balances`
--
ALTER TABLE `opening_balances`
  ADD PRIMARY KEY (`id`);

--
-- Indexes for table `orderdetails`
--
ALTER TABLE `orderdetails`
  ADD PRIMARY KEY (`id`);

--
-- Indexes for table `orderinv_details`
--
ALTER TABLE `orderinv_details`
  ADD PRIMARY KEY (`id`);

--
-- Indexes for table `orders`
--
ALTER TABLE `orders`
  ADD PRIMARY KEY (`id`);

--
-- Indexes for table `order_invs`
--
ALTER TABLE `order_invs`
  ADD PRIMARY KEY (`id`);

--
-- Indexes for table `organizations`
--
ALTER TABLE `organizations`
  ADD PRIMARY KEY (`id`);

--
-- Indexes for table `orgsubs`
--
ALTER TABLE `orgsubs`
  ADD PRIMARY KEY (`id`);

--
-- Indexes for table `outcomecategories`
--
ALTER TABLE `outcomecategories`
  ADD PRIMARY KEY (`id`);

--
-- Indexes for table `outcomes`
--
ALTER TABLE `outcomes`
  ADD PRIMARY KEY (`id`);

--
-- Indexes for table `pagecategories`
--
ALTER TABLE `pagecategories`
  ADD PRIMARY KEY (`id`);

--
-- Indexes for table `pages`
--
ALTER TABLE `pages`
  ADD PRIMARY KEY (`id`);

--
-- Indexes for table `password_resets`
--
ALTER TABLE `password_resets`
  ADD KEY `password_resets_email_index` (`email`);

--
-- Indexes for table `password_reset_tokens`
--
ALTER TABLE `password_reset_tokens`
  ADD PRIMARY KEY (`email`);

--
-- Indexes for table `payrolls`
--
ALTER TABLE `payrolls`
  ADD PRIMARY KEY (`id`);

--
-- Indexes for table `permissions`
--
ALTER TABLE `permissions`
  ADD PRIMARY KEY (`id`);

--
-- Indexes for table `personal_access_tokens`
--
ALTER TABLE `personal_access_tokens`
  ADD PRIMARY KEY (`id`),
  ADD UNIQUE KEY `personal_access_tokens_token_unique` (`token`),
  ADD KEY `personal_access_tokens_tokenable_type_tokenable_id_index` (`tokenable_type`,`tokenable_id`);

--
-- Indexes for table `prodcategories`
--
ALTER TABLE `prodcategories`
  ADD PRIMARY KEY (`id`);

--
-- Indexes for table `prodextras`
--
ALTER TABLE `prodextras`
  ADD PRIMARY KEY (`id`);

--
-- Indexes for table `products`
--
ALTER TABLE `products`
  ADD PRIMARY KEY (`id`);

--
-- Indexes for table `produnits`
--
ALTER TABLE `produnits`
  ADD PRIMARY KEY (`id`);

--
-- Indexes for table `profile_inf_companies`
--
ALTER TABLE `profile_inf_companies`
  ADD PRIMARY KEY (`id`);

--
-- Indexes for table `profile_inf_contacts`
--
ALTER TABLE `profile_inf_contacts`
  ADD PRIMARY KEY (`id`);

--
-- Indexes for table `profile_inf_services`
--
ALTER TABLE `profile_inf_services`
  ADD PRIMARY KEY (`id`);

--
-- Indexes for table `purchasedetails`
--
ALTER TABLE `purchasedetails`
  ADD PRIMARY KEY (`id`);

--
-- Indexes for table `purchases`
--
ALTER TABLE `purchases`
  ADD PRIMARY KEY (`id`);

--
-- Indexes for table `report_data`
--
ALTER TABLE `report_data`
  ADD PRIMARY KEY (`id`);

--
-- Indexes for table `responses`
--
ALTER TABLE `responses`
  ADD PRIMARY KEY (`id`);

--
-- Indexes for table `roles`
--
ALTER TABLE `roles`
  ADD PRIMARY KEY (`id`);

--
-- Indexes for table `rout_accounts`
--
ALTER TABLE `rout_accounts`
  ADD PRIMARY KEY (`id`);

--
-- Indexes for table `salaries`
--
ALTER TABLE `salaries`
  ADD PRIMARY KEY (`id`);

--
-- Indexes for table `shifts`
--
ALTER TABLE `shifts`
  ADD PRIMARY KEY (`id`);

--
-- Indexes for table `sorderdetails`
--
ALTER TABLE `sorderdetails`
  ADD PRIMARY KEY (`id`);

--
-- Indexes for table `sorders`
--
ALTER TABLE `sorders`
  ADD PRIMARY KEY (`id`);

--
-- Indexes for table `stockinout`
--
ALTER TABLE `stockinout`
  ADD PRIMARY KEY (`id`);

--
-- Indexes for table `stockinoutdetails`
--
ALTER TABLE `stockinoutdetails`
  ADD PRIMARY KEY (`id`);

--
-- Indexes for table `stockitems`
--
ALTER TABLE `stockitems`
  ADD PRIMARY KEY (`id`);

--
-- Indexes for table `stocks`
--
ALTER TABLE `stocks`
  ADD PRIMARY KEY (`id`);

--
-- Indexes for table `store_conversiondetails`
--
ALTER TABLE `store_conversiondetails`
  ADD PRIMARY KEY (`id`);

--
-- Indexes for table `store_conversions`
--
ALTER TABLE `store_conversions`
  ADD PRIMARY KEY (`id`);

--
-- Indexes for table `subs`
--
ALTER TABLE `subs`
  ADD PRIMARY KEY (`id`);

--
-- Indexes for table `subscribtions`
--
ALTER TABLE `subscribtions`
  ADD PRIMARY KEY (`id`);

--
-- Indexes for table `supplierpayments`
--
ALTER TABLE `supplierpayments`
  ADD PRIMARY KEY (`id`);

--
-- Indexes for table `suppliers`
--
ALTER TABLE `suppliers`
  ADD PRIMARY KEY (`id`);

--
-- Indexes for table `tainteds`
--
ALTER TABLE `tainteds`
  ADD PRIMARY KEY (`id`);

--
-- Indexes for table `tainted_details`
--
ALTER TABLE `tainted_details`
  ADD PRIMARY KEY (`id`);

--
-- Indexes for table `tbls`
--
ALTER TABLE `tbls`
  ADD PRIMARY KEY (`id`);

--
-- Indexes for table `temporderdetails`
--
ALTER TABLE `temporderdetails`
  ADD PRIMARY KEY (`id`);

--
-- Indexes for table `temporders`
--
ALTER TABLE `temporders`
  ADD PRIMARY KEY (`id`);

--
-- Indexes for table `treasuries`
--
ALTER TABLE `treasuries`
  ADD PRIMARY KEY (`id`);

--
-- Indexes for table `units`
--
ALTER TABLE `units`
  ADD PRIMARY KEY (`id`);

--
-- Indexes for table `users`
--
ALTER TABLE `users`
  ADD PRIMARY KEY (`id`),
  ADD UNIQUE KEY `users_email_unique` (`email`);

--
-- Indexes for table `virtual_accounts`
--
ALTER TABLE `virtual_accounts`
  ADD PRIMARY KEY (`id`);

--
-- Indexes for table `virtual_customers`
--
ALTER TABLE `virtual_customers`
  ADD PRIMARY KEY (`id`);

--
-- Indexes for table `volumes`
--
ALTER TABLE `volumes`
  ADD PRIMARY KEY (`id`);

--
-- Indexes for table `volume_details`
--
ALTER TABLE `volume_details`
  ADD PRIMARY KEY (`id`);

--
-- AUTO_INCREMENT for dumped tables
--

--
-- AUTO_INCREMENT for table `accounting_guides`
--
ALTER TABLE `accounting_guides`
  MODIFY `id` int(11) NOT NULL AUTO_INCREMENT, AUTO_INCREMENT=370;

--
-- AUTO_INCREMENT for table `allowances`
--
ALTER TABLE `allowances`
  MODIFY `id` bigint(20) UNSIGNED NOT NULL AUTO_INCREMENT;

--
-- AUTO_INCREMENT for table `arrangements`
--
ALTER TABLE `arrangements`
  MODIFY `id` int(12) NOT NULL AUTO_INCREMENT, AUTO_INCREMENT=3;

--
-- AUTO_INCREMENT for table `arrangement_details`
--
ALTER TABLE `arrangement_details`
  MODIFY `id` int(12) NOT NULL AUTO_INCREMENT, AUTO_INCREMENT=3;

--
-- AUTO_INCREMENT for table `attendance`
--
ALTER TABLE `attendance`
  MODIFY `id` bigint(20) UNSIGNED NOT NULL AUTO_INCREMENT;

--
-- AUTO_INCREMENT for table `banks`
--
ALTER TABLE `banks`
  MODIFY `id` int(11) NOT NULL AUTO_INCREMENT, AUTO_INCREMENT=11;

--
-- AUTO_INCREMENT for table `banners`
--
ALTER TABLE `banners`
  MODIFY `id` bigint(20) UNSIGNED NOT NULL AUTO_INCREMENT, AUTO_INCREMENT=4;

--
-- AUTO_INCREMENT for table `branches`
--
ALTER TABLE `branches`
  MODIFY `id` bigint(20) UNSIGNED NOT NULL AUTO_INCREMENT, AUTO_INCREMENT=11;

--
-- AUTO_INCREMENT for table `contracts`
--
ALTER TABLE `contracts`
  MODIFY `id` bigint(20) UNSIGNED NOT NULL AUTO_INCREMENT;

--
-- AUTO_INCREMENT for table `costcenteers`
--
ALTER TABLE `costcenteers`
  MODIFY `id` int(11) NOT NULL AUTO_INCREMENT, AUTO_INCREMENT=10;

--
-- AUTO_INCREMENT for table `cost_stores`
--
ALTER TABLE `cost_stores`
  MODIFY `id` int(12) NOT NULL AUTO_INCREMENT;

--
-- AUTO_INCREMENT for table `credorderdetails`
--
ALTER TABLE `credorderdetails`
  MODIFY `id` bigint(20) UNSIGNED NOT NULL AUTO_INCREMENT, AUTO_INCREMENT=3;

--
-- AUTO_INCREMENT for table `credorders`
--
ALTER TABLE `credorders`
  MODIFY `id` bigint(20) UNSIGNED NOT NULL AUTO_INCREMENT, AUTO_INCREMENT=3;

--
-- AUTO_INCREMENT for table `custodies`
--
ALTER TABLE `custodies`
  MODIFY `id` bigint(20) UNSIGNED NOT NULL AUTO_INCREMENT;

--
-- AUTO_INCREMENT for table `customerpayments`
--
ALTER TABLE `customerpayments`
  MODIFY `id` bigint(20) UNSIGNED NOT NULL AUTO_INCREMENT;

--
-- AUTO_INCREMENT for table `customers`
--
ALTER TABLE `customers`
  MODIFY `id` bigint(20) UNSIGNED NOT NULL AUTO_INCREMENT, AUTO_INCREMENT=13;

--
-- AUTO_INCREMENT for table `debitorderdetails`
--
ALTER TABLE `debitorderdetails`
  MODIFY `id` bigint(20) UNSIGNED NOT NULL AUTO_INCREMENT, AUTO_INCREMENT=3;

--
-- AUTO_INCREMENT for table `debitorders`
--
ALTER TABLE `debitorders`
  MODIFY `id` bigint(20) UNSIGNED NOT NULL AUTO_INCREMENT, AUTO_INCREMENT=3;

--
-- AUTO_INCREMENT for table `departments`
--
ALTER TABLE `departments`
  MODIFY `id` bigint(20) UNSIGNED NOT NULL AUTO_INCREMENT;

--
-- AUTO_INCREMENT for table `depot_stores`
--
ALTER TABLE `depot_stores`
  MODIFY `id` int(11) NOT NULL AUTO_INCREMENT, AUTO_INCREMENT=15;

--
-- AUTO_INCREMENT for table `doctypes`
--
ALTER TABLE `doctypes`
  MODIFY `id` bigint(20) UNSIGNED NOT NULL AUTO_INCREMENT;

--
-- AUTO_INCREMENT for table `documents`
--
ALTER TABLE `documents`
  MODIFY `id` bigint(20) UNSIGNED NOT NULL AUTO_INCREMENT;

--
-- AUTO_INCREMENT for table `drivethrus`
--
ALTER TABLE `drivethrus`
  MODIFY `id` bigint(20) UNSIGNED NOT NULL AUTO_INCREMENT, AUTO_INCREMENT=4;

--
-- AUTO_INCREMENT for table `durations`
--
ALTER TABLE `durations`
  MODIFY `id` bigint(20) UNSIGNED NOT NULL AUTO_INCREMENT, AUTO_INCREMENT=22;

--
-- AUTO_INCREMENT for table `empallowances`
--
ALTER TABLE `empallowances`
  MODIFY `id` bigint(20) UNSIGNED NOT NULL AUTO_INCREMENT;

--
-- AUTO_INCREMENT for table `employees`
--
ALTER TABLE `employees`
  MODIFY `id` bigint(20) UNSIGNED NOT NULL AUTO_INCREMENT;

--
-- AUTO_INCREMENT for table `extras`
--
ALTER TABLE `extras`
  MODIFY `id` bigint(20) UNSIGNED NOT NULL AUTO_INCREMENT, AUTO_INCREMENT=2;

--
-- AUTO_INCREMENT for table `extrasdetials`
--
ALTER TABLE `extrasdetials`
  MODIFY `id` bigint(20) UNSIGNED NOT NULL AUTO_INCREMENT;

--
-- AUTO_INCREMENT for table `failed_jobs`
--
ALTER TABLE `failed_jobs`
  MODIFY `id` bigint(20) UNSIGNED NOT NULL AUTO_INCREMENT;

--
-- AUTO_INCREMENT for table `incom_transfers`
--
ALTER TABLE `incom_transfers`
  MODIFY `id` int(12) NOT NULL AUTO_INCREMENT, AUTO_INCREMENT=18;

--
-- AUTO_INCREMENT for table `incom_transfers_detials`
--
ALTER TABLE `incom_transfers_detials`
  MODIFY `id` int(12) NOT NULL AUTO_INCREMENT, AUTO_INCREMENT=18;

--
-- AUTO_INCREMENT for table `invoices`
--
ALTER TABLE `invoices`
  MODIFY `id` bigint(20) UNSIGNED NOT NULL AUTO_INCREMENT, AUTO_INCREMENT=6;

--
-- AUTO_INCREMENT for table `invs`
--
ALTER TABLE `invs`
  MODIFY `id` int(11) NOT NULL AUTO_INCREMENT, AUTO_INCREMENT=10;

--
-- AUTO_INCREMENT for table `jobs`
--
ALTER TABLE `jobs`
  MODIFY `id` bigint(20) UNSIGNED NOT NULL AUTO_INCREMENT;

--
-- AUTO_INCREMENT for table `journals`
--
ALTER TABLE `journals`
  MODIFY `id` int(11) NOT NULL AUTO_INCREMENT;

--
-- AUTO_INCREMENT for table `journal_subs`
--
ALTER TABLE `journal_subs`
  MODIFY `id` int(11) NOT NULL AUTO_INCREMENT;

--
-- AUTO_INCREMENT for table `kitchens`
--
ALTER TABLE `kitchens`
  MODIFY `id` bigint(20) UNSIGNED NOT NULL AUTO_INCREMENT, AUTO_INCREMENT=11;

--
-- AUTO_INCREMENT for table `manufacturdetials`
--
ALTER TABLE `manufacturdetials`
  MODIFY `id` int(11) NOT NULL AUTO_INCREMENT, AUTO_INCREMENT=18;

--
-- AUTO_INCREMENT for table `manufacturs`
--
ALTER TABLE `manufacturs`
  MODIFY `id` int(12) NOT NULL AUTO_INCREMENT, AUTO_INCREMENT=4;

--
-- AUTO_INCREMENT for table `migrations`
--
ALTER TABLE `migrations`
  MODIFY `id` int(10) UNSIGNED NOT NULL AUTO_INCREMENT;

--
-- AUTO_INCREMENT for table `movements`
--
ALTER TABLE `movements`
  MODIFY `id` bigint(20) UNSIGNED NOT NULL AUTO_INCREMENT;

--
-- AUTO_INCREMENT for table `offerprice`
--
ALTER TABLE `offerprice`
  MODIFY `id` bigint(20) UNSIGNED NOT NULL AUTO_INCREMENT;

--
-- AUTO_INCREMENT for table `offerpricedetails`
--
ALTER TABLE `offerpricedetails`
  MODIFY `id` bigint(20) UNSIGNED NOT NULL AUTO_INCREMENT;

--
-- AUTO_INCREMENT for table `opening_balances`
--
ALTER TABLE `opening_balances`
  MODIFY `id` int(11) NOT NULL AUTO_INCREMENT;

--
-- AUTO_INCREMENT for table `orderdetails`
--
ALTER TABLE `orderdetails`
  MODIFY `id` bigint(20) UNSIGNED NOT NULL AUTO_INCREMENT, AUTO_INCREMENT=13;

--
-- AUTO_INCREMENT for table `orderinv_details`
--
ALTER TABLE `orderinv_details`
  MODIFY `id` bigint(20) UNSIGNED NOT NULL AUTO_INCREMENT, AUTO_INCREMENT=4;

--
-- AUTO_INCREMENT for table `orders`
--
ALTER TABLE `orders`
  MODIFY `id` bigint(20) UNSIGNED NOT NULL AUTO_INCREMENT, AUTO_INCREMENT=11;

--
-- AUTO_INCREMENT for table `order_invs`
--
ALTER TABLE `order_invs`
  MODIFY `id` bigint(20) UNSIGNED NOT NULL AUTO_INCREMENT, AUTO_INCREMENT=4;

--
-- AUTO_INCREMENT for table `organizations`
--
ALTER TABLE `organizations`
  MODIFY `id` bigint(20) UNSIGNED NOT NULL AUTO_INCREMENT, AUTO_INCREMENT=10;

--
-- AUTO_INCREMENT for table `orgsubs`
--
ALTER TABLE `orgsubs`
  MODIFY `id` bigint(20) UNSIGNED NOT NULL AUTO_INCREMENT;

--
-- AUTO_INCREMENT for table `outcomecategories`
--
ALTER TABLE `outcomecategories`
  MODIFY `id` bigint(20) UNSIGNED NOT NULL AUTO_INCREMENT, AUTO_INCREMENT=4;

--
-- AUTO_INCREMENT for table `outcomes`
--
ALTER TABLE `outcomes`
  MODIFY `id` bigint(20) UNSIGNED NOT NULL AUTO_INCREMENT, AUTO_INCREMENT=2;

--
-- AUTO_INCREMENT for table `pagecategories`
--
ALTER TABLE `pagecategories`
  MODIFY `id` bigint(20) UNSIGNED NOT NULL AUTO_INCREMENT, AUTO_INCREMENT=14;

--
-- AUTO_INCREMENT for table `pages`
--
ALTER TABLE `pages`
  MODIFY `id` bigint(20) UNSIGNED NOT NULL AUTO_INCREMENT, AUTO_INCREMENT=81;

--
-- AUTO_INCREMENT for table `payrolls`
--
ALTER TABLE `payrolls`
  MODIFY `id` bigint(20) UNSIGNED NOT NULL AUTO_INCREMENT;

--
-- AUTO_INCREMENT for table `permissions`
--
ALTER TABLE `permissions`
  MODIFY `id` bigint(20) UNSIGNED NOT NULL AUTO_INCREMENT, AUTO_INCREMENT=755;

--
-- AUTO_INCREMENT for table `personal_access_tokens`
--
ALTER TABLE `personal_access_tokens`
  MODIFY `id` bigint(20) UNSIGNED NOT NULL AUTO_INCREMENT;

--
-- AUTO_INCREMENT for table `prodcategories`
--
ALTER TABLE `prodcategories`
  MODIFY `id` bigint(20) UNSIGNED NOT NULL AUTO_INCREMENT, AUTO_INCREMENT=21;

--
-- AUTO_INCREMENT for table `prodextras`
--
ALTER TABLE `prodextras`
  MODIFY `id` bigint(20) UNSIGNED NOT NULL AUTO_INCREMENT;

--
-- AUTO_INCREMENT for table `products`
--
ALTER TABLE `products`
  MODIFY `id` bigint(20) UNSIGNED NOT NULL AUTO_INCREMENT, AUTO_INCREMENT=27;

--
-- AUTO_INCREMENT for table `produnits`
--
ALTER TABLE `produnits`
  MODIFY `id` bigint(20) UNSIGNED NOT NULL AUTO_INCREMENT, AUTO_INCREMENT=91;

--
-- AUTO_INCREMENT for table `profile_inf_companies`
--
ALTER TABLE `profile_inf_companies`
  MODIFY `id` int(11) NOT NULL AUTO_INCREMENT, AUTO_INCREMENT=3;

--
-- AUTO_INCREMENT for table `profile_inf_contacts`
--
ALTER TABLE `profile_inf_contacts`
  MODIFY `id` int(11) NOT NULL AUTO_INCREMENT;

--
-- AUTO_INCREMENT for table `profile_inf_services`
--
ALTER TABLE `profile_inf_services`
  MODIFY `id` int(11) NOT NULL AUTO_INCREMENT, AUTO_INCREMENT=2;

--
-- AUTO_INCREMENT for table `purchasedetails`
--
ALTER TABLE `purchasedetails`
  MODIFY `id` bigint(20) UNSIGNED NOT NULL AUTO_INCREMENT, AUTO_INCREMENT=5;

--
-- AUTO_INCREMENT for table `purchases`
--
ALTER TABLE `purchases`
  MODIFY `id` bigint(20) UNSIGNED NOT NULL AUTO_INCREMENT, AUTO_INCREMENT=5;

--
-- AUTO_INCREMENT for table `report_data`
--
ALTER TABLE `report_data`
  MODIFY `id` int(11) NOT NULL AUTO_INCREMENT, AUTO_INCREMENT=370;

--
-- AUTO_INCREMENT for table `responses`
--
ALTER TABLE `responses`
  MODIFY `id` bigint(20) UNSIGNED NOT NULL AUTO_INCREMENT;

--
-- AUTO_INCREMENT for table `roles`
--
ALTER TABLE `roles`
  MODIFY `id` bigint(20) UNSIGNED NOT NULL AUTO_INCREMENT, AUTO_INCREMENT=20;

--
-- AUTO_INCREMENT for table `rout_accounts`
--
ALTER TABLE `rout_accounts`
  MODIFY `id` int(11) NOT NULL AUTO_INCREMENT, AUTO_INCREMENT=13;

--
-- AUTO_INCREMENT for table `salaries`
--
ALTER TABLE `salaries`
  MODIFY `id` bigint(20) UNSIGNED NOT NULL AUTO_INCREMENT;

--
-- AUTO_INCREMENT for table `shifts`
--
ALTER TABLE `shifts`
  MODIFY `id` bigint(20) UNSIGNED NOT NULL AUTO_INCREMENT;

--
-- AUTO_INCREMENT for table `sorderdetails`
--
ALTER TABLE `sorderdetails`
  MODIFY `id` bigint(20) UNSIGNED NOT NULL AUTO_INCREMENT;

--
-- AUTO_INCREMENT for table `sorders`
--
ALTER TABLE `sorders`
  MODIFY `id` bigint(20) UNSIGNED NOT NULL AUTO_INCREMENT;

--
-- AUTO_INCREMENT for table `stockinout`
--
ALTER TABLE `stockinout`
  MODIFY `id` bigint(20) UNSIGNED NOT NULL AUTO_INCREMENT, AUTO_INCREMENT=9;

--
-- AUTO_INCREMENT for table `stockinoutdetails`
--
ALTER TABLE `stockinoutdetails`
  MODIFY `id` bigint(20) UNSIGNED NOT NULL AUTO_INCREMENT, AUTO_INCREMENT=19;

--
-- AUTO_INCREMENT for table `stockitems`
--
ALTER TABLE `stockitems`
  MODIFY `id` bigint(20) UNSIGNED NOT NULL AUTO_INCREMENT, AUTO_INCREMENT=84;

--
-- AUTO_INCREMENT for table `stocks`
--
ALTER TABLE `stocks`
  MODIFY `id` bigint(20) UNSIGNED NOT NULL AUTO_INCREMENT;

--
-- AUTO_INCREMENT for table `store_conversiondetails`
--
ALTER TABLE `store_conversiondetails`
  MODIFY `id` int(12) NOT NULL AUTO_INCREMENT, AUTO_INCREMENT=15;

--
-- AUTO_INCREMENT for table `store_conversions`
--
ALTER TABLE `store_conversions`
  MODIFY `id` int(12) NOT NULL AUTO_INCREMENT, AUTO_INCREMENT=15;

--
-- AUTO_INCREMENT for table `subs`
--
ALTER TABLE `subs`
  MODIFY `id` bigint(20) UNSIGNED NOT NULL AUTO_INCREMENT;

--
-- AUTO_INCREMENT for table `subscribtions`
--
ALTER TABLE `subscribtions`
  MODIFY `id` bigint(20) UNSIGNED NOT NULL AUTO_INCREMENT, AUTO_INCREMENT=10;

--
-- AUTO_INCREMENT for table `supplierpayments`
--
ALTER TABLE `supplierpayments`
  MODIFY `id` bigint(20) UNSIGNED NOT NULL AUTO_INCREMENT;

--
-- AUTO_INCREMENT for table `suppliers`
--
ALTER TABLE `suppliers`
  MODIFY `id` bigint(20) UNSIGNED NOT NULL AUTO_INCREMENT, AUTO_INCREMENT=5;

--
-- AUTO_INCREMENT for table `tainteds`
--
ALTER TABLE `tainteds`
  MODIFY `id` int(12) NOT NULL AUTO_INCREMENT, AUTO_INCREMENT=2;

--
-- AUTO_INCREMENT for table `tainted_details`
--
ALTER TABLE `tainted_details`
  MODIFY `id` int(12) NOT NULL AUTO_INCREMENT, AUTO_INCREMENT=2;

--
-- AUTO_INCREMENT for table `tbls`
--
ALTER TABLE `tbls`
  MODIFY `id` bigint(20) UNSIGNED NOT NULL AUTO_INCREMENT, AUTO_INCREMENT=7;

--
-- AUTO_INCREMENT for table `temporderdetails`
--
ALTER TABLE `temporderdetails`
  MODIFY `id` bigint(20) UNSIGNED NOT NULL AUTO_INCREMENT, AUTO_INCREMENT=115;

--
-- AUTO_INCREMENT for table `temporders`
--
ALTER TABLE `temporders`
  MODIFY `id` bigint(20) UNSIGNED NOT NULL AUTO_INCREMENT, AUTO_INCREMENT=61;

--
-- AUTO_INCREMENT for table `treasuries`
--
ALTER TABLE `treasuries`
  MODIFY `id` int(11) NOT NULL AUTO_INCREMENT, AUTO_INCREMENT=12;

--
-- AUTO_INCREMENT for table `units`
--
ALTER TABLE `units`
  MODIFY `id` bigint(20) UNSIGNED NOT NULL AUTO_INCREMENT, AUTO_INCREMENT=12;

--
-- AUTO_INCREMENT for table `users`
--
ALTER TABLE `users`
  MODIFY `id` bigint(20) UNSIGNED NOT NULL AUTO_INCREMENT, AUTO_INCREMENT=13;

--
-- AUTO_INCREMENT for table `virtual_accounts`
--
ALTER TABLE `virtual_accounts`
  MODIFY `id` int(11) NOT NULL AUTO_INCREMENT, AUTO_INCREMENT=13;

--
-- AUTO_INCREMENT for table `virtual_customers`
--
ALTER TABLE `virtual_customers`
  MODIFY `id` int(11) NOT NULL AUTO_INCREMENT, AUTO_INCREMENT=30;

--
-- AUTO_INCREMENT for table `volumes`
--
ALTER TABLE `volumes`
  MODIFY `id` int(11) NOT NULL AUTO_INCREMENT, AUTO_INCREMENT=18;

--
-- AUTO_INCREMENT for table `volume_details`
--
ALTER TABLE `volume_details`
  MODIFY `id` int(11) NOT NULL AUTO_INCREMENT, AUTO_INCREMENT=70;
COMMIT;

/*!40101 SET CHARACTER_SET_CLIENT=@OLD_CHARACTER_SET_CLIENT */;
/*!40101 SET CHARACTER_SET_RESULTS=@OLD_CHARACTER_SET_RESULTS */;
/*!40101 SET COLLATION_CONNECTION=@OLD_COLLATION_CONNECTION */;
